consumer_id,financial_health_score,engagement_score,essential_spend_ratio,online_spend_ratio,spend_to_income_ratio,credit_utilization_ratio,category_diversity,transaction_recency_days,spending_volatility,observed_months,history_status,ml_cluster,segment_label,assignment_status
KH00100010,70.61666666666666,78.29166666666667,0.3811141755569128,0.1672506132064452,0.59155,0.15510833333333332,14.0,0.0,0.9194638004687573,12,Full History,Cluster_1,Financially Healthy but Disengaged,Model-based
KH00100045,68.48333333333333,77.425,0.47687758854471324,0.19160152983570874,0.6245833333333334,0.14314166666666667,13.833333333333334,0.16666666666666666,1.4446941506545683,12,Full History,Cluster_2,Financially Healthy but Disengaged,Model-based
KH00100050,60.958333333333336,78.7,0.5048527711157729,0.21624688018743152,0.7925166666666668,0.299525,13.75,0.0,1.3591256607229483,12,Full History,Cluster_3,Financially Stretched but Highly Engaged,Model-based
KH00100085,67.51666666666667,80.44166666666666,0.4507353990445504,0.2199867093647635,0.658675,0.16621666666666665,14.0,0.0,1.2903391170158962,12,Full History,Cluster_1,Financially Healthy & Highly Engaged,Model-based
KH00100125,64.30833333333334,82.10000000000001,0.44765548110583225,0.2422232593936751,0.7729416666666666,0.16637500000000002,14.0,0.0,1.448805073614521,12,Full History,Cluster_1,Financially Stretched but Highly Engaged,Model-based
KH00100130,68.625,80.875,0.5232826601632814,0.2174438980735065,0.5279916666666667,0.20562500000000003,14.0,0.0,1.8255700010466605,12,Full History,Cluster_2,Financially Healthy & Highly Engaged,Model-based
KH00100170,68.33333333333333,73.77499999999999,0.5045395874611297,0.21444600850963091,0.7397416666666666,0.20545,12.916666666666666,0.25,1.2916675353221658,12,Full History,Cluster_0,Financially Healthy but Disengaged,Model-based
KH00100210,70.74166666666666,81.51666666666667,0.5223633019034567,0.2332832631727291,0.5285916666666667,0.12480833333333334,14.0,0.0,1.7528720022723074,12,Full History,Cluster_2,Financially Healthy & Highly Engaged,Model-based
KH00100245,70.01666666666667,78.25,0.5159073119281984,0.21081466207345423,0.6547916666666667,0.131525,13.833333333333334,0.25,1.2393031365689742,12,Full History,Cluster_0,Financially Healthy but Disengaged,Model-based
KH00100250,66.86666666666666,76.65833333333333,0.47157623120702935,0.1700365288009167,0.6429833333333334,0.19492500000000001,14.0,0.0,1.456949368349237,12,Full History,Cluster_2,Financially Healthy but Disengaged,Model-based
KH00100285,67.86666666666666,75.46666666666667,0.4838757454948817,0.15216062615701356,0.7062666666666667,0.16108333333333333,13.833333333333334,0.08333333333333333,1.473338841321399,12,Full History,Cluster_2,Financially Healthy but Disengaged,Model-based
KH00100290,64.44166666666666,76.075,0.5017011133094376,0.23405495994060133,0.7464583333333333,0.19038333333333332,13.583333333333334,0.08333333333333333,1.6862331335235972,12,Full History,Cluster_3,Low Engagement & Financially Vulnerable,Model-based
KH00100325,72.34166666666667,81.31666666666666,0.4772709982917278,0.22619924477895,0.5088166666666667,0.13440833333333332,14.0,0.0,1.2728765839343887,12,Full History,Cluster_1,Financially Healthy & Highly Engaged,Model-based
KH00100330,69.01666666666667,78.65833333333333,0.4256279102121631,0.17516355133837944,0.6924166666666666,0.16903333333333334,14.0,0.0,0.8762964232454147,12,Full History,Cluster_1,Financially Healthy & Highly Engaged,Model-based
KH00100370,61.75833333333333,76.79166666666667,0.5173160297763878,0.17857338579436952,0.8486583333333333,0.25548333333333334,13.833333333333334,0.0,1.6537335275600418,12,Full History,Cluster_3,Low Engagement & Financially Vulnerable,Model-based
KH00100405,70.26666666666667,76.08333333333333,0.2953984589952137,0.2527562231877975,0.6476166666666666,0.16578333333333334,13.25,0.0,0.9691257404045661,12,Full History,Cluster_1,Emerging Digital Customers,Model-based
KH00100410,66.45,78.71666666666667,0.5010975987269354,0.1900479397043555,0.6462333333333333,0.17455,13.833333333333334,0.0,1.8696316169393075,12,Full History,Cluster_2,Financially Healthy & Highly Engaged,Model-based
KH00100445,64.31666666666666,79.575,0.5046294596096857,0.20338009310331198,0.8140666666666667,0.17730833333333332,14.0,0.0,1.4025695097226485,12,Full History,Cluster_3,Financially Stretched but Highly Engaged,Model-based
KH00100450,63.824999999999996,82.85833333333333,0.4343169520862429,0.2737319916928352,0.7698916666666666,0.21844166666666665,13.916666666666666,0.0,1.4073569538168804,12,Full History,Cluster_1,Financially Stretched but Highly Engaged,Model-based
KH00100485,68.325,79.68333333333334,0.5330638676876377,0.19877430819007177,0.6377916666666666,0.1950333333333333,13.916666666666666,0.0,1.41839830766612,12,Full History,Cluster_2,Financially Healthy & Highly Engaged,Model-based
KH00100490,62.76666666666667,77.75833333333334,0.4609504668711177,0.2753224108056866,0.8517666666666667,0.22224999999999998,13.333333333333334,0.16666666666666666,1.4054353087630613,12,Full History,Cluster_0,Emerging Digital Customers,Model-based
KH00100525,67.575,75.75,0.5088347285322702,0.158649352283297,0.6687916666666668,0.20945,13.916666666666666,0.08333333333333333,1.4037662659560841,12,Full History,Cluster_2,Financially Healthy but Disengaged,Model-based
KH00100530,70.41666666666667,78.03333333333333,0.5337329230114497,0.17270708077057265,0.5812083333333333,0.1421,14.0,0.0,1.477880466618088,12,Full History,Cluster_2,Financially Healthy but Disengaged,Model-based
KH00100565,69.77499999999999,77.15833333333333,0.53094381604219,0.1932331580127745,0.5803416666666666,0.16695833333333332,13.583333333333334,0.0,1.4212484063561346,12,Full History,Cluster_2,Financially Healthy but Disengaged,Model-based
KH00100570,57.725,79.075,0.5359931360586233,0.20262457824096378,1.044875,0.28949166666666665,13.75,0.0,1.4304800128479116,12,Full History,Cluster_3,Financially Stretched but Highly Engaged,Model-based
KH00100605,67.85833333333333,73.74166666666666,0.3826782192467954,0.2109152848132768,0.559875,0.18219166666666667,13.166666666666666,0.25,1.511623580041922,12,Full History,Cluster_0,Financially Healthy but Disengaged,Model-based
KH00100610,64.27499999999999,83.54166666666667,0.4208847636107628,0.27112955006535894,0.6572,0.2572583333333333,14.0,0.0,1.509818312971621,12,Full History,Cluster_1,Financially Stretched but Highly Engaged,Model-based
KH00100645,68.625,72.98333333333333,0.538412261457795,0.18142682443739044,0.6271166666666667,0.17123333333333335,13.416666666666666,0.16666666666666666,1.4425153428292365,12,Full History,Cluster_0,Financially Healthy but Disengaged,Model-based
KH00100690,70.54166666666667,80.05833333333334,0.49429085765339614,0.21983022159140667,0.4918,0.17581666666666665,13.75,0.08333333333333333,1.696715987503623,12,Full History,Cluster_2,Financially Healthy & Highly Engaged,Model-based
KH00100725,65.30833333333334,78.44166666666666,0.4198768777348762,0.2977605442658429,0.6927083333333334,0.22295833333333334,13.166666666666666,0.16666666666666666,1.3118412126777992,12,Full History,Cluster_0,Emerging Digital Customers,Model-based
KH00100730,69.15833333333333,78.40833333333333,0.5340096886520699,0.16828570162304754,0.6521916666666666,0.1421,14.0,0.0,2.0663560330574184,12,Full History,Cluster_2,Financially Healthy but Disengaged,Model-based
KH00100765,59.26666666666667,76.19166666666666,0.4759567093880643,0.16729843730213556,0.8038833333333333,0.3148166666666667,13.916666666666666,0.0,1.6676016064944028,12,Full History,Cluster_3,Low Engagement & Financially Vulnerable,Model-based
KH00100770,65.375,72.575,0.4981062206687917,0.16067143335966796,0.7947416666666666,0.190975,13.583333333333334,0.0,1.216803344213768,12,Full History,Cluster_0,Low Engagement & Financially Vulnerable,Model-based
KH00100805,67.96666666666667,76.58333333333333,0.5377027297785181,0.18303599533733958,0.69805,0.16480833333333333,13.5,0.0,1.3079002042947965,12,Full History,Cluster_2,Financially Healthy but Disengaged,Model-based
KH00100810,68.38333333333334,75.98333333333333,0.5370661569184835,0.17593912145650595,0.6053000000000001,0.22870000000000001,13.416666666666666,0.08333333333333333,1.2998553944411222,12,Full History,Cluster_0,Financially Healthy but Disengaged,Model-based
KH00100845,70.26666666666667,77.66666666666667,0.5568232743679532,0.17173759244724754,0.5482333333333334,0.16935,13.833333333333334,0.0,1.4834880392315772,12,Full History,Cluster_2,Essential-Spend-Focused Customers,Model-based
KH00100850,75.24166666666666,76.99166666666666,0.5493339661343829,0.1628132382804585,0.40515833333333334,0.12045833333333333,13.666666666666666,0.0,1.4544723242884923,12,Full History,Cluster_2,Financially Healthy but Disengaged,Model-based
KH00100885,68.2,83.60833333333333,0.49776826102719524,0.28241754193770213,0.6087083333333333,0.14018333333333333,14.0,0.0,2.051028838414277,12,Full History,Cluster_2,Financially Healthy & Highly Engaged,Model-based
KH00100890,68.44166666666666,72.85833333333333,0.5373279954637306,0.1879368007148338,0.7204666666666667,0.14889166666666667,13.083333333333334,0.08333333333333333,1.5806481874842548,12,Full History,Cluster_0,Financially Healthy but Disengaged,Model-based
KH00100925,63.00833333333333,82.01666666666667,0.4630094862884527,0.2402831491756111,0.8156333333333333,0.22771666666666668,14.0,0.0,1.3659829725543078,12,Full History,Cluster_3,Financially Stretched but Highly Engaged,Model-based
KH00100930,63.75833333333333,81.35833333333333,0.46515530979217545,0.23660044688986723,0.808925,0.22247499999999998,14.0,0.0,1.5732729933011722,12,Full History,Cluster_3,Financially Stretched but Highly Engaged,Model-based
KH00100965,67.26666666666667,79.14166666666667,0.4646108554973028,0.19518234850521624,0.5778,0.19205833333333333,14.0,0.0,1.796197055288058,12,Full History,Cluster_2,Financially Healthy & Highly Engaged,Model-based
KH00100970,67.71666666666667,77.44166666666668,0.38111370560764257,0.19045287051209855,0.7447416666666666,0.17125833333333332,13.916666666666666,0.0,0.9189870996328094,12,Full History,Cluster_1,Financially Healthy but Disengaged,Model-based
KH00101005,64.34166666666667,77.31666666666666,0.3897363427572175,0.19493003396417993,0.8931999999999999,0.20315833333333333,13.666666666666666,0.08333333333333333,0.8879898896887378,12,Full History,Cluster_1,Low Engagement & Financially Vulnerable,Model-based
KH00101010,63.75,80.90833333333333,0.45745106951165604,0.21836771451058182,0.6910416666666667,0.19904166666666667,14.0,0.0,2.9156175319135405,12,Full History,Cluster_3,Financially Stretched but Highly Engaged,Model-based
KH00101045,65.7,81.97500000000001,0.4407777165419498,0.23981245787774494,0.68965,0.17364166666666667,14.0,0.0,1.512095056707314,12,Full History,Cluster_1,Financially Stretched but Highly Engaged,Model-based
KH00101050,71.45833333333333,78.125,0.5157292024169531,0.173196663586875,0.5254916666666667,0.1422,14.0,0.0,1.634197203568365,12,Full History,Cluster_2,Financially Healthy but Disengaged,Model-based
KH00101085,67.09166666666667,77.76666666666667,0.5095347777393017,0.17098515778138637,0.7088833333333334,0.17231666666666667,14.0,0.16666666666666666,1.554371966783471,12,Full History,Cluster_2,Financially Healthy but Disengaged,Model-based
KH00101090,64.75,79.13333333333334,0.5441613954866388,0.19912738258776871,0.7406583333333333,0.22927499999999998,13.916666666666666,0.0,1.4164778290388276,12,Full History,Cluster_3,Financially Stretched but Highly Engaged,Model-based
KH00101125,68.47500000000001,78.14166666666667,0.3977383792469585,0.20019535330747318,0.6428916666666666,0.19233333333333333,14.0,0.0,0.9234030197687292,12,Full History,Cluster_1,Financially Healthy but Disengaged,Model-based
KH00101130,72.77499999999999,79.50833333333334,0.4710739744262052,0.2055214885522236,0.4094,0.14655833333333332,13.916666666666666,0.0,1.6267150602804799,12,Full History,Cluster_2,Financially Healthy & Highly Engaged,Model-based
KH00101165,75.68333333333334,80.38333333333334,0.5232667458469055,0.22331796309331667,0.39176666666666665,0.09400000000000001,13.833333333333334,0.0,1.4891206506156822,12,Full History,Cluster_2,Financially Healthy & Highly Engaged,Model-based
KH00101170,66.10000000000001,80.01666666666667,0.5174146989515623,0.2142426655686592,0.7302583333333333,0.18400833333333333,13.916666666666666,0.0,1.3864983759300815,12,Full History,Cluster_2,Financially Stretched but Highly Engaged,Model-based
KH00101205,71.49166666666666,81.325,0.46929615021439464,0.2290723932063454,0.4628916666666667,0.09754166666666668,14.0,0.0,2.458198700734039,12,Full History,Cluster_2,Financially Healthy & Highly Engaged,Model-based
KH00101210,64.35000000000001,79.53333333333333,0.39931238162261756,0.20130713106223966,0.7579166666666667,0.266225,14.0,0.0,0.9172403361076316,12,Full History,Cluster_1,Financially Stretched but Highly Engaged,Model-based
KH00101245,67.675,79.5,0.5499580311371922,0.19504143928668852,0.7227750000000001,0.16015833333333332,13.916666666666666,0.0,1.5614184412814793,12,Full History,Cluster_2,Financially Healthy & Highly Engaged,Model-based
KH00101250,77.21666666666667,75.5,0.5534238836090993,0.15449436197420616,0.3526583333333333,0.08084166666666666,13.75,0.0,1.5358148065385606,12,Full History,Cluster_2,Financially Healthy but Disengaged,Model-based
KH00101285,80.825,71.8,0.5842918863027168,0.16336433354037186,0.30088333333333334,0.06183333333333333,13.0,0.08333333333333333,1.1910489058183755,12,Full History,Cluster_0,Essential-Spend-Focused Customers,Model-based
KH00101290,72.80833333333334,74.95833333333333,0.3771402132144938,0.21480969259033833,0.5004333333333334,0.13729166666666667,13.666666666666666,0.08333333333333333,1.0042317486083085,12,Full History,Cluster_1,Financially Healthy but Disengaged,Model-based
KH00101325,65.28333333333333,78.71666666666667,0.48870715372346485,0.18813873748857748,0.653025,0.18810833333333332,14.0,0.0,2.005131279604512,12,Full History,Cluster_2,Financially Stretched but Highly Engaged,Model-based
KH00101330,74.45833333333333,78.95833333333333,0.40904326710717376,0.18606513755564594,0.5040083333333333,0.10163333333333334,13.916666666666666,0.08333333333333333,0.89737084648526,12,Full History,Cluster_1,Financially Healthy & Highly Engaged,Model-based
KH00101365,63.40833333333333,80.11666666666666,0.5136350665038576,0.22521811365123426,0.7529666666666667,0.27394999999999997,13.666666666666666,0.0,1.4055541141219765,12,Full History,Cluster_3,Financially Stretched but Highly Engaged,Model-based
KH00101370,62.78333333333333,75.36666666666666,0.36236589278243886,0.23147294241040153,0.903075,0.27074166666666666,13.5,0.16666666666666666,0.8943812219500641,12,Full History,Cluster_0,Low Engagement & Financially Vulnerable,Model-based
KH00101405,68.18333333333334,79.52499999999999,0.5523438050659356,0.20675339664793999,0.6783250000000001,0.14760833333333334,13.916666666666666,0.0,1.412935255960439,12,Full History,Cluster_2,Financially Healthy & Highly Engaged,Model-based
KH00101410,67.44166666666666,78.875,0.5218106835312247,0.1953298045681621,0.7326583333333333,0.14725,13.833333333333334,0.0,1.6343634756688685,12,Full History,Cluster_2,Financially Healthy & Highly Engaged,Model-based
KH00101445,74.41666666666667,70.35000000000001,0.5994624389721784,0.12211014984823133,0.492025,0.15819166666666667,13.583333333333334,0.08333333333333333,1.2546565141848345,12,Full History,Cluster_0,Essential-Spend-Focused Customers,Model-based
KH00101450,70.85833333333333,71.23333333333333,0.529172619887062,0.16861828515504174,0.5864833333333334,0.13501666666666667,12.916666666666666,0.3333333333333333,1.2786172458607912,12,Full History,Cluster_0,Financially Healthy but Disengaged,Model-based
KH00101485,61.958333333333336,74.89999999999999,0.440371021768249,0.20854411574398737,0.8690666666666668,0.29789166666666667,13.666666666666666,0.0,1.2177068817675074,12,Full History,Cluster_3,Low Engagement & Financially Vulnerable,Model-based
KH00101490,71.27499999999999,79.31666666666666,0.4022741825919316,0.19999981719124635,0.5643333333333334,0.17889166666666667,13.916666666666666,0.0,0.8832191060605793,12,Full History,Cluster_1,Financially Healthy & Highly Engaged,Model-based
KH00101525,67.75833333333334,73.04166666666667,0.5057785614191307,0.19086497664534782,0.73355,0.16845833333333335,13.0,0.25,1.3822176297496205,12,Full History,Cluster_0,Financially Healthy but Disengaged,Model-based
KH00101530,65.35000000000001,73.80833333333334,0.5297130565378058,0.1896815982832409,0.7595333333333333,0.22615,13.5,0.0,1.4715019654691561,12,Full History,Cluster_0,Low Engagement & Financially Vulnerable,Model-based
KH00101565,66.675,77.55833333333334,0.5515520781571649,0.1691249768353371,0.733425,0.15698333333333334,13.833333333333334,0.0,1.697829423398714,12,Full History,Cluster_2,Financially Healthy but Disengaged,Model-based
KH00101570,62.9,73.5,0.5484657309411117,0.19050832328316125,0.7943583333333333,0.25535,13.416666666666666,0.16666666666666666,1.543744815475649,12,Full History,Cluster_0,Low Engagement & Financially Vulnerable,Model-based
KH00101605,62.43333333333334,79.85000000000001,0.4876922271747965,0.19961663486510203,0.7171666666666666,0.251875,14.0,0.0,2.3590113273582456,12,Full History,Cluster_3,Financially Stretched but Highly Engaged,Model-based
KH00101645,60.85,83.55833333333334,0.2728109487299207,0.2712349604975289,0.8357,0.292025,14.0,0.0,1.0240148952545656,12,Full History,Cluster_1,Financially Stretched but Highly Engaged,Model-based
KH00101650,67.38333333333334,75.90833333333333,0.5405770670974078,0.16654332584595127,0.6447833333333334,0.22243333333333334,13.75,0.0,1.7670907012994184,12,Full History,Cluster_2,Financially Healthy but Disengaged,Model-based
KH00101685,70.19166666666666,78.25,0.5822775627503168,0.1776308671745923,0.5770166666666666,0.2086916666666667,13.666666666666666,0.0,1.2686373128937956,12,Full History,Cluster_2,Essential-Spend-Focused Customers,Model-based
KH00101690,65.45833333333333,79.425,0.4132661596107627,0.19059422349371613,0.7346666666666666,0.27274166666666666,14.0,0.0,0.8980234097232964,12,Full History,Cluster_1,Financially Stretched but Highly Engaged,Model-based
KH00101725,71.02499999999999,80.86666666666666,0.4744340901615145,0.22846402768447496,0.578175,0.12203333333333333,14.0,0.0,1.264594742354977,12,Full History,Cluster_1,Financially Healthy & Highly Engaged,Model-based
KH00101730,68.69166666666666,78.76666666666667,0.5199110577447886,0.17630072753928674,0.5754333333333334,0.14460833333333334,14.0,0.0,2.017952159921778,12,Full History,Cluster_2,Financially Healthy & Highly Engaged,Model-based
KH00101765,62.925000000000004,76.02499999999999,0.4724066160052795,0.16868746848517,0.8093583333333334,0.17747499999999997,13.583333333333334,0.0,1.9025830884303974,12,Full History,Cluster_3,Low Engagement & Financially Vulnerable,Model-based
KH00101770,62.225,72.95,0.45196328530234897,0.17711879320040078,0.7792666666666667,0.29269166666666663,13.25,0.08333333333333333,1.4365108334148504,12,Full History,Cluster_0,Low Engagement & Financially Vulnerable,Model-based
KH00101805,68.425,80.70833333333333,0.3831558961723886,0.2140501499439171,0.5038666666666667,0.13381666666666667,14.0,0.0,3.6049658409206398,12,Full History,Cluster_2,Financially Healthy & Highly Engaged,Model-based
KH00101810,61.75,79.47500000000001,0.5145523696739795,0.191986060293589,0.876925,0.2060833333333333,14.0,0.0,2.091281229547301,12,Full History,Cluster_3,Financially Stretched but Highly Engaged,Model-based
KH00101845,62.86666666666667,74.89999999999999,0.39189886475412794,0.24195656172316607,0.8278666666666666,0.22224999999999998,12.916666666666666,0.16666666666666666,1.3435149751280748,12,Full History,Cluster_0,Emerging Digital Customers,Model-based
KH00101850,62.791666666666664,78.97500000000001,0.46599949577686534,0.1966753767048701,0.7548,0.251875,13.916666666666666,0.0,1.54390187538979,12,Full History,Cluster_3,Financially Stretched but Highly Engaged,Model-based
KH00101885,69.25833333333334,76.39166666666667,0.4333893209431901,0.24509709897107046,0.6224666666666666,0.125425,13.583333333333334,0.08333333333333333,1.492466804731379,12,Full History,Cluster_1,Emerging Digital Customers,Model-based
KH00101890,65.02499999999999,71.59166666666667,0.501579067800193,0.16140212041393479,0.8167,0.16655,13.083333333333334,0.25,1.5414496013897658,12,Full History,Cluster_0,Low Engagement & Financially Vulnerable,Model-based
KH00101925,60.041666666666664,80.10000000000001,0.44369527196443476,0.2021493645748588,0.77285,0.25705,14.0,0.0,2.5626544432116867,12,Full History,Cluster_3,Financially Stretched but Highly Engaged,Model-based
KH00101930,63.775,72.86666666666666,0.5156345073511547,0.19541130963434986,0.9024583333333333,0.22000833333333333,13.083333333333334,0.4166666666666667,1.277943975464595,12,Full History,Cluster_0,Low Engagement & Financially Vulnerable,Model-based
KH00101965,53.44166666666666,78.10833333333333,0.48410917351782584,0.205829188278334,1.0269000000000001,0.3632416666666667,13.916666666666666,0.08333333333333333,2.1051957603433498,12,Full History,Cluster_3,Low Engagement & Financially Vulnerable,Model-based
KH00101970,65.06666666666666,77.91666666666667,0.4886311452265602,0.1745127674558525,0.6609916666666668,0.22550833333333334,13.833333333333334,0.0,2.1656645044461174,12,Full History,Cluster_3,Low Engagement & Financially Vulnerable,Model-based
KH00102010,59.74166666666667,74.77499999999999,0.4783371240610987,0.22416611707452094,0.9113333333333333,0.27692500000000003,13.083333333333334,0.0,1.3487391767284072,12,Full History,Cluster_0,Low Engagement & Financially Vulnerable,Model-based
KH00102045,65.93333333333334,81.14166666666667,0.46862874423317863,0.23955590329618395,0.744025,0.208875,13.916666666666666,0.0,1.2424532761808023,12,Full History,Cluster_1,Financially Stretched but Highly Engaged,Model-based
KH00102050,70.025,78.56666666666666,0.5034529485717752,0.1828509330340022,0.5803083333333333,0.15746666666666667,14.0,0.0,1.47699364934482,12,Full History,Cluster_2,Financially Healthy & Highly Engaged,Model-based
KH00102090,63.26666666666667,79.95833333333333,0.45578339527915857,0.20384660699468896,0.7581083333333334,0.15608333333333332,14.0,0.0,1.9995474927660657,12,Full History,Cluster_3,Financially Stretched but Highly Engaged,Model-based
KH00102125,73.325,78.98333333333333,0.5373534003699405,0.18306703251338186,0.458675,0.11837500000000001,13.916666666666666,0.0,1.6897353987574546,12,Full History,Cluster_2,Financially Healthy & Highly Engaged,Model-based
KH00102130,63.74166666666667,78.34166666666667,0.507168783600982,0.1846996108649894,0.8832333333333334,0.17977500000000002,13.833333333333334,0.0,1.7580666502407478,12,Full History,Cluster_3,Low Engagement & Financially Vulnerable,Model-based
KH00102165,62.40833333333333,72.59166666666667,0.5209313168173529,0.18230176308309,0.8224333333333332,0.31609166666666666,13.0,0.0,1.3382546836107474,12,Full History,Cluster_0,Low Engagement & Financially Vulnerable,Model-based
KH00102170,64.80833333333334,78.69166666666666,0.49014568660571384,0.18682504451318369,0.7083749999999999,0.207,14.0,0.0,1.490554621057654,12,Full History,Cluster_3,Financially Stretched but Highly Engaged,Model-based
KH00102205,67.01666666666667,79.71666666666667,0.4969855873455626,0.2371787170540379,0.6619333333333334,0.15950833333333334,13.916666666666666,0.0,1.8721412869823872,12,Full History,Cluster_2,Financially Healthy & Highly Engaged,Model-based
KH00102210,63.51666666666667,73.5,0.45902559455407815,0.19473385115315245,0.8773333333333334,0.17903333333333335,13.083333333333334,0.0,1.5145094826035457,12,Full History,Cluster_0,Low Engagement & Financially Vulnerable,Model-based
KH00102245,71.875,79.575,0.5370587322620369,0.1959822269900944,0.509425,0.14515,13.916666666666666,0.0,1.3832479267975184,12,Full History,Cluster_2,Financially Healthy & Highly Engaged,Model-based
KH00102250,66.53333333333333,79.3,0.5243098993342833,0.22440764402583735,0.6740750000000001,0.21568333333333334,14.0,0.0,1.713356804988791,12,Full History,Cluster_2,Financially Healthy & Highly Engaged,Model-based
KH00102285,65.14999999999999,73.05833333333334,0.41471874596223696,0.19078180572967918,0.919025,0.20888333333333334,13.25,0.4166666666666667,0.87122429390539,12,Full History,Cluster_0,Low Engagement & Financially Vulnerable,Model-based
KH00102290,63.88333333333333,79.53333333333333,0.39522145872529557,0.20292363700466876,0.8139083333333333,0.23205833333333334,13.916666666666666,0.0,0.9194138367915095,12,Full History,Cluster_1,Financially Stretched but Highly Engaged,Model-based
KH00102325,65.875,77.95,0.49218690818722227,0.2000090552680468,0.6886416666666667,0.17206666666666667,13.833333333333334,0.0,1.3809902621121923,12,Full History,Cluster_2,Low Engagement & Financially Vulnerable,Model-based
KH00102330,67.425,76.33333333333333,0.466779661086123,0.14060852871193288,0.656575,0.13366666666666668,13.916666666666666,0.08333333333333333,2.1971809212238873,12,Full History,Cluster_2,Financially Healthy but Disengaged,Model-based
KH00102365,61.44166666666666,77.175,0.4225267245008298,0.26558705072352434,0.7799416666666666,0.30185,13.25,0.16666666666666666,1.268763389566186,12,Full History,Cluster_0,Emerging Digital Customers,Model-based
KH00102370,71.04166666666667,77.55,0.4780813186359784,0.19008994528795323,0.5449833333333333,0.121375,13.916666666666666,0.0,1.4403258425806091,12,Full History,Cluster_2,Financially Healthy but Disengaged,Model-based
KH00102405,63.64166666666667,83.27499999999999,0.4474815294360424,0.2673837196383639,0.7476166666666666,0.22181666666666666,14.0,0.0,1.418365177806775,12,Full History,Cluster_1,Financially Stretched but Highly Engaged,Model-based
KH00102410,71.01666666666667,79.08333333333333,0.39848620107584315,0.19495351082173484,0.59035,0.14130833333333334,13.916666666666666,0.0,0.9349295380580701,12,Full History,Cluster_1,Financially Healthy & Highly Engaged,Model-based
KH00102445,65.18333333333334,81.76666666666667,0.43640935810703624,0.23591447135705632,0.7171,0.18614166666666665,14.0,0.0,1.5486236156796005,12,Full History,Cluster_1,Financially Stretched but Highly Engaged,Model-based
KH00102450,71.71666666666667,77.25833333333334,0.5154671288696001,0.15845946798794677,0.4753083333333333,0.18678333333333333,13.916666666666666,0.0,1.4477147609856142,12,Full History,Cluster_2,Financially Healthy but Disengaged,Model-based
KH00102485,69.48333333333333,78.91666666666667,0.25482750343851146,0.30376830333739396,0.624425,0.14564166666666667,13.666666666666666,0.4166666666666667,1.0109309170472027,12,Full History,Cluster_1,Emerging Digital Customers,Model-based
KH00102525,70.36666666666666,77.58333333333333,0.47848773555390495,0.1966729966189871,0.5466166666666666,0.14305833333333332,13.75,0.08333333333333333,1.736982934688337,12,Full History,Cluster_2,Financially Healthy but Disengaged,Model-based
KH00102530,67.26666666666667,79.05,0.38982504583166727,0.1837415494625474,0.7536999999999999,0.15194166666666667,14.0,0.0,0.8779079824127921,12,Full History,Cluster_1,Financially Healthy & Highly Engaged,Model-based
KH00102565,69.43333333333334,81.02499999999999,0.44553409236431324,0.22047793528871948,0.4939166666666666,0.11914166666666666,14.0,0.0,2.3898943708465943,12,Full History,Cluster_2,Financially Healthy & Highly Engaged,Model-based
KH00102570,73.63333333333334,80.25,0.460460569753044,0.23921354800597502,0.42451666666666665,0.16010833333333332,14.0,0.0,1.2700514396222256,12,Full History,Cluster_1,Financially Healthy & Highly Engaged,Model-based
KH00102605,70.23333333333333,77.31666666666666,0.49766313511516863,0.18696733899695062,0.5089666666666667,0.1857,13.916666666666666,0.08333333333333333,1.4963071308369946,12,Full History,Cluster_2,Financially Healthy but Disengaged,Model-based
KH00102610,68.51666666666667,78.39166666666667,0.43378943935049147,0.2875436548302246,0.64965,0.14373333333333332,13.25,0.08333333333333333,1.2902383666917012,12,Full History,Cluster_1,Emerging Digital Customers,Model-based
KH00102645,68.33333333333333,79.15833333333333,0.42075232945921304,0.18502890879952302,0.749025,0.15432500000000002,14.0,0.0,0.8363364797550502,12,Full History,Cluster_1,Financially Healthy & Highly Engaged,Model-based
KH00102650,61.666666666666664,81.60000000000001,0.528144549346706,0.2346330535283481,0.7970916666666666,0.2780666666666667,14.0,0.0,1.7568170180744318,12,Full History,Cluster_3,Financially Stretched but Highly Engaged,Model-based
KH00102685,71.79166666666667,79.925,0.3986341103297463,0.20080014589685583,0.5820083333333333,0.12671666666666667,14.0,0.0,0.895282513412993,12,Full History,Cluster_1,Financially Healthy & Highly Engaged,Model-based
KH00102690,66.0,78.03333333333335,0.39852363559193565,0.20754971293658306,0.7204,0.2278416666666667,13.666666666666666,0.08333333333333333,0.911357014655234,12,Full History,Cluster_1,Low Engagement & Financially Vulnerable,Model-based
KH00102725,70.25833333333334,75.95833333333333,0.5520611999650499,0.23595955967798707,0.6135333333333334,0.170825,13.583333333333334,0.08333333333333333,1.4043367000470839,12,Full History,Cluster_2,Financially Healthy but Disengaged,Model-based
KH00102730,55.74166666666667,83.09166666666667,0.47264075822635876,0.2625553909981246,1.0567,0.21735000000000002,14.0,0.0,1.2251494099804499,12,Full History,Cluster_3,Financially Stretched but Highly Engaged,Model-based
KH00102765,69.58333333333333,83.16666666666667,0.45428728083485853,0.2659854199909047,0.6048,0.13264166666666666,14.0,0.0,1.361173575399385,12,Full History,Cluster_1,Financially Healthy & Highly Engaged,Model-based
KH00102770,72.10833333333333,78.63333333333334,0.4687918550454624,0.18829398171939551,0.4784,0.11880833333333334,13.833333333333334,0.0,1.7804439041932607,12,Full History,Cluster_2,Financially Healthy & Highly Engaged,Model-based
KH00102805,68.53333333333333,80.45,0.45900748191784646,0.24866323146186198,0.6060833333333333,0.182325,14.0,0.08333333333333333,1.3026491812798975,12,Full History,Cluster_1,Financially Healthy & Highly Engaged,Model-based
KH00102810,64.41666666666667,80.24166666666666,0.4493598703239889,0.2440184788041568,0.7127416666666667,0.2718916666666667,14.0,0.0,1.288086546203912,12,Full History,Cluster_1,Financially Stretched but Highly Engaged,Model-based
KH00102845,69.04166666666667,81.72500000000001,0.4993801819275854,0.2365339257567376,0.5655583333333333,0.11767499999999999,14.0,0.0,1.9602755883327132,12,Full History,Cluster_2,Financially Healthy & Highly Engaged,Model-based
KH00102850,63.824999999999996,82.69166666666666,0.4521669816482731,0.254645047680469,0.7668666666666667,0.2209,14.0,0.0,1.3947805905867048,12,Full History,Cluster_1,Financially Stretched but Highly Engaged,Model-based
KH00102885,73.90833333333333,80.99166666666666,0.473720325407851,0.23445152321025975,0.4797833333333334,0.10525833333333334,13.916666666666666,0.0,1.2406018429328112,12,Full History,Cluster_1,Financially Healthy & Highly Engaged,Model-based
KH00102890,70.14166666666667,76.99166666666666,0.5321350824710414,0.15442609617453731,0.6463083333333334,0.17276666666666665,13.916666666666666,0.0,2.2938171613207,12,Full History,Cluster_2,Financially Healthy but Disengaged,Model-based
KH00102925,65.44166666666666,81.60833333333333,0.5001074291122453,0.27703817935439773,0.7679916666666666,0.18125,13.666666666666666,0.0,1.9387103027654964,12,Full History,Cluster_3,Emerging Digital Customers,Model-based
KH00102930,62.25833333333333,78.60833333333333,0.5228249897603553,0.19045807883922408,0.8034,0.25009166666666666,13.75,0.0,1.5087775943471768,12,Full History,Cluster_3,Financially Stretched but Highly Engaged,Model-based
KH00102965,59.458333333333336,78.64999999999999,0.5049885937976716,0.19106685333130882,0.9122583333333334,0.32908333333333334,13.75,0.0,1.3129391847107998,12,Full History,Cluster_3,Financially Stretched but Highly Engaged,Model-based
KH00102970,72.16666666666667,79.77499999999999,0.5436552658837207,0.19671097186336653,0.5164166666666666,0.14031666666666667,14.0,0.0,1.3721470716713633,12,Full History,Cluster_2,Financially Healthy & Highly Engaged,Model-based
KH00103005,63.300000000000004,71.98333333333333,0.5503579004927025,0.17503808271232216,0.902625,0.23059166666666667,12.916666666666666,0.3333333333333333,1.4402120791133306,12,Full History,Cluster_0,Low Engagement & Financially Vulnerable,Model-based
KH00103010,76.075,82.50833333333334,0.451943130403341,0.25171322823121994,0.3744,0.08345000000000001,14.0,0.0,1.399595073049239,12,Full History,Cluster_1,Financially Healthy & Highly Engaged,Model-based
KH00103045,64.175,82.0,0.45453000007380767,0.24066113773872957,0.7693083333333334,0.20669166666666663,14.0,0.0,1.4554607766721865,12,Full History,Cluster_1,Financially Stretched but Highly Engaged,Model-based
KH00103050,67.66666666666667,78.79166666666667,0.3849582819223212,0.18627426957433169,0.7403749999999999,0.14666666666666667,14.0,0.0,0.9059348317795103,12,Full History,Cluster_1,Financially Healthy & Highly Engaged,Model-based
KH00103085,64.50833333333334,82.94166666666666,0.5050176825684292,0.259047789611376,0.7163583333333333,0.16598333333333334,14.0,0.0,2.0492301702486837,12,Full History,Cluster_3,Financially Stretched but Highly Engaged,Model-based
KH00103090,64.66666666666667,79.55,0.4567704731440329,0.2019332730553168,0.673025,0.20305833333333334,14.0,0.0,2.648193196350845,12,Full History,Cluster_3,Financially Stretched but Highly Engaged,Model-based
KH00103125,62.833333333333336,81.80833333333334,0.497263807420081,0.23613361135769748,0.7174333333333333,0.2389416666666667,14.0,0.0,2.042917179899779,12,Full History,Cluster_3,Financially Stretched but Highly Engaged,Model-based
KH00103130,66.375,78.7,0.5096724288442478,0.17402360877511902,0.6539666666666667,0.15094166666666667,14.0,0.0,2.044410054720699,12,Full History,Cluster_2,Financially Healthy & Highly Engaged,Model-based
KH00103165,65.3,78.16666666666667,0.525456558501915,0.21045888410712119,0.6942916666666666,0.24475,13.666666666666666,0.16666666666666666,1.7091266768034934,12,Full History,Cluster_0,Low Engagement & Financially Vulnerable,Model-based
KH00103170,77.83333333333333,77.39999999999999,0.5466592421873006,0.19638303230623214,0.3532916666666666,0.08676666666666666,13.666666666666666,0.0,1.3296667316310098,12,Full History,Cluster_2,Financially Healthy but Disengaged,Model-based
KH00103205,73.53333333333333,78.60833333333333,0.5450407984736533,0.19306586009658191,0.44985,0.1549,13.75,0.0,1.35915516678404,12,Full History,Cluster_2,Financially Healthy & Highly Engaged,Model-based
KH00103210,73.675,77.925,0.5415475244503768,0.16976181489082698,0.45565833333333333,0.12265833333333333,14.0,0.08333333333333333,1.7754366985608527,12,Full History,Cluster_2,Financially Healthy but Disengaged,Model-based
KH00103245,60.949999999999996,79.96666666666667,0.49170389003814025,0.19929188457780236,0.7389583333333333,0.265025,14.0,0.0,2.257766540801827,12,Full History,Cluster_3,Financially Stretched but Highly Engaged,Model-based
KH00103250,62.76666666666667,83.38333333333334,0.26920047268591835,0.268299180283158,0.8123166666666667,0.2289,14.0,0.0,1.0259166378466535,12,Full History,Cluster_1,Financially Stretched but Highly Engaged,Model-based
KH00103285,68.86666666666666,77.61666666666666,0.48677495858635217,0.1668150830837861,0.594225,0.1398,14.0,0.0,1.7530560359556089,12,Full History,Cluster_2,Financially Healthy but Disengaged,Model-based
KH00103290,66.66666666666667,80.91666666666667,0.5599715153386812,0.2341831272074517,0.7088166666666668,0.1621,13.916666666666666,0.0,1.6026330595777674,12,Full History,Cluster_2,Essential-Spend-Focused Customers,Model-based
KH00103325,63.23333333333333,77.27499999999999,0.4912718535814567,0.15511116524953994,0.8023583333333333,0.25525,14.0,0.0,1.8015031889780184,12,Full History,Cluster_3,Low Engagement & Financially Vulnerable,Model-based
KH00103330,66.99166666666666,78.23333333333333,0.5672852400976417,0.2119642021439184,0.6804583333333333,0.21384166666666668,13.666666666666666,0.0,1.4425519978659078,12,Full History,Cluster_2,Essential-Spend-Focused Customers,Model-based
KH00103365,61.15,74.31666666666666,0.5382181679632203,0.21452246450607312,0.8961916666666667,0.24808333333333332,13.25,0.25,1.2647848347096133,12,Full History,Cluster_0,Low Engagement & Financially Vulnerable,Model-based
KH00103370,63.53333333333333,73.375,0.5258638604033519,0.19135805196175262,0.7586083333333332,0.218975,13.25,0.08333333333333333,1.6145098331777563,12,Full History,Cluster_0,Low Engagement & Financially Vulnerable,Model-based
KH00103405,63.275,81.26666666666667,0.5260014002047902,0.23712737934692493,0.7989916666666668,0.23656666666666668,14.0,0.0,1.798639580094408,12,Full History,Cluster_3,Financially Stretched but Highly Engaged,Model-based
KH00103410,62.81666666666666,76.7,0.5437524058413961,0.18818660942340962,0.9416083333333334,0.2298083333333333,13.416666666666666,0.0,1.2242524504056755,12,Full History,Cluster_3,Low Engagement & Financially Vulnerable,Model-based
KH00103445,67.19166666666666,74.8,0.5061528210277161,0.22411868372966368,0.69385,0.17998333333333336,13.25,0.4166666666666667,1.420502785890058,12,Full History,Cluster_0,Financially Healthy but Disengaged,Model-based
KH00103450,67.84166666666667,77.21666666666667,0.5124740933621709,0.18928927244738344,0.6375583333333333,0.17383333333333337,13.75,0.0,1.5136382832262563,12,Full History,Cluster_2,Financially Healthy but Disengaged,Model-based
KH00103485,60.74166666666667,80.35833333333333,0.4172600900186956,0.2410546757489307,0.8876,0.22144166666666668,14.0,0.0,1.4136696467835028,12,Full History,Cluster_3,Financially Stretched but Highly Engaged,Model-based
KH00103490,60.625,79.18333333333334,0.5108597141307137,0.1885130306993208,0.91,0.21698333333333333,13.916666666666666,0.0,2.4606180872062193,12,Full History,Cluster_3,Financially Stretched but Highly Engaged,Model-based
KH00103525,62.93333333333334,72.35000000000001,0.5346069856215833,0.16018468179016485,1.1463666666666665,0.27666666666666667,13.666666666666666,0.08333333333333333,1.7818478161756104,12,Full History,Cluster_3,Low Engagement & Financially Vulnerable,Model-based
KH00103530,60.833333333333336,79.27499999999999,0.4640740121734015,0.22698908271683826,0.8703916666666668,0.23981666666666668,13.916666666666666,0.0,1.649382660203375,12,Full History,Cluster_3,Financially Stretched but Highly Engaged,Model-based
KH00103565,67.91666666666667,79.29166666666667,0.3885504951207836,0.1883184695627991,0.701375,0.176725,14.0,0.0,0.9436087022658889,12,Full History,Cluster_1,Financially Healthy & Highly Engaged,Model-based
KH00103570,56.25833333333333,73.75,0.41967786878235236,0.20416785557278375,0.8829916666666667,0.2056083333333333,13.083333333333334,0.08333333333333333,2.0225029753611854,12,Full History,Cluster_0,Low Engagement & Financially Vulnerable,Model-based
KH00103605,60.574999999999996,80.51666666666667,0.4368532710272301,0.22280979602834708,0.85025,0.26371666666666665,14.0,0.0,1.439921354912839,12,Full History,Cluster_3,Financially Stretched but Highly Engaged,Model-based
KH00103610,68.10000000000001,72.575,0.6139656322726629,0.16782106369998648,0.788425,0.18024166666666666,13.25,0.16666666666666666,1.3553774715064806,12,Full History,Cluster_0,Essential-Spend-Focused Customers,Model-based
KH00103645,69.02499999999999,75.85000000000001,0.5625468615761617,0.16449393150252414,0.6439833333333334,0.15585000000000002,13.666666666666666,0.0,1.3903447773170223,12,Full History,Cluster_2,Essential-Spend-Focused Customers,Model-based
KH00103650,66.21666666666667,71.99166666666666,0.54868196946798,0.17649305092525916,0.8143583333333333,0.229175,13.166666666666666,0.25,1.5645649523636578,12,Full History,Cluster_0,Low Engagement & Financially Vulnerable,Model-based
KH00103690,65.54166666666667,81.04166666666667,0.5269360105139668,0.22298756486371488,0.7308166666666667,0.15045,14.0,0.0,1.9740330427104178,12,Full History,Cluster_2,Financially Stretched but Highly Engaged,Model-based
KH00103725,69.79166666666667,72.83333333333333,0.4862669505506057,0.18953199813960206,0.6302666666666666,0.14859166666666665,13.166666666666666,0.16666666666666666,1.3134032673454141,12,Full History,Cluster_0,Financially Healthy but Disengaged,Model-based
KH00103730,67.11666666666666,74.71666666666667,0.5122768985829572,0.21886823325602178,0.6991416666666667,0.19535,13.416666666666666,0.16666666666666666,2.0969582169397274,12,Full History,Cluster_0,Financially Healthy but Disengaged,Model-based
KH00103765,66.02499999999999,79.01666666666667,0.5335030057478549,0.1910087512100058,0.6301166666666667,0.21772500000000003,14.0,0.0,2.0119642896234518,12,Full History,Cluster_2,Financially Stretched but Highly Engaged,Model-based
KH00103770,58.725,75.19166666666666,0.5450750042283552,0.21840649651068933,0.9560166666666666,0.20756666666666668,13.583333333333334,0.3333333333333333,1.5517643080081946,12,Full History,Cluster_0,Low Engagement & Financially Vulnerable,Model-based
KH00103805,66.9,75.23333333333333,0.45171572148611777,0.14618845729553429,0.646125,0.153175,13.833333333333334,0.16666666666666666,2.0354452437860906,12,Full History,Cluster_2,Financially Healthy but Disengaged,Model-based
KH00103810,63.46666666666667,82.64166666666667,0.4304105629964237,0.2530811263602381,0.7803249999999999,0.20945833333333333,14.0,0.0,1.3776736260294065,12,Full History,Cluster_1,Financially Stretched but Highly Engaged,Model-based
KH00103845,62.61666666666667,79.075,0.5339019561977568,0.1984158878105856,0.8950333333333335,0.23015,13.833333333333334,0.0,1.4952907917621865,12,Full History,Cluster_3,Financially Stretched but Highly Engaged,Model-based
KH00103850,69.64999999999999,82.48333333333333,0.45424177798665877,0.2530264008713264,0.5249750000000001,0.13109166666666666,14.0,0.0,2.3740670509819095,12,Full History,Cluster_2,Financially Healthy & Highly Engaged,Model-based
KH00103885,67.88333333333334,73.64999999999999,0.4842251696676439,0.1904856295415197,0.6698416666666667,0.15784166666666666,13.5,0.25,1.5236587751048887,12,Full History,Cluster_0,Financially Healthy but Disengaged,Model-based
KH00103890,68.34166666666667,72.5,0.5463449819615455,0.1669447920279393,0.6239083333333334,0.20188333333333333,13.416666666666666,0.16666666666666666,1.603393143522462,12,Full History,Cluster_0,Financially Healthy but Disengaged,Model-based
KH00103925,66.88333333333334,76.55,0.48649383975527677,0.17644311605803611,0.6955333333333332,0.18905833333333333,13.666666666666666,0.0,1.3736415031460194,12,Full History,Cluster_2,Financially Healthy but Disengaged,Model-based
KH00103970,70.89999999999999,84.31666666666666,0.4447423786147516,0.29696293798589346,0.5234833333333334,0.13367500000000002,14.0,0.0,1.4587812743882707,12,Full History,Cluster_1,Financially Healthy & Highly Engaged,Model-based
KH00104005,71.78333333333333,81.35833333333333,0.5308556471322654,0.22767604950745413,0.4763916666666666,0.143675,14.0,0.0,1.6555498851102646,12,Full History,Cluster_2,Financially Healthy & Highly Engaged,Model-based
KH00104010,68.95,76.85833333333333,0.5462703085177094,0.18688570319890144,0.5582333333333334,0.21919166666666667,13.583333333333334,0.0,1.70188983791219,12,Full History,Cluster_2,Financially Healthy but Disengaged,Model-based
KH00104045,63.94166666666666,76.70833333333333,0.5343615051458249,0.1947235004470008,0.7726833333333333,0.25743333333333335,13.416666666666666,0.16666666666666666,1.2925035408039893,12,Full History,Cluster_0,Low Engagement & Financially Vulnerable,Model-based
KH00104050,59.76666666666667,80.81666666666666,0.5122199211160127,0.22884952324479454,0.7899333333333334,0.30968333333333337,14.0,0.0,1.6183199051370885,12,Full History,Cluster_3,Financially Stretched but Highly Engaged,Model-based
KH00104085,65.45833333333333,78.175,0.265831238797366,0.2861335074426639,0.6872333333333334,0.16515,13.583333333333334,0.4166666666666667,0.9850154087802299,12,Full History,Cluster_1,Emerging Digital Customers,Model-based
KH00104090,64.95833333333333,79.64999999999999,0.4060356792420185,0.204477961136857,0.750175,0.26864166666666667,14.0,0.0,0.8969736572088296,12,Full History,Cluster_1,Financially Stretched but Highly Engaged,Model-based
KH00104125,67.18333333333334,79.7,0.4171562276909151,0.20575977404498255,0.5809833333333333,0.22005,14.0,0.0,1.4175732321888013,12,Full History,Cluster_1,Financially Healthy & Highly Engaged,Model-based
KH00104130,63.4,74.04166666666667,0.5075124729434176,0.21611642541781043,0.8599166666666666,0.3434083333333333,12.916666666666666,0.25,1.2240982386735944,12,Full History,Cluster_0,Low Engagement & Financially Vulnerable,Model-based
KH00104165,66.23333333333333,80.59166666666667,0.524609848164824,0.21149304822917428,0.6380583333333333,0.17134166666666664,14.0,0.0,2.5023028545235126,12,Full History,Cluster_2,Financially Stretched but Highly Engaged,Model-based
KH00104170,69.45833333333333,77.65833333333333,0.4958614535748927,0.17085308618993336,0.624575,0.13680833333333334,13.833333333333334,0.0,1.4731510976396633,12,Full History,Cluster_2,Financially Healthy but Disengaged,Model-based
KH00104205,62.60833333333333,78.60833333333333,0.4643185116095679,0.21451015230781315,0.7214999999999999,0.16820833333333332,13.75,0.0,2.334879025735742,12,Full History,Cluster_3,Financially Stretched but Highly Engaged,Model-based
KH00104210,70.15833333333333,79.825,0.5045163585313589,0.2106946873329286,0.5921333333333334,0.119475,13.916666666666666,0.0,1.5208159787347484,12,Full History,Cluster_2,Financially Healthy & Highly Engaged,Model-based
KH00104245,63.1,80.43333333333334,0.47354670989112463,0.21794147122194238,0.8139249999999999,0.17203333333333334,14.0,0.0,2.043134840359611,12,Full History,Cluster_3,Financially Stretched but Highly Engaged,Model-based
KH00104250,66.75,77.11666666666666,0.5253786368481811,0.18579192796378396,0.7162333333333333,0.17450833333333335,13.833333333333334,0.08333333333333333,1.3613519600647839,12,Full History,Cluster_2,Financially Healthy but Disengaged,Model-based
KH00104285,64.85833333333333,77.8,0.5012795137754832,0.17241491837841103,0.8005833333333333,0.17845,13.916666666666666,0.0,1.431561927591524,12,Full History,Cluster_3,Low Engagement & Financially Vulnerable,Model-based
KH00104290,69.34166666666667,82.97500000000001,0.44405234553813394,0.25952421716115454,0.580125,0.14890833333333334,14.0,0.0,1.3763741759202492,12,Full History,Cluster_1,Financially Healthy & Highly Engaged,Model-based
KH00104325,64.95,77.27499999999999,0.5455875222344028,0.20085475136574338,0.8588416666666667,0.1753,13.416666666666666,0.16666666666666666,1.2175846689129717,12,Full History,Cluster_0,Low Engagement & Financially Vulnerable,Model-based
KH00104365,72.25,80.93333333333334,0.539924921893693,0.2211892016858641,0.48823333333333335,0.11440833333333333,14.0,0.0,1.7083620275638653,12,Full History,Cluster_2,Financially Healthy & Highly Engaged,Model-based
KH00104370,70.79166666666667,78.825,0.4819350149927304,0.19372578916432803,0.5354166666666667,0.11081666666666667,13.833333333333334,0.0,1.7722740609329308,12,Full History,Cluster_2,Financially Healthy & Highly Engaged,Model-based
KH00104405,64.7,79.44166666666666,0.536229589283469,0.1885380745112116,0.7509833333333332,0.18957500000000002,14.0,0.0,1.854955529776715,12,Full History,Cluster_3,Financially Stretched but Highly Engaged,Model-based
KH00104410,70.79166666666667,74.72500000000001,0.43538879206173253,0.23490359355523827,0.5485916666666667,0.1087,13.333333333333334,0.4166666666666667,1.6281686415773304,12,Full History,Cluster_0,Financially Healthy but Disengaged,Model-based
KH00104445,68.99166666666666,75.18333333333334,0.4868413201527866,0.22564792331826355,0.53395,0.14805833333333332,13.583333333333334,0.16666666666666666,2.1187798735906056,12,Full History,Cluster_0,Financially Healthy but Disengaged,Model-based
KH00104450,69.05833333333334,82.8,0.46427033725516803,0.2563311458837026,0.606325,0.14826666666666666,14.0,0.0,1.3617675487918166,12,Full History,Cluster_1,Financially Healthy & Highly Engaged,Model-based
KH00104485,62.324999999999996,77.77499999999999,0.41084735713958564,0.19660747869647102,0.8877166666666666,0.25067500000000004,13.916666666666666,0.0,0.8853420385000672,12,Full History,Cluster_1,Low Engagement & Financially Vulnerable,Model-based
KH00104525,61.73333333333333,74.77499999999999,0.45335400043854945,0.23271329079821554,0.8855083333333335,0.2657916666666667,13.333333333333334,0.25,1.9182311467406326,12,Full History,Cluster_0,Low Engagement & Financially Vulnerable,Model-based
KH00104530,66.39166666666667,72.325,0.47988151494389847,0.17528215030984118,0.68745,0.23743333333333336,13.333333333333334,0.16666666666666666,1.5490609034642135,12,Full History,Cluster_0,Financially Healthy but Disengaged,Model-based
KH00104565,66.69166666666666,76.40833333333333,0.49654266270923625,0.16883522751326896,0.724025,0.15965,13.916666666666666,0.08333333333333333,1.5011987339266097,12,Full History,Cluster_2,Financially Healthy but Disengaged,Model-based
KH00104570,66.10000000000001,79.26666666666667,0.5675535582251136,0.18904886255589157,0.747575,0.1705,13.916666666666666,0.0,1.4007635834195575,12,Full History,Cluster_2,Essential-Spend-Focused Customers,Model-based
KH00104605,67.48333333333333,79.70833333333333,0.3829792790510604,0.20546587626529544,0.67645,0.17226666666666668,14.0,0.0,0.9454523059025209,12,Full History,Cluster_1,Financially Healthy & Highly Engaged,Model-based
KH00104645,60.041666666666664,77.54166666666667,0.4734715634908601,0.2641797735453008,0.9050833333333334,0.25195833333333334,13.416666666666666,0.0,1.7010497849970594,12,Full History,Cluster_3,Emerging Digital Customers,Model-based
KH00104650,67.83333333333333,82.90833333333333,0.2505883697298655,0.25882495164835345,0.6347416666666666,0.14281666666666668,14.0,0.0,1.0577092162161257,12,Full History,Cluster_1,Financially Healthy & Highly Engaged,Model-based
KH00104690,67.36666666666666,71.46666666666667,0.4959025663702246,0.16624509955363784,0.6483916666666666,0.22848333333333334,13.0,0.25,1.7774629151203456,12,Full History,Cluster_0,Financially Healthy but Disengaged,Model-based
KH00104725,61.93333333333334,80.5,0.5316086178148928,0.2129313448624536,0.8386833333333333,0.26735000000000003,14.0,0.0,2.3478465526295778,12,Full History,Cluster_3,Financially Stretched but Highly Engaged,Model-based
KH00104730,65.875,81.13333333333334,0.4184372172122124,0.2251200349101733,0.6200583333333334,0.13835,14.0,0.0,2.6145839861491087,12,Full History,Cluster_2,Financially Stretched but Highly Engaged,Model-based
KH00104765,64.81666666666666,82.175,0.4900047513275802,0.24418558904665863,0.6691166666666666,0.19931666666666667,14.0,0.0,2.1965943140773185,12,Full History,Cluster_3,Financially Stretched but Highly Engaged,Model-based
KH00104770,70.96666666666667,77.54166666666667,0.5281960763538803,0.16581079442488653,0.5322416666666666,0.1628,13.916666666666666,0.0,1.4582535236005505,12,Full History,Cluster_2,Financially Healthy but Disengaged,Model-based
KH00104805,67.14999999999999,81.09166666666667,0.5228989509354213,0.23442575309848349,0.64805,0.19124166666666667,14.0,0.0,1.8793083628803726,12,Full History,Cluster_2,Financially Healthy & Highly Engaged,Model-based
KH00104810,65.98333333333333,77.625,0.3573610634785053,0.18980570496069285,0.7647749999999999,0.16225,14.0,0.0,0.9827180529456278,12,Full History,Cluster_1,Low Engagement & Financially Vulnerable,Model-based
KH00104845,69.94166666666666,77.72500000000001,0.5492556118098948,0.17273931455444866,0.6869999999999999,0.13859166666666667,13.75,0.0,1.3316896982138526,12,Full History,Cluster_2,Financially Healthy but Disengaged,Model-based
KH00104850,67.73333333333333,80.95833333333333,0.41372066867822604,0.23900332957740045,0.5813083333333333,0.11974166666666668,14.0,0.0,2.8796028054327096,12,Full History,Cluster_2,Financially Healthy & Highly Engaged,Model-based
KH00104885,67.76666666666667,78.14999999999999,0.5359452636476569,0.20353321815114922,0.651875,0.18186666666666665,13.833333333333334,0.0,1.6710348052160937,12,Full History,Cluster_2,Financially Healthy but Disengaged,Model-based
KH00104890,71.64999999999999,72.36666666666666,0.5364974962884562,0.17795362727102418,0.533625,0.136725,13.083333333333334,0.0,1.29899549396922,12,Full History,Cluster_0,Financially Healthy but Disengaged,Model-based
KH00104925,59.05833333333334,80.97500000000001,0.4972808934277073,0.2208432495241457,0.9329666666666666,0.20326666666666668,14.0,0.0,2.5244478339020024,12,Full History,Cluster_3,Financially Stretched but Highly Engaged,Model-based
KH00104930,66.45833333333333,79.91666666666667,0.5555090114359489,0.20063482313578107,0.7647583333333333,0.16520833333333332,14.0,0.0,1.5556158407352072,12,Full History,Cluster_2,Financially Healthy & Highly Engaged,Model-based
KH00104965,62.76666666666667,76.26666666666667,0.47159127048580746,0.25449888886908234,0.836875,0.1734416666666667,13.25,0.25,1.4878811065173165,12,Full History,Cluster_0,Emerging Digital Customers,Model-based
KH00104970,68.64166666666667,77.85000000000001,0.4932242064691914,0.1967775384865885,0.6083583333333333,0.15739166666666668,13.916666666666666,0.0,1.4671867035478086,12,Full History,Cluster_2,Financially Healthy but Disengaged,Model-based
KH00105005,69.8,78.58333333333333,0.5496804912084878,0.17684197561219697,0.56595,0.19110000000000002,13.916666666666666,0.0,1.3564178461439251,12,Full History,Cluster_2,Financially Healthy & Highly Engaged,Model-based
KH00105010,71.96666666666667,80.75,0.49908460145864325,0.2204824528983035,0.4490416666666666,0.1461083333333333,13.916666666666666,0.0,1.7234868751905463,12,Full History,Cluster_2,Financially Healthy & Highly Engaged,Model-based
KH00105045,65.36666666666666,77.89166666666667,0.47747534821172427,0.16888395052933713,0.7646416666666666,0.15734166666666669,14.0,0.0,1.7723592819553635,12,Full History,Cluster_2,Low Engagement & Financially Vulnerable,Model-based
KH00105050,55.125,79.40833333333333,0.5060067259635416,0.20143080548142492,1.0240833333333332,0.225,13.916666666666666,0.0,2.0790646529994636,12,Full History,Cluster_3,Financially Stretched but Highly Engaged,Model-based
KH00105085,69.02499999999999,77.45833333333333,0.5733863286955213,0.20047745455109037,0.6681499999999999,0.174775,13.583333333333334,0.0,1.3502456917636296,12,Full History,Cluster_2,Essential-Spend-Focused Customers,Model-based
KH00105090,69.15833333333333,81.61666666666666,0.44578642575058797,0.2323500171605363,0.5579333333333333,0.17720833333333333,14.0,0.0,1.4160075546244364,12,Full History,Cluster_1,Financially Healthy & Highly Engaged,Model-based
KH00105125,73.24166666666666,80.49166666666666,0.4357839712048884,0.21191103212696646,0.3722083333333333,0.09688333333333334,14.0,0.0,2.220615859375078,12,Full History,Cluster_2,Financially Healthy & Highly Engaged,Model-based
KH00105130,68.45,80.73333333333333,0.4914684519325367,0.229293216111898,0.5852416666666667,0.12945833333333334,14.0,0.0,1.8592043361435906,12,Full History,Cluster_2,Financially Healthy & Highly Engaged,Model-based
KH00105165,61.333333333333336,79.03333333333333,0.5155327820207809,0.23083408875934652,0.9116583333333333,0.30377499999999996,13.416666666666666,0.0,1.3707662443429183,12,Full History,Cluster_3,Financially Stretched but Highly Engaged,Model-based
KH00105170,76.00833333333334,79.88333333333334,0.5401945529359308,0.21809275578226986,0.4236166666666667,0.089025,13.75,0.0,1.4544185246064256,12,Full History,Cluster_2,Financially Healthy & Highly Engaged,Model-based
KH00105205,63.19166666666666,82.73333333333333,0.2549225494368597,0.3020315556864391,0.7780166666666667,0.18315833333333334,13.916666666666666,0.08333333333333333,1.0351551347637564,12,Full History,Cluster_1,Financially Stretched but Highly Engaged,Model-based
KH00105245,67.825,82.93333333333334,0.4492605779252177,0.2583789211459175,0.639525,0.18264166666666667,14.0,0.0,1.300673914263452,12,Full History,Cluster_1,Financially Healthy & Highly Engaged,Model-based
KH00105250,65.10833333333333,78.48333333333333,0.38218644065875046,0.18444617744356626,0.7793916666666667,0.20501666666666665,14.0,0.08333333333333333,0.9450369626389019,12,Full History,Cluster_1,Low Engagement & Financially Vulnerable,Model-based
KH00105285,70.28333333333333,80.13333333333334,0.5587074170950145,0.20414364747169778,0.5749416666666667,0.145925,14.0,0.0,1.543138870631742,12,Full History,Cluster_2,Essential-Spend-Focused Customers,Model-based
KH00105290,65.43333333333334,82.78333333333333,0.46103224145610683,0.25862482888493316,0.642675,0.14590833333333333,14.0,0.0,2.2547943189762303,12,Full History,Cluster_2,Financially Stretched but Highly Engaged,Model-based
KH00105330,64.27499999999999,82.16666666666667,0.444575645169657,0.255055202797009,0.8111166666666666,0.17785833333333334,14.0,0.0,1.3656711046045518,12,Full History,Cluster_1,Financially Stretched but Highly Engaged,Model-based
KH00105365,57.78333333333333,81.41666666666667,0.5060564889045263,0.22826702346300218,0.8916666666666666,0.34084166666666665,14.0,0.0,2.376823091637838,12,Full History,Cluster_3,Financially Stretched but Highly Engaged,Model-based
KH00105370,61.975,77.91666666666667,0.38229104131121416,0.19692455059157343,0.8078083333333334,0.28485,14.0,0.08333333333333333,0.9197457055361072,12,Full History,Cluster_1,Low Engagement & Financially Vulnerable,Model-based
KH00105405,65.23333333333333,79.56666666666666,0.5417941883544087,0.19821238399171318,0.6872333333333334,0.26065,13.833333333333334,0.0,1.4230616636340427,12,Full History,Cluster_3,Financially Stretched but Highly Engaged,Model-based
KH00105410,68.59166666666667,74.26666666666667,0.5312751074679006,0.20805392245660684,0.6875916666666667,0.17445833333333335,13.25,0.25,1.2849431099530133,12,Full History,Cluster_0,Financially Healthy but Disengaged,Model-based
KH00105445,62.083333333333336,78.16666666666667,0.5068860759491088,0.16555598762359905,0.693025,0.276725,14.0,0.08333333333333333,2.0814425051191017,12,Full History,Cluster_3,Low Engagement & Financially Vulnerable,Model-based
KH00105485,61.775,76.56666666666668,0.5161116171476782,0.18474564140220784,0.8314833333333334,0.290875,13.416666666666666,0.0,1.7611505863925456,12,Full History,Cluster_3,Low Engagement & Financially Vulnerable,Model-based
KH00105490,69.89999999999999,81.39999999999999,0.4460616048662478,0.2650294367993797,0.601875,0.11758333333333333,13.916666666666666,0.0,1.3183030837142538,12,Full History,Cluster_1,Financially Healthy & Highly Engaged,Model-based
KH00105525,61.50833333333333,77.04166666666667,0.5297071880622528,0.15819067921852611,0.8499,0.2551333333333333,13.916666666666666,0.0,1.7130683604886972,12,Full History,Cluster_3,Low Engagement & Financially Vulnerable,Model-based
KH00105530,71.76666666666667,76.25,0.5825883878630157,0.1669652169302186,0.5604,0.11444166666666666,13.916666666666666,0.08333333333333333,1.5651625859843596,12,Full History,Cluster_2,Essential-Spend-Focused Customers,Model-based
KH00105570,69.18333333333334,72.35833333333333,0.4896150497859924,0.18130776591984954,0.6895416666666666,0.161725,13.333333333333334,0.5,1.31361541052024,12,Full History,Cluster_0,Financially Healthy but Disengaged,Model-based
KH00105605,68.64999999999999,82.075,0.44320438500525966,0.24196605379392666,0.5668666666666667,0.16949999999999998,14.0,0.0,1.4914655522761004,12,Full History,Cluster_1,Financially Healthy & Highly Engaged,Model-based
KH00105610,65.70833333333333,75.86666666666666,0.49071598872579253,0.23360742547082358,0.8511833333333333,0.2621833333333333,13.666666666666666,0.0,1.2385918782696788,12,Full History,Cluster_3,Low Engagement & Financially Vulnerable,Model-based
KH00105645,66.28333333333333,79.53333333333333,0.5175425237343427,0.1941592811572116,0.62745,0.22549166666666667,14.0,0.0,1.8917543332273794,12,Full History,Cluster_2,Financially Stretched but Highly Engaged,Model-based
KH00105650,56.083333333333336,77.35833333333333,0.5302169167086694,0.20110670366512098,1.0102833333333334,0.204075,13.416666666666666,0.0,1.338387077923717,12,Full History,Cluster_3,Low Engagement & Financially Vulnerable,Model-based
KH00105685,69.35833333333333,80.28333333333333,0.45598839295225263,0.20763915137028532,0.5329916666666666,0.11853333333333334,14.0,0.0,2.10806355944233,12,Full History,Cluster_2,Financially Healthy & Highly Engaged,Model-based
KH00105690,61.50833333333333,78.54166666666667,0.5098528858121424,0.1918474201079422,0.8923083333333333,0.22911666666666666,13.75,0.0,1.6085844139911656,12,Full History,Cluster_3,Low Engagement & Financially Vulnerable,Model-based
KH00105725,71.52499999999999,73.64999999999999,0.5371736269026471,0.21168105195130496,0.637325,0.13983333333333334,12.833333333333334,0.08333333333333333,1.4967878886047545,12,Full History,Cluster_0,Financially Healthy but Disengaged,Model-based
KH00105730,70.10833333333333,78.96666666666667,0.3728416881342935,0.18667963514322827,0.5960333333333333,0.15493333333333334,13.833333333333334,0.0,0.9679772757790571,12,Full History,Cluster_1,Financially Healthy & Highly Engaged,Model-based
KH00105765,62.11666666666667,78.56666666666666,0.5306487911158134,0.2148538257492,0.9545416666666666,0.2629333333333333,13.833333333333334,0.16666666666666666,1.7852613554939711,12,Full History,Cluster_3,Financially Stretched but Highly Engaged,Model-based
KH00105805,63.18333333333334,78.48333333333333,0.38175350116716594,0.17993088012318115,0.8029666666666667,0.271725,14.0,0.0,0.9552535139072348,12,Full History,Cluster_1,Low Engagement & Financially Vulnerable,Model-based
KH00105810,64.23333333333333,75.05,0.5122959960819585,0.23732389309412907,0.8386583333333334,0.1787,13.25,0.08333333333333333,1.6499387810333859,12,Full History,Cluster_0,Low Engagement & Financially Vulnerable,Model-based
KH00105845,61.48333333333333,72.43333333333334,0.4998246447131651,0.17796045091852974,0.898075,0.19926666666666668,13.083333333333334,0.16666666666666666,1.3326929292204424,12,Full History,Cluster_0,Low Engagement & Financially Vulnerable,Model-based
KH00105850,63.43333333333334,75.52499999999999,0.5211168262564196,0.2454567840102445,0.7924416666666666,0.26987500000000003,12.916666666666666,0.16666666666666666,1.3776045206341276,12,Full History,Cluster_0,Emerging Digital Customers,Model-based
KH00105885,68.51666666666667,78.10833333333333,0.5613810500544866,0.18044024194383948,0.6717583333333333,0.153925,13.75,0.0,1.4484925123442585,12,Full History,Cluster_2,Essential-Spend-Focused Customers,Model-based
KH00105890,74.06666666666666,72.31666666666666,0.42667859760066834,0.18823522757066133,0.5302416666666666,0.10561666666666665,13.0,0.4166666666666667,0.8006418283137515,12,Full History,Cluster_0,Financially Healthy but Disengaged,Model-based
KH00105925,73.2,83.21666666666667,0.5384249081087703,0.2683842525909838,0.39809999999999995,0.14743333333333333,14.0,0.0,1.8839138289454016,12,Full History,Cluster_2,Financially Healthy & Highly Engaged,Model-based
KH00105930,63.050000000000004,78.175,0.3867666497854439,0.17534144586178424,0.8563666666666667,0.23413333333333333,14.0,0.0,0.9414319584122017,12,Full History,Cluster_1,Low Engagement & Financially Vulnerable,Model-based
KH00105970,72.00833333333334,72.74166666666666,0.5405163475628509,0.18872159088269216,0.5767166666666667,0.12710000000000002,13.0,0.25,1.39430660943039,12,Full History,Cluster_0,Financially Healthy but Disengaged,Model-based
KH00106005,66.325,82.91666666666667,0.24785520805057348,0.25892041437389485,0.693275,0.153425,14.0,0.0,1.3858384209788939,12,Full History,Cluster_1,Financially Healthy & Highly Engaged,Model-based
KH00106010,68.40833333333333,75.60833333333333,0.48410842228325257,0.22672577708999841,0.6161,0.12578333333333333,13.333333333333334,0.0,1.48985133593592,12,Full History,Cluster_2,Financially Healthy but Disengaged,Model-based
KH00106045,67.55833333333334,73.35000000000001,0.5823542754127007,0.2011147681046084,0.7120666666666667,0.2157083333333333,13.083333333333334,0.16666666666666666,1.3181279879395,12,Full History,Cluster_0,Essential-Spend-Focused Customers,Model-based
KH00106050,68.54166666666667,72.89999999999999,0.5442917263523922,0.18545987416337703,0.6744499999999999,0.19974999999999998,13.0,0.08333333333333333,1.308087346723644,12,Full History,Cluster_0,Financially Healthy but Disengaged,Model-based
KH00106090,65.55833333333334,80.39166666666667,0.4202296005765809,0.2490987235963713,0.6684166666666668,0.19828333333333334,13.916666666666666,0.08333333333333333,1.458075568102011,12,Full History,Cluster_1,Financially Stretched but Highly Engaged,Model-based
KH00106125,57.449999999999996,80.38333333333334,0.5149258600732481,0.20844549267647583,0.8377666666666667,0.3326,14.0,0.0,2.1401698228731516,12,Full History,Cluster_3,Financially Stretched but Highly Engaged,Model-based
KH00106165,68.59166666666667,71.71666666666667,0.5483195434651174,0.1549854407768297,0.6434083333333334,0.17680833333333335,13.25,0.16666666666666666,1.347338633858617,12,Full History,Cluster_0,Financially Healthy but Disengaged,Model-based
KH00106170,65.63333333333334,80.14999999999999,0.4611584547908729,0.20351871031914626,0.6543583333333333,0.174575,14.0,0.0,2.4201124437416444,12,Full History,Cluster_2,Financially Stretched but Highly Engaged,Model-based
KH00106245,72.86666666666666,80.81666666666666,0.4953954566939555,0.2568412922465011,0.43517500000000003,0.12319166666666666,13.916666666666666,0.0,1.7918996043651358,12,Full History,Cluster_2,Financially Healthy & Highly Engaged,Model-based
KH00106250,74.54166666666667,78.10833333333333,0.5346714861876004,0.17369071726497054,0.39543333333333336,0.13641666666666666,13.75,0.0,1.8377489347435028,12,Full History,Cluster_2,Financially Healthy but Disengaged,Model-based
KH00106290,64.02499999999999,79.28333333333333,0.550984942458927,0.21100456615890995,0.7532333333333333,0.22585833333333336,13.583333333333334,0.08333333333333333,1.5322518667343168,12,Full History,Cluster_3,Financially Stretched but Highly Engaged,Model-based
KH00106325,68.15833333333333,80.05,0.5534031732470123,0.21500914562848905,0.7020333333333334,0.157125,13.916666666666666,0.0,1.417944822887943,12,Full History,Cluster_2,Financially Healthy & Highly Engaged,Model-based
KH00106365,65.33333333333333,79.39999999999999,0.5128315096319964,0.20243695995997937,0.7037416666666667,0.21071666666666666,13.916666666666666,0.0,1.5211021680760315,12,Full History,Cluster_3,Financially Stretched but Highly Engaged,Model-based
KH00106405,73.30833333333332,72.825,0.4067614952190821,0.19725520819796108,0.5436833333333333,0.12905,12.75,0.16666666666666666,0.760960385089331,12,Full History,Cluster_0,Financially Healthy but Disengaged,Model-based
KH00106410,67.325,83.05,0.4551851769504185,0.2615677113294283,0.7002333333333333,0.14666666666666667,14.0,0.0,1.376559310080413,12,Full History,Cluster_1,Financially Healthy & Highly Engaged,Model-based
KH00106445,62.71666666666667,71.875,0.5784883200045904,0.17248581289990353,0.881825,0.24632500000000002,13.0,0.25,1.2263835890127857,12,Full History,Cluster_0,Essential-Spend-Focused Customers,Model-based
KH00106450,65.22500000000001,77.26666666666667,0.46430877255890385,0.16184506661494955,0.735125,0.16679166666666667,13.916666666666666,0.08333333333333333,1.8469330272840976,12,Full History,Cluster_2,Low Engagement & Financially Vulnerable,Model-based
KH00106485,64.03333333333333,79.0,0.5405319622261346,0.17976449645193057,0.7750833333333333,0.18538333333333334,14.0,0.0,1.7543810019160537,12,Full History,Cluster_3,Financially Stretched but Highly Engaged,Model-based
KH00106525,65.65833333333333,72.175,0.38384587780346485,0.18072389409336487,0.7925583333333334,0.21835833333333332,13.0,0.08333333333333333,0.8628953766543078,12,Full History,Cluster_0,Low Engagement & Financially Vulnerable,Model-based
KH00106530,64.31666666666666,74.34166666666667,0.47583163208711077,0.13584698747989019,0.863025,0.18758333333333335,13.666666666666666,0.0,1.9196144817899568,12,Full History,Cluster_3,Low Engagement & Financially Vulnerable,Model-based
KH00106565,66.55833333333334,80.05,0.4321167631087903,0.20185724913279113,0.61205,0.14051666666666668,14.0,0.0,2.559576325170671,12,Full History,Cluster_2,Financially Healthy & Highly Engaged,Model-based
KH00106570,72.56666666666666,77.55833333333334,0.25195200834108317,0.27358538744430316,0.43851666666666667,0.16128333333333333,13.583333333333334,0.25,1.0300685494508302,12,Full History,Cluster_1,Emerging Digital Customers,Model-based
KH00106605,67.8,79.84166666666667,0.46741428934676815,0.20967686745468292,0.63095,0.14135833333333334,13.916666666666666,0.0,1.6329280844818779,12,Full History,Cluster_2,Financially Healthy & Highly Engaged,Model-based
KH00106610,70.11666666666666,78.2,0.509335828487855,0.2138740821437826,0.572775,0.13709166666666667,13.75,0.0,1.69973002121229,12,Full History,Cluster_2,Financially Healthy but Disengaged,Model-based
KH00106645,68.08333333333333,78.075,0.39674558149553807,0.16492615694408774,0.7144750000000001,0.163475,14.0,0.0,0.9569664430378132,12,Full History,Cluster_1,Financially Healthy but Disengaged,Model-based
KH00106650,69.85833333333333,80.41666666666667,0.4559104740102806,0.2220972505951091,0.6054166666666666,0.12169166666666666,14.0,0.0,1.421481498253212,12,Full History,Cluster_1,Financially Healthy & Highly Engaged,Model-based
KH00106685,72.575,78.25,0.3937622421625397,0.2016480504584155,0.5565333333333333,0.12689166666666665,14.0,0.0,0.8930402549462809,12,Full History,Cluster_1,Financially Healthy but Disengaged,Model-based
KH00106690,66.31666666666666,74.675,0.5535473203455507,0.22196125083327958,0.7898999999999999,0.21594166666666667,13.166666666666666,0.25,1.1798146646135426,12,Full History,Cluster_0,Financially Healthy but Disengaged,Model-based
KH00106725,63.86666666666667,78.80833333333334,0.5351213254082353,0.18641653957160942,0.7897416666666667,0.22283333333333333,13.75,0.0,1.5735048311306148,12,Full History,Cluster_3,Financially Stretched but Highly Engaged,Model-based
KH00106730,69.325,71.73333333333333,0.5553886139100026,0.16127103727749337,0.6321333333333333,0.18300000000000002,13.0,0.08333333333333333,1.2224309178784134,12,Full History,Cluster_0,Financially Healthy but Disengaged,Model-based
KH00106765,63.416666666666664,78.91666666666667,0.49488043045154284,0.1922665592088855,0.7416083333333333,0.2543916666666667,14.0,0.0,1.6242415180091874,12,Full History,Cluster_3,Financially Stretched but Highly Engaged,Model-based
KH00106770,64.49166666666666,79.58333333333333,0.5532690499719415,0.19698239011743224,0.7229833333333334,0.2790416666666667,13.916666666666666,0.0,1.4130914681766429,12,Full History,Cluster_3,Financially Stretched but Highly Engaged,Model-based
KH00106805,66.28333333333333,80.175,0.5436153943875006,0.203472521766927,0.6863083333333333,0.17808333333333334,14.0,0.0,1.805874842141997,12,Full History,Cluster_2,Financially Stretched but Highly Engaged,Model-based
KH00106810,47.166666666666664,74.09166666666667,0.4478463264761045,0.2238494141130651,1.0324833333333332,0.3616,13.166666666666666,0.0,2.130698029145309,12,Full History,Cluster_3,Low Engagement & Financially Vulnerable,Model-based
KH00106845,58.94166666666666,79.2,0.38993778050216715,0.19449096733555446,0.9448,0.3753166666666667,14.0,0.0,0.9155699514290424,12,Full History,Cluster_3,Financially Stretched but Highly Engaged,Model-based
KH00106850,58.21666666666667,78.35833333333333,0.4897463851089425,0.2846471169801607,0.9571833333333334,0.37761666666666666,13.416666666666666,0.16666666666666666,1.4705688145757196,12,Full History,Cluster_3,Emerging Digital Customers,Model-based
KH00106885,71.98333333333333,76.15,0.5160627435564763,0.16825321408853422,0.5347333333333334,0.151,13.75,0.16666666666666666,1.5708597339927923,12,Full History,Cluster_2,Financially Healthy but Disengaged,Model-based
KH00106925,66.38333333333334,80.43333333333334,0.5435009921333757,0.24971562640847825,0.7169666666666666,0.214225,13.833333333333334,0.0,1.7972531808149317,12,Full History,Cluster_3,Financially Healthy & Highly Engaged,Model-based
KH00106930,71.41666666666667,75.43333333333332,0.5719625138100195,0.15566061936880213,0.6225833333333334,0.139675,13.666666666666666,0.0,1.375161613726447,12,Full History,Cluster_2,Essential-Spend-Focused Customers,Model-based
KH00106965,62.46666666666667,79.58333333333333,0.5297226125573901,0.1946236208228442,0.9403916666666667,0.18596666666666664,14.0,0.0,1.725315108664167,12,Full History,Cluster_3,Financially Stretched but Highly Engaged,Model-based
KH00106970,66.55833333333334,78.43333333333334,0.4850463978640886,0.2063966222000495,0.7007,0.147825,13.916666666666666,0.0,1.8986740409952496,12,Full History,Cluster_2,Financially Healthy but Disengaged,Model-based
KH00107005,73.86666666666666,74.30833333333334,0.5438291844066433,0.21859263091621703,0.48491666666666666,0.10585,13.166666666666666,0.5,1.3980856395214847,12,Full History,Cluster_0,Financially Healthy but Disengaged,Model-based
KH00107010,68.425,75.11666666666666,0.5051603589898807,0.1426945421956498,0.5765,0.2245,13.916666666666666,0.0,1.5605773887004906,12,Full History,Cluster_2,Financially Healthy but Disengaged,Model-based
KH00107045,64.26666666666667,72.23333333333333,0.4889549276037257,0.16375494527735437,0.8060416666666667,0.23488333333333333,13.25,0.08333333333333333,1.3343365804526737,12,Full History,Cluster_0,Low Engagement & Financially Vulnerable,Model-based
KH00107050,63.43333333333334,76.65833333333333,0.5330207206987871,0.25229474408133995,0.9191666666666668,0.20724166666666666,13.5,0.16666666666666666,1.4556105753568394,12,Full History,Cluster_0,Emerging Digital Customers,Model-based
KH00107085,64.3,82.98333333333333,0.45036246879180947,0.2597673744122511,0.7513166666666667,0.2227083333333333,14.0,0.0,1.7942648221951902,12,Full History,Cluster_3,Financially Stretched but Highly Engaged,Model-based
KH00107090,63.00833333333333,74.60000000000001,0.5098698026223345,0.2246853592406017,0.8156,0.2502166666666667,13.0,0.16666666666666666,1.331541068402736,12,Full History,Cluster_0,Low Engagement & Financially Vulnerable,Model-based
KH00107125,64.73333333333333,78.45,0.3817387629472088,0.20489815643798281,0.8265333333333333,0.22799166666666668,13.916666666666666,0.0,0.9225856099360349,12,Full History,Cluster_1,Low Engagement & Financially Vulnerable,Model-based
KH00107130,69.03333333333333,77.85833333333333,0.5209931312102283,0.20106480241817903,0.579425,0.15895833333333334,13.833333333333334,0.16666666666666666,1.745642419401909,12,Full History,Cluster_2,Financially Healthy but Disengaged,Model-based
KH00107165,66.58333333333333,81.19166666666666,0.452132138533566,0.22577862130234272,0.5734166666666667,0.15540833333333334,14.0,0.0,2.330646264117694,12,Full History,Cluster_2,Financially Healthy & Highly Engaged,Model-based
KH00107170,62.5,78.72500000000001,0.5227265412403759,0.179911344883764,0.8368083333333334,0.21016666666666664,13.916666666666666,0.0,1.7220330359327718,12,Full History,Cluster_3,Financially Stretched but Highly Engaged,Model-based
KH00107205,68.81666666666666,80.7,0.5110711367733368,0.2166247947314852,0.5373249999999999,0.17775833333333332,14.0,0.0,2.2509532070999865,12,Full History,Cluster_2,Financially Healthy & Highly Engaged,Model-based
KH00107210,72.26666666666667,77.64999999999999,0.4034874753588389,0.168631835504812,0.5346916666666667,0.15305,13.916666666666666,0.0,0.9136778272010716,12,Full History,Cluster_1,Financially Healthy but Disengaged,Model-based
KH00107245,68.60833333333333,71.80833333333334,0.5542190885090037,0.17905880305466285,0.6140083333333334,0.21714999999999998,12.583333333333334,0.0,1.2875054154739534,12,Full History,Cluster_0,Financially Healthy but Disengaged,Model-based
KH00107250,61.083333333333336,81.11666666666666,0.512528560869833,0.2270087263376098,0.8717916666666666,0.18045,13.916666666666666,0.0,1.9896362415026978,12,Full History,Cluster_3,Financially Stretched but Highly Engaged,Model-based
KH00107285,66.24166666666666,77.39999999999999,0.5331088529461021,0.21080226887897777,0.6551,0.21472500000000003,13.333333333333334,0.08333333333333333,1.5197030701085108,12,Full History,Cluster_0,Low Engagement & Financially Vulnerable,Model-based
KH00107290,67.05833333333332,80.79166666666667,0.4204174782028391,0.23311859699381957,0.6094916666666667,0.136225,14.0,0.08333333333333333,2.5498266882818648,12,Full History,Cluster_2,Financially Healthy & Highly Engaged,Model-based
KH00107325,67.50833333333334,79.19166666666666,0.5171470688867834,0.18395887716406945,0.57355,0.185075,14.0,0.0,2.1115570321789825,12,Full History,Cluster_2,Financially Healthy & Highly Engaged,Model-based
KH00107330,65.00833333333334,81.6,0.4612199510136786,0.2325352084671589,0.6469833333333334,0.18084166666666668,14.0,0.0,2.22773509673773,12,Full History,Cluster_3,Financially Stretched but Highly Engaged,Model-based
KH00107365,70.675,71.8,0.5706767840984325,0.17399890380262104,0.6043916666666667,0.19779999999999998,13.0,0.25,1.3674738445334318,12,Full History,Cluster_0,Essential-Spend-Focused Customers,Model-based
KH00107405,67.825,75.25833333333334,0.39958774089649013,0.2323892961038794,0.7620999999999999,0.19465833333333335,13.166666666666666,0.16666666666666666,0.8154879833249908,12,Full History,Cluster_0,Financially Healthy but Disengaged,Model-based
KH00107410,65.51666666666667,82.84166666666667,0.45775205790983536,0.25685562408108326,0.7696166666666667,0.17141666666666666,14.0,0.0,1.276709810833785,12,Full History,Cluster_1,Financially Stretched but Highly Engaged,Model-based
KH00107445,72.5,70.91666666666667,0.5640765531602935,0.14801204509365753,0.5193416666666667,0.15033333333333335,13.0,0.25,1.3085593558930162,12,Full History,Cluster_0,Essential-Spend-Focused Customers,Model-based
KH00107450,67.53333333333333,82.38333333333334,0.4297275457156224,0.25001617360729284,0.59795,0.17986666666666665,14.0,0.0,1.7293614043381649,12,Full History,Cluster_1,Financially Healthy & Highly Engaged,Model-based
KH00107485,67.29166666666667,72.5,0.5104228564272504,0.169132538348534,0.7016083333333333,0.20579999999999998,13.333333333333334,0.0,1.1934717597990832,12,Full History,Cluster_0,Financially Healthy but Disengaged,Model-based
KH00107490,67.72500000000001,72.64999999999999,0.558552896696633,0.18450435822909317,0.7396916666666667,0.166375,13.166666666666666,0.08333333333333333,1.351345002648926,12,Full History,Cluster_0,Essential-Spend-Focused Customers,Model-based
KH00107525,65.80833333333334,76.93333333333334,0.5128641453480222,0.1826198922411629,0.7961583333333334,0.15948333333333334,13.75,0.0,1.804369027765108,12,Full History,Cluster_2,Low Engagement & Financially Vulnerable,Model-based
KH00107530,74.55833333333334,73.925,0.40670548517360056,0.19709585457866788,0.492825,0.11118333333333334,13.5,0.0,0.8832811856110996,12,Full History,Cluster_1,Financially Healthy but Disengaged,Model-based
KH00107565,60.56666666666666,71.23333333333333,0.49786741975028703,0.1629324062370362,0.9484583333333333,0.2664083333333333,13.0,0.08333333333333333,1.4226842483917583,12,Full History,Cluster_0,Low Engagement & Financially Vulnerable,Model-based
KH00107570,68.27499999999999,72.54166666666667,0.4832144856850056,0.18053397902141324,0.6564583333333333,0.15874166666666667,13.0,0.08333333333333333,1.4957501504839732,12,Full History,Cluster_0,Financially Healthy but Disengaged,Model-based
KH00107605,63.69166666666667,78.7,0.49115829999065647,0.18417333393402988,0.77725,0.21125833333333333,13.75,0.0,2.103863517168319,12,Full History,Cluster_3,Financially Stretched but Highly Engaged,Model-based
KH00107610,58.36666666666667,74.6,0.4694883835506489,0.2379680221956588,0.9525666666666667,0.26948333333333335,12.75,0.08333333333333333,1.4553699164391884,12,Full History,Cluster_0,Emerging Digital Customers,Model-based
KH00107645,64.65833333333333,74.72500000000001,0.5712668300995152,0.1452446042848819,0.6982916666666666,0.23771666666666666,13.583333333333334,0.08333333333333333,1.6811000543033316,12,Full History,Cluster_0,Essential-Spend-Focused Customers,Model-based
KH00107650,72.05,82.18333333333334,0.44243952341245635,0.24384806238038825,0.5049750000000001,0.10965833333333334,14.0,0.0,1.404175093794355,12,Full History,Cluster_1,Financially Healthy & Highly Engaged,Model-based
KH00107685,61.541666666666664,79.06666666666666,0.5099631753922503,0.18389345497855983,0.791125,0.23034999999999997,14.0,0.0,2.0169630840076547,12,Full History,Cluster_3,Financially Stretched but Highly Engaged,Model-based
KH00107690,64.75833333333334,75.925,0.4658397329126864,0.17242938866702492,0.792875,0.17505,13.416666666666666,0.08333333333333333,2.317262123680657,12,Full History,Cluster_3,Low Engagement & Financially Vulnerable,Model-based
KH00107725,62.34166666666667,82.35000000000001,0.4213126223645158,0.26014752636994115,0.7300916666666667,0.20126666666666668,14.0,0.0,2.349604855038629,12,Full History,Cluster_3,Financially Stretched but Highly Engaged,Model-based
KH00107730,67.96666666666667,80.72500000000001,0.4399051865902432,0.21498221511227178,0.626425,0.131475,14.0,0.0,1.6646519355001272,12,Full History,Cluster_2,Financially Healthy & Highly Engaged,Model-based
KH00107765,61.4,79.19166666666666,0.38414429143751777,0.22127819320310338,1.0063833333333334,0.19761666666666666,13.916666666666666,0.0,0.9522088770615981,12,Full History,Cluster_1,Financially Stretched but Highly Engaged,Model-based
KH00107770,68.63333333333334,79.25,0.39543309400751636,0.19849338646555506,0.7066916666666666,0.14985,13.916666666666666,0.0,0.9154632442587277,12,Full History,Cluster_1,Financially Healthy & Highly Engaged,Model-based
KH00107805,63.25833333333333,84.18333333333332,0.25580140993047334,0.2873374710383955,0.82705,0.16415,14.0,0.0,1.038230251111454,12,Full History,Cluster_1,Financially Stretched but Highly Engaged,Model-based
KH00107845,65.375,81.625,0.4787929215990819,0.23316034435131316,0.657525,0.15805,14.0,0.0,2.2241934951651676,12,Full History,Cluster_2,Financially Stretched but Highly Engaged,Model-based
KH00107850,57.5,78.55,0.5061032883489694,0.17143033580427466,0.8414,0.32675000000000004,14.0,0.0,2.1766104571760256,12,Full History,Cluster_3,Financially Stretched but Highly Engaged,Model-based
KH00107885,72.7,82.45833333333333,0.4416156254896677,0.24944241272149334,0.4694416666666667,0.12708333333333333,14.0,0.0,1.380299540012043,12,Full History,Cluster_1,Financially Healthy & Highly Engaged,Model-based
KH00107925,61.86666666666667,79.96666666666667,0.5188387205828923,0.21415962218867365,0.7602333333333333,0.29759166666666664,13.916666666666666,0.0,1.9135805737387812,12,Full History,Cluster_3,Financially Stretched but Highly Engaged,Model-based
KH00107930,65.69166666666666,76.58333333333333,0.45232543404724757,0.2501823212835941,0.7221583333333333,0.16048333333333334,13.333333333333334,0.0,1.742200573465895,12,Full History,Cluster_2,Emerging Digital Customers,Model-based
KH00107965,71.39999999999999,77.10000000000001,0.45523202054011497,0.18529466112610934,0.5380333333333334,0.13538333333333333,13.833333333333334,0.0,1.8424659623878092,12,Full History,Cluster_2,Financially Healthy but Disengaged,Model-based
KH00107970,61.53333333333333,81.19166666666666,0.5298161461588373,0.22820758819554263,0.887375,0.19691666666666666,13.916666666666666,0.0,1.5800748844074894,12,Full History,Cluster_3,Financially Stretched but Highly Engaged,Model-based
KH00108005,61.925000000000004,70.575,0.5260255689233162,0.148254292371552,0.9266916666666667,0.23795833333333336,13.0,0.16666666666666666,1.4321177727009147,12,Full History,Cluster_0,Low Engagement & Financially Vulnerable,Model-based
KH00108010,65.4,72.48333333333333,0.4867426075066508,0.18305561859069697,0.6707333333333333,0.2586583333333333,13.083333333333334,0.16666666666666666,1.459478278152468,12,Full History,Cluster_0,Low Engagement & Financially Vulnerable,Model-based
KH00108045,70.68333333333334,81.40833333333333,0.49243886281219984,0.22844297532603478,0.5058666666666667,0.11852499999999999,14.0,0.0,2.208195274637256,12,Full History,Cluster_2,Financially Healthy & Highly Engaged,Model-based
KH00108050,64.125,79.63333333333334,0.5041321155184079,0.1934702108836954,0.653975,0.23586666666666667,14.0,0.0,2.021117300466944,12,Full History,Cluster_3,Financially Stretched but Highly Engaged,Model-based
KH00108085,60.0,81.175,0.5071961316571075,0.22523411672231464,0.9348666666666667,0.2292,14.0,0.0,2.395890363747703,12,Full History,Cluster_3,Financially Stretched but Highly Engaged,Model-based
KH00108090,66.77499999999999,76.14999999999999,0.516056615273654,0.16650832253089196,0.7073833333333334,0.20062499999999997,13.833333333333334,0.0,1.2934870187201315,12,Full History,Cluster_2,Financially Healthy but Disengaged,Model-based
KH00108125,65.78333333333333,77.46666666666667,0.48294724645572934,0.18750041909891815,0.621175,0.20080833333333334,14.0,0.0,1.9843320152789143,12,Full History,Cluster_2,Low Engagement & Financially Vulnerable,Model-based
KH00108130,75.18333333333334,73.375,0.5423131869211348,0.18554046064907057,0.47300000000000003,0.10459166666666665,13.416666666666666,0.25,1.1320534702816172,12,Full History,Cluster_0,Financially Healthy but Disengaged,Model-based
KH00108165,68.53333333333333,80.11666666666666,0.3871555703721754,0.24177044388635174,0.5865,0.121075,13.916666666666666,0.08333333333333333,1.5955954602763114,12,Full History,Cluster_1,Financially Healthy & Highly Engaged,Model-based
KH00108170,59.324999999999996,82.48333333333333,0.4614063558666602,0.25053414100997934,0.9146666666666666,0.30512500000000004,14.0,0.0,1.3099855565108374,12,Full History,Cluster_3,Financially Stretched but Highly Engaged,Model-based
KH00108205,68.22500000000001,81.35833333333333,0.48766659714896293,0.228245261552019,0.5724916666666667,0.137425,14.0,0.0,2.1131219664940817,12,Full History,Cluster_2,Financially Healthy & Highly Engaged,Model-based
KH00108210,59.40833333333333,77.66666666666667,0.39507919710093714,0.29648272696662625,0.83825,0.31131666666666663,13.0,0.16666666666666666,2.116992083957061,12,Full History,Cluster_0,Emerging Digital Customers,Model-based
KH00108245,63.574999999999996,73.25,0.4848580701420216,0.19058428181707068,0.9011583333333334,0.27735,13.166666666666666,0.25,1.8194584934513687,12,Full History,Cluster_0,Low Engagement & Financially Vulnerable,Model-based
KH00108250,62.50833333333333,77.21666666666667,0.5779278692003239,0.19097745460521698,0.9153416666666666,0.2839083333333334,13.75,0.08333333333333333,1.507610600313584,12,Full History,Cluster_3,Essential-Spend-Focused Customers,Model-based
KH00108285,71.08333333333333,77.93333333333334,0.5614630264493092,0.16388200327670907,0.560825,0.13939166666666666,13.916666666666666,0.0,1.6852355488940862,12,Full History,Cluster_2,Essential-Spend-Focused Customers,Model-based
KH00108290,65.02499999999999,77.01666666666667,0.46604984848919156,0.17906406746446235,0.7976333333333333,0.19799166666666668,14.0,0.08333333333333333,1.8444187350130097,12,Full History,Cluster_3,Low Engagement & Financially Vulnerable,Model-based
KH00108325,65.48333333333333,78.00833333333334,0.43741080043413877,0.2867138311993804,0.8227416666666666,0.17875833333333335,13.083333333333334,0.25,1.3333507399749556,12,Full History,Cluster_0,Emerging Digital Customers,Model-based
KH00108330,64.19166666666666,74.05,0.5455400920278102,0.2066392627506092,0.833025,0.24205,13.25,0.16666666666666666,1.3470111009156016,12,Full History,Cluster_0,Low Engagement & Financially Vulnerable,Model-based
KH00108365,66.29166666666667,83.52499999999999,0.2525393415086175,0.2731231152093457,0.6736749999999999,0.19862500000000002,14.0,0.0,0.9990211528847418,12,Full History,Cluster_1,Financially Stretched but Highly Engaged,Model-based
KH00108370,61.14166666666667,73.93333333333334,0.5436957204409203,0.21238364210391877,0.816275,0.23464166666666667,13.083333333333334,0.16666666666666666,1.34391471256197,12,Full History,Cluster_0,Low Engagement & Financially Vulnerable,Model-based
KH00108405,65.49166666666666,78.325,0.5399531116632063,0.18584543505042472,0.71,0.20004999999999998,13.75,0.0,1.5613724056202212,12,Full History,Cluster_2,Low Engagement & Financially Vulnerable,Model-based
KH00108410,70.68333333333332,82.47500000000001,0.4666453897912619,0.24932959454267287,0.554975,0.15821666666666667,14.0,0.0,1.2540475623073937,12,Full History,Cluster_1,Financially Healthy & Highly Engaged,Model-based
KH00108445,69.64999999999999,75.71666666666667,0.49983736521587424,0.24102500416933267,0.634975,0.14189166666666667,13.083333333333334,0.16666666666666666,1.527071124845991,12,Full History,Cluster_0,Emerging Digital Customers,Model-based
KH00108450,70.40833333333333,81.50833333333334,0.4468973264081209,0.23025590928136486,0.5385749999999999,0.13940833333333333,14.0,0.0,1.4368826095512996,12,Full History,Cluster_1,Financially Healthy & Highly Engaged,Model-based
KH00108485,71.05,78.25,0.46098818283773374,0.21421340989033713,0.519375,0.1272,13.666666666666666,0.08333333333333333,1.6626910106974782,12,Full History,Cluster_2,Financially Healthy but Disengaged,Model-based
KH00108490,60.333333333333336,82.20833333333333,0.4340843425073426,0.2559666635887596,0.8313416666666665,0.2719333333333333,14.0,0.0,1.4372962329221963,12,Full History,Cluster_3,Financially Stretched but Highly Engaged,Model-based
KH00108525,70.90833333333335,78.71666666666667,0.468428305023498,0.2107834136506593,0.47868333333333335,0.159325,13.916666666666666,0.0,2.0312623094386386,12,Full History,Cluster_2,Financially Healthy & Highly Engaged,Model-based
KH00108530,65.43333333333334,82.73333333333333,0.4467186854600953,0.25469200718463886,0.6823333333333333,0.22978333333333334,14.0,0.0,1.3238204538215732,12,Full History,Cluster_1,Financially Stretched but Highly Engaged,Model-based
KH00108565,60.65,78.65833333333333,0.4210728480396811,0.18709259869243478,0.835025,0.22980833333333336,14.0,0.0,2.848632088567254,12,Full History,Cluster_3,Financially Stretched but Highly Engaged,Model-based
KH00108570,67.25833333333334,76.55833333333334,0.5432450695798697,0.18750448086967944,0.6257,0.19203333333333336,13.416666666666666,0.0,1.5276006784119611,12,Full History,Cluster_2,Financially Healthy but Disengaged,Model-based
KH00108605,63.65,79.41666666666667,0.5168006999378171,0.1882293897141635,0.7973750000000001,0.18853333333333333,14.0,0.0,1.8743346028602048,12,Full History,Cluster_3,Financially Stretched but Highly Engaged,Model-based
KH00108610,66.18333333333334,76.99166666666666,0.503952080464397,0.18004539619815194,0.6888500000000001,0.17280833333333334,13.916666666666666,0.0,1.7255745644823184,12,Full History,Cluster_2,Low Engagement & Financially Vulnerable,Model-based
KH00108645,75.05833333333334,76.55,0.5131384004365788,0.1704609686968915,0.4142333333333333,0.09635,13.916666666666666,0.0,1.6166345106194993,12,Full History,Cluster_2,Financially Healthy but Disengaged,Model-based
KH00108650,67.64999999999999,75.29166666666667,0.5024548245483021,0.22801691991077166,0.7339666666666668,0.19340833333333332,13.416666666666666,0.16666666666666666,1.2449674642352313,12,Full History,Cluster_0,Financially Healthy but Disengaged,Model-based
KH00108685,71.375,76.2,0.5154323073840968,0.1830281250824138,0.5149666666666667,0.12436666666666667,13.5,0.08333333333333333,1.6069962131638693,12,Full History,Cluster_2,Financially Healthy but Disengaged,Model-based
KH00108690,68.89999999999999,79.51666666666667,0.5006582049658589,0.2052623261420292,0.5772916666666666,0.15275000000000002,13.916666666666666,0.0,1.6797789622945878,12,Full History,Cluster_2,Financially Healthy & Highly Engaged,Model-based
KH00108725,67.27499999999999,79.44166666666666,0.5163927257460595,0.20736685789287712,0.737175,0.15900833333333333,13.75,0.0,1.6319858500438382,12,Full History,Cluster_2,Financially Healthy & Highly Engaged,Model-based
KH00108730,61.975,82.14166666666667,0.4265728476484277,0.24270619982131403,0.8446250000000001,0.1745,14.0,0.0,1.955464546844209,12,Full History,Cluster_3,Financially Stretched but Highly Engaged,Model-based
KH00108765,65.46666666666667,83.25,0.25525882363431973,0.2649664730464983,0.7480583333333333,0.15564166666666665,14.0,0.0,1.0822111013293805,12,Full History,Cluster_1,Financially Stretched but Highly Engaged,Model-based
KH00108805,74.26666666666667,78.84166666666667,0.4142933763036925,0.21438643686494693,0.5032916666666667,0.13325,13.916666666666666,0.0,0.792534857214544,12,Full History,Cluster_1,Financially Healthy & Highly Engaged,Model-based
KH00108810,58.074999999999996,73.55833333333334,0.5437617610886004,0.19485870865209465,0.859975,0.3124166666666667,13.25,0.08333333333333333,1.6274041411921256,12,Full History,Cluster_0,Low Engagement & Financially Vulnerable,Model-based
KH00108845,62.09166666666667,82.64166666666667,0.44959002253623986,0.25313252087049204,0.8157916666666667,0.26614166666666667,14.0,0.0,1.3244634175282217,12,Full History,Cluster_3,Financially Stretched but Highly Engaged,Model-based
KH00108850,68.55,75.73333333333333,0.5108221344871481,0.12885097584729086,0.6393666666666666,0.1434,13.916666666666666,0.0,1.6412519400640389,12,Full History,Cluster_2,Financially Healthy but Disengaged,Model-based
KH00108885,59.26666666666667,75.89166666666667,0.5697104645307641,0.17014490091866577,0.9644,0.34912499999999996,13.583333333333334,0.0,1.2526706196971116,12,Full History,Cluster_3,Essential-Spend-Focused Customers,Model-based
KH00108890,66.14999999999999,79.23333333333333,0.5481656493673247,0.1891762828953735,0.7437416666666667,0.16396666666666668,13.916666666666666,0.0,1.668385571648546,12,Full History,Cluster_2,Financially Stretched but Highly Engaged,Model-based
KH00108925,64.30833333333332,82.35833333333333,0.5038360057077059,0.25876155148117874,0.6608083333333333,0.21271666666666667,14.0,0.0,2.320686749668863,12,Full History,Cluster_3,Financially Stretched but Highly Engaged,Model-based
KH00108930,62.458333333333336,74.075,0.4869024165045675,0.207670108018938,0.86315,0.19658333333333333,13.333333333333334,0.25,1.571639430121368,12,Full History,Cluster_0,Low Engagement & Financially Vulnerable,Model-based
KH00108965,64.76666666666667,81.675,0.45139464075087776,0.233713904363926,0.6451,0.1602,14.0,0.0,2.5075894210141056,12,Full History,Cluster_3,Financially Stretched but Highly Engaged,Model-based
KH00108970,64.35833333333333,82.0,0.5512521542693329,0.24201290681132362,0.6625916666666667,0.25048333333333334,14.0,0.0,2.0520703113321135,12,Full History,Cluster_3,Financially Stretched but Highly Engaged,Model-based
KH00109005,66.77499999999999,73.79166666666667,0.4950109295235369,0.21597853277777615,0.74295,0.2060833333333333,13.0,0.3333333333333333,1.3024788580101159,12,Full History,Cluster_0,Financially Healthy but Disengaged,Model-based
KH00109010,70.10000000000001,78.54166666666667,0.5726559519819499,0.17641229236436629,0.6468333333333334,0.13143333333333332,13.916666666666666,0.0,1.5390687610650409,12,Full History,Cluster_2,Essential-Spend-Focused Customers,Model-based
KH00109045,61.73333333333333,79.21666666666667,0.4095534900983391,0.18646894786152005,0.888575,0.28309999999999996,14.0,0.0,0.929013239732225,12,Full History,Cluster_1,Financially Stretched but Highly Engaged,Model-based
KH00109085,63.833333333333336,78.21666666666667,0.4728329094685617,0.17480084252691455,0.7571083333333334,0.16956666666666667,14.0,0.0,2.2788052765073585,12,Full History,Cluster_3,Low Engagement & Financially Vulnerable,Model-based
KH00109090,62.475,79.875,0.5466172707081852,0.21133503155807964,0.8160833333333333,0.24089166666666664,13.916666666666666,0.0,1.5674380014598521,12,Full History,Cluster_3,Financially Stretched but Highly Engaged,Model-based
KH00109125,61.84166666666667,78.44166666666666,0.527164738056236,0.21364447239934167,0.820375,0.25855,13.75,0.0,1.70769973210806,12,Full History,Cluster_3,Low Engagement & Financially Vulnerable,Model-based
KH00109130,67.58333333333333,79.26666666666667,0.527512563938079,0.19018641470003736,0.6704916666666666,0.138475,14.0,0.08333333333333333,1.85512547973601,12,Full History,Cluster_2,Financially Healthy & Highly Engaged,Model-based
KH00109165,66.875,75.14166666666667,0.502915186627326,0.14660352704103155,0.736225,0.16519999999999999,13.666666666666666,0.0,1.329932215661627,12,Full History,Cluster_2,Financially Healthy but Disengaged,Model-based
KH00109170,71.86666666666666,78.75,0.37709667416836684,0.17652444634953143,0.5432083333333333,0.14390833333333333,14.0,0.0,0.9437183178261486,12,Full History,Cluster_1,Financially Healthy & Highly Engaged,Model-based
KH00109205,70.8,76.03333333333333,0.5026487907770743,0.16747705362976995,0.5984333333333334,0.12046666666666667,13.583333333333334,0.0,1.3017976049853976,12,Full History,Cluster_2,Financially Healthy but Disengaged,Model-based
KH00109210,64.56666666666666,78.15833333333333,0.5246583704585667,0.1632186361050191,0.7161,0.181925,14.0,0.0,1.969253187252327,12,Full History,Cluster_2,Low Engagement & Financially Vulnerable,Model-based
KH00109245,65.04166666666667,81.89999999999999,0.42847357666876107,0.2503967665283597,0.6702666666666667,0.13975833333333335,14.0,0.08333333333333333,2.490499394847094,12,Full History,Cluster_3,Financially Stretched but Highly Engaged,Model-based
KH00109250,68.38333333333333,73.88333333333334,0.5008243898589151,0.21154088820322858,0.706925,0.17854166666666668,13.083333333333334,0.16666666666666666,1.2524483115420881,12,Full History,Cluster_0,Financially Healthy but Disengaged,Model-based
KH00109285,67.425,79.675,0.48850201652357245,0.19418159890121042,0.5357999999999999,0.177975,14.0,0.0,2.534608486018851,12,Full History,Cluster_2,Financially Healthy & Highly Engaged,Model-based
KH00109290,66.01666666666667,77.45,0.5704037086302954,0.1576992046317561,0.7027083333333334,0.23010833333333333,13.833333333333334,0.08333333333333333,1.2974602705261187,12,Full History,Cluster_2,Essential-Spend-Focused Customers,Model-based
KH00109325,65.89999999999999,79.45,0.5186906723405718,0.19317031214676925,0.7470166666666667,0.15713333333333332,13.916666666666666,0.0,1.5168485365745799,12,Full History,Cluster_2,Financially Stretched but Highly Engaged,Model-based
KH00109330,76.39999999999999,74.25833333333334,0.5275580760289327,0.20805655876878346,0.3948833333333333,0.10429166666666667,13.25,0.0,1.3094313736392684,12,Full History,Cluster_2,Financially Healthy but Disengaged,Model-based
KH00109365,68.80833333333334,78.55,0.4792048281097796,0.2136276838506054,0.6675083333333333,0.16219166666666665,13.916666666666666,0.08333333333333333,1.7533494182355398,12,Full History,Cluster_2,Financially Healthy & Highly Engaged,Model-based
KH00109370,62.9,79.02499999999999,0.5031600645671598,0.19382082626680774,0.8097583333333334,0.25639166666666663,13.916666666666666,0.0,1.3319438453672396,12,Full History,Cluster_3,Financially Stretched but Highly Engaged,Model-based
KH00109405,57.55833333333334,74.16666666666667,0.4967052839689046,0.21579433518342114,1.0900166666666666,0.24785833333333332,13.166666666666666,0.3333333333333333,1.4123786237729279,12,Full History,Cluster_0,Low Engagement & Financially Vulnerable,Model-based
KH00109410,65.73333333333333,77.76666666666667,0.4674555445959015,0.1927351595673077,0.7328083333333333,0.169,13.916666666666666,0.0,1.6146472828379856,12,Full History,Cluster_2,Low Engagement & Financially Vulnerable,Model-based
KH00109445,69.91666666666667,80.3,0.5202725241181723,0.21038957846573383,0.6060833333333333,0.13268333333333335,14.0,0.0,2.0988861999922253,12,Full History,Cluster_2,Financially Healthy & Highly Engaged,Model-based
KH00109450,66.95,73.65833333333333,0.3988122915720224,0.19959523461370146,0.7868583333333333,0.19036666666666668,13.083333333333334,0.0,0.8242949273789529,12,Full History,Cluster_0,Financially Healthy but Disengaged,Model-based
KH00109490,68.35000000000001,77.30833333333334,0.4874531327716156,0.16011680209813786,0.6010333333333333,0.16263333333333332,13.916666666666666,0.0,1.7351198031817203,12,Full History,Cluster_2,Financially Healthy but Disengaged,Model-based
KH00109525,65.79166666666667,77.05,0.5214679139573738,0.1850476184548613,0.76405,0.20085833333333333,13.833333333333334,0.0,1.3067811623134509,12,Full History,Cluster_2,Low Engagement & Financially Vulnerable,Model-based
KH00109530,72.20833333333333,78.45833333333333,0.5636894709733232,0.18137079066777237,0.52935,0.10984166666666667,13.916666666666666,0.0,1.8064004917745358,12,Full History,Cluster_2,Essential-Spend-Focused Customers,Model-based
KH00109565,74.71666666666667,70.95833333333333,0.5518715749332511,0.15038623629047113,0.4393666666666666,0.13944166666666666,13.083333333333334,0.3333333333333333,1.6124518372124992,12,Full History,Cluster_0,Financially Healthy but Disengaged,Model-based
KH00109570,69.75,74.775,0.508676850581011,0.13653123164506428,0.57095,0.18484166666666668,13.916666666666666,0.0,1.6660202169499494,12,Full History,Cluster_2,Financially Healthy but Disengaged,Model-based
KH00109605,64.53333333333333,75.825,0.5612700376714316,0.24640374102349735,0.8580583333333333,0.29389166666666666,13.333333333333334,0.25,1.2721550390082341,12,Full History,Cluster_0,Essential-Spend-Focused Customers,Model-based
KH00109610,62.74166666666667,80.45833333333333,0.4647297565988655,0.2102128359035368,0.7365333333333334,0.18148333333333333,14.0,0.0,2.142105290902339,12,Full History,Cluster_3,Financially Stretched but Highly Engaged,Model-based
KH00109645,69.4,81.48333333333333,0.44847457599773666,0.24722392333278578,0.5268833333333333,0.11998333333333333,14.0,0.0,2.275633921305426,12,Full History,Cluster_2,Financially Healthy & Highly Engaged,Model-based
KH00109650,71.79166666666667,79.40833333333333,0.3918346879977303,0.19036785334763318,0.512325,0.18951666666666667,14.0,0.0,0.9181241210948089,12,Full History,Cluster_1,Financially Healthy & Highly Engaged,Model-based
KH00109685,62.125,78.725,0.5292383816585443,0.1758591287313925,0.8322250000000001,0.21561666666666668,14.0,0.0,1.8115837990363122,12,Full History,Cluster_3,Financially Stretched but Highly Engaged,Model-based
KH00109690,62.74166666666667,79.55833333333334,0.48502739220752455,0.19353559167060563,0.7361166666666668,0.2347,14.0,0.0,2.0556704052225543,12,Full History,Cluster_3,Financially Stretched but Highly Engaged,Model-based
KH00109730,64.69166666666666,75.10000000000001,0.46600114205761795,0.251034385523376,0.7940166666666667,0.19165,12.5,0.0,1.1925278953603742,12,Full History,Cluster_0,Emerging Digital Customers,Model-based
KH00109765,64.48333333333333,79.26666666666667,0.5767171594515789,0.19277266707533233,0.8436916666666666,0.20136666666666667,13.833333333333334,0.0,1.3188149435893857,12,Full History,Cluster_3,Essential-Spend-Focused Customers,Model-based
KH00109770,61.74166666666667,77.68333333333334,0.5356973890093694,0.15907257397313315,0.7515666666666667,0.2711166666666667,13.916666666666666,0.0,2.0694891644438758,12,Full History,Cluster_3,Low Engagement & Financially Vulnerable,Model-based
KH00109805,64.69166666666666,78.74166666666666,0.3904056598398249,0.1843432837907413,0.8017083333333334,0.20166666666666666,14.0,0.0,0.9392622937722296,12,Full History,Cluster_1,Financially Stretched but Highly Engaged,Model-based
KH00109845,66.44166666666666,76.25,0.4901061869778041,0.2320166566045745,0.63295,0.22995833333333335,13.666666666666666,0.25,1.4550283630089913,12,Full History,Cluster_0,Financially Healthy but Disengaged,Model-based
KH00109850,66.05833333333334,79.425,0.5673574402080837,0.20051016896176477,0.7036250000000001,0.16573333333333332,14.0,0.0,1.7963946851240464,12,Full History,Cluster_2,Essential-Spend-Focused Customers,Model-based
KH00109885,72.88333333333334,78.08333333333333,0.5128728294673777,0.2102145915673069,0.49920000000000003,0.10339166666666666,13.583333333333334,0.0,1.5303547047289932,12,Full History,Cluster_2,Financially Healthy but Disengaged,Model-based
KH00109890,59.51666666666667,80.18333333333332,0.48007021820389645,0.2037433114298974,0.9511916666666668,0.20795,14.0,0.0,2.6060755909010287,12,Full History,Cluster_3,Financially Stretched but Highly Engaged,Model-based
KH00109925,61.9,80.825,0.5342868986061146,0.21653399458367908,0.8130833333333333,0.246375,14.0,0.0,1.8169015680701646,12,Full History,Cluster_3,Financially Stretched but Highly Engaged,Model-based
KH00109930,62.40833333333333,79.90833333333333,0.506098795010845,0.24260217145288268,0.8266583333333334,0.25371666666666665,13.75,0.08333333333333333,1.4509306470732684,12,Full History,Cluster_3,Financially Stretched but Highly Engaged,Model-based
KH00109965,64.70833333333333,81.78333333333333,0.46865794122660764,0.24835047971051347,0.7858583333333332,0.1662,14.0,0.0,1.3569444801417685,12,Full History,Cluster_1,Financially Stretched but Highly Engaged,Model-based
KH00109970,56.525,77.71666666666667,0.5384125899421388,0.21259185695763985,0.9610083333333334,0.2997166666666667,13.416666666666666,0.08333333333333333,1.6227089962836556,12,Full History,Cluster_3,Low Engagement & Financially Vulnerable,Model-based
KH00110005,70.1,81.21666666666667,0.4877985095664504,0.2418902426659804,0.5491416666666666,0.1236,13.75,0.0,1.7866304982509815,12,Full History,Cluster_2,Financially Healthy & Highly Engaged,Model-based
KH00110010,65.19166666666666,77.95833333333333,0.43573390982067295,0.271174296715939,0.656275,0.2609666666666667,13.583333333333334,0.08333333333333333,1.3291897074849026,12,Full History,Cluster_1,Emerging Digital Customers,Model-based
KH00110045,67.71666666666667,78.79166666666667,0.3910326885389348,0.19121503831540435,0.6806749999999999,0.20315000000000003,13.916666666666666,0.0,0.9596873022170801,12,Full History,Cluster_1,Financially Healthy & Highly Engaged,Model-based
KH00110050,70.35833333333333,75.96666666666667,0.4794227289284796,0.23106540983255072,0.6437,0.13655833333333334,13.666666666666666,0.0,1.1532948656811433,12,Full History,Cluster_1,Financially Healthy but Disengaged,Model-based
KH00110085,65.72500000000001,78.93333333333334,0.47775141706207885,0.21901051492576232,0.6886916666666667,0.17348333333333332,13.916666666666666,0.0,1.662316198287562,12,Full History,Cluster_2,Financially Stretched but Highly Engaged,Model-based
KH00110090,63.5,78.925,0.5283899863975208,0.18969331265974124,0.859625,0.17348333333333332,14.0,0.0,2.1349634790394236,12,Full History,Cluster_3,Financially Stretched but Highly Engaged,Model-based
KH00110125,66.3,76.80833333333334,0.4734279379564848,0.15031060861385503,0.6262166666666666,0.226075,13.916666666666666,0.0,1.5615834044098171,12,Full History,Cluster_2,Low Engagement & Financially Vulnerable,Model-based
KH00110130,69.75,75.625,0.5198121308764158,0.15751827085312062,0.5863333333333333,0.13544166666666665,13.666666666666666,0.0,1.586621309324606,12,Full History,Cluster_2,Financially Healthy but Disengaged,Model-based
KH00110165,67.69166666666666,80.51666666666667,0.5065666404426735,0.22147001922706178,0.6473,0.15081666666666668,14.0,0.0,1.6648545218232107,12,Full History,Cluster_2,Financially Healthy & Highly Engaged,Model-based
KH00110170,57.39166666666667,80.14999999999999,0.4847535617858533,0.21490407132905795,1.0197333333333334,0.24219166666666667,14.0,0.08333333333333333,2.207541400501737,12,Full History,Cluster_3,Financially Stretched but Highly Engaged,Model-based
KH00110205,64.40833333333333,81.73333333333333,0.42364678056158955,0.2382106246593194,0.7573083333333334,0.15675833333333333,14.0,0.0,1.575657450272675,12,Full History,Cluster_1,Financially Stretched but Highly Engaged,Model-based
KH00110210,72.14999999999999,76.03333333333333,0.5370187326295223,0.16995787737816337,0.5192666666666667,0.1722,13.75,0.0,1.7674388093334825,12,Full History,Cluster_2,Financially Healthy but Disengaged,Model-based
KH00110250,68.47500000000001,80.46666666666667,0.5436564230567489,0.21371606613132446,0.6584333333333333,0.13718333333333332,13.916666666666666,0.0,1.4114234512208388,12,Full History,Cluster_2,Financially Healthy & Highly Engaged,Model-based
KH00110290,72.71666666666667,82.18333333333334,0.46690859952487634,0.2534502440575617,0.5121749999999999,0.10426666666666666,14.0,0.0,1.3077602587719372,12,Full History,Cluster_1,Financially Healthy & Highly Engaged,Model-based
KH00110325,70.39999999999999,79.8,0.5459555589078441,0.1999613873888871,0.5177416666666667,0.19471666666666668,13.916666666666666,0.0,1.448672603820645,12,Full History,Cluster_2,Financially Healthy & Highly Engaged,Model-based
KH00110330,61.09166666666667,81.39166666666667,0.4741753871383361,0.22911511222291214,0.8171583333333334,0.18983333333333333,14.0,0.0,2.5164992523524767,12,Full History,Cluster_3,Financially Stretched but Highly Engaged,Model-based
KH00110365,61.28333333333333,78.21666666666667,0.486328041946337,0.1765949933873423,0.7901833333333332,0.3103916666666667,14.0,0.0,2.0901241082532827,12,Full History,Cluster_3,Low Engagement & Financially Vulnerable,Model-based
KH00110370,71.675,73.59166666666667,0.39004510790495556,0.20203383946104234,0.6057416666666667,0.132,13.25,0.4166666666666667,0.8862615850957959,12,Full History,Cluster_0,Financially Healthy but Disengaged,Model-based
KH00110405,64.36666666666666,77.11666666666666,0.47244821560375594,0.18697666122991666,0.71895,0.14520833333333333,13.916666666666666,0.08333333333333333,1.952078511504406,12,Full History,Cluster_2,Low Engagement & Financially Vulnerable,Model-based
KH00110410,60.56666666666667,71.09166666666667,0.5760221730209006,0.15084509918623876,0.8998583333333333,0.3554166666666667,13.166666666666666,0.3333333333333333,1.328479326690274,12,Full History,Cluster_0,Essential-Spend-Focused Customers,Model-based
KH00110445,67.2,73.075,0.4911670132871317,0.1896876068038178,0.6926583333333333,0.178675,13.25,0.3333333333333333,1.4730051604818586,12,Full History,Cluster_0,Financially Healthy but Disengaged,Model-based
KH00110450,63.90833333333333,78.36666666666666,0.5006386961833481,0.1846460958130671,0.800925,0.20754166666666665,13.833333333333334,0.0,1.5978049253926878,12,Full History,Cluster_3,Low Engagement & Financially Vulnerable,Model-based
KH00110485,42.31666666666666,73.96666666666667,0.45797754507016947,0.1966616206647218,1.1686666666666667,0.42945833333333333,13.416666666666666,0.08333333333333333,1.516432769131007,12,Full History,Cluster_3,Low Engagement & Financially Vulnerable,Model-based
KH00110490,69.44166666666666,79.89999999999999,0.5360385747771219,0.21876597219142632,0.5479999999999999,0.20603333333333332,13.75,0.0,1.51075789431557,12,Full History,Cluster_2,Financially Healthy & Highly Engaged,Model-based
KH00110525,72.01666666666667,80.65833333333333,0.5044634227439957,0.21748409384797393,0.50615,0.11066666666666668,13.916666666666666,0.0,1.64806340943776,12,Full History,Cluster_2,Financially Healthy & Highly Engaged,Model-based
KH00110530,71.64166666666667,77.78333333333333,0.505928666442219,0.19398807792723216,0.4878833333333333,0.149625,13.916666666666666,0.0,1.9203489770345694,12,Full History,Cluster_2,Financially Healthy but Disengaged,Model-based
KH00110565,67.225,75.65833333333333,0.4718427233957481,0.23021978896679104,0.6627333333333333,0.14414166666666667,13.416666666666666,0.16666666666666666,1.5595765981265772,12,Full History,Cluster_0,Financially Healthy but Disengaged,Model-based
KH00110570,63.425000000000004,80.22500000000001,0.5026924757198244,0.2069094127979988,0.7348833333333333,0.227075,14.0,0.0,1.6871308220701018,12,Full History,Cluster_3,Financially Stretched but Highly Engaged,Model-based
KH00110605,63.55833333333334,79.50833333333334,0.39166395741497845,0.19259130817586254,0.8726583333333333,0.219275,14.0,0.0,0.8952564791724503,12,Full History,Cluster_1,Financially Stretched but Highly Engaged,Model-based
KH00110610,66.575,81.23333333333333,0.484740607036348,0.22688530497484014,0.6721916666666666,0.13965,14.0,0.0,2.083933749663346,12,Full History,Cluster_2,Financially Healthy & Highly Engaged,Model-based
KH00110645,73.875,81.27499999999999,0.5133438675024581,0.2280181939663726,0.3953,0.11423333333333334,14.0,0.0,2.3068770211268563,12,Full History,Cluster_2,Financially Healthy & Highly Engaged,Model-based
KH00110685,74.23333333333333,72.0,0.5300707505423439,0.15568073597809637,0.522425,0.10831666666666667,13.5,0.3333333333333333,1.4940755602098588,12,Full History,Cluster_0,Financially Healthy but Disengaged,Model-based
KH00110690,71.60833333333333,70.85000000000001,0.5340532188771737,0.13701578987653987,0.5512333333333334,0.11099999999999999,13.416666666666666,0.25,1.6421432159836113,12,Full History,Cluster_0,Financially Healthy but Disengaged,Model-based
KH00110725,68.93333333333334,79.39999999999999,0.5369899738128463,0.19340736416146276,0.5634750000000001,0.18189999999999998,13.916666666666666,0.0,1.7175652435422564,12,Full History,Cluster_2,Financially Healthy & Highly Engaged,Model-based
KH00110770,63.56666666666666,79.15833333333333,0.5256213971171269,0.20120499597336972,0.82645,0.18230833333333332,13.75,0.0,1.692305369568486,12,Full History,Cluster_3,Financially Stretched but Highly Engaged,Model-based
KH00110805,66.05833333333334,77.54166666666667,0.5347389358534297,0.1571201295309678,0.6573583333333334,0.21564166666666665,13.916666666666666,0.0,1.8564784691559064,12,Full History,Cluster_2,Low Engagement & Financially Vulnerable,Model-based
KH00110810,63.30833333333333,82.22500000000001,0.48902789297898713,0.24436806391578458,0.7554666666666666,0.1512,14.0,0.0,2.226045835614832,12,Full History,Cluster_3,Financially Stretched but Highly Engaged,Model-based
KH00110845,65.09166666666667,71.27499999999999,0.5039104893850829,0.15351275826936778,0.8296083333333334,0.16422499999999998,13.0,0.0,1.3170859628245657,12,Full History,Cluster_0,Low Engagement & Financially Vulnerable,Model-based
KH00110850,62.175000000000004,80.18333333333334,0.46710293055906216,0.2064637391080768,0.8629583333333333,0.1773,14.0,0.0,2.625280628440041,12,Full History,Cluster_3,Financially Stretched but Highly Engaged,Model-based
KH00110885,68.925,83.375,0.43309423134105446,0.27796231493599605,0.5578500000000001,0.17679999999999998,14.0,0.0,1.5018222469298077,12,Full History,Cluster_1,Financially Healthy & Highly Engaged,Model-based
KH00110890,69.14166666666667,73.53333333333333,0.5085022987558109,0.18122358913766545,0.6333083333333334,0.13515833333333335,13.666666666666666,0.0,1.5749947291233892,12,Full History,Cluster_2,Financially Healthy but Disengaged,Model-based
KH00110930,64.40833333333333,82.30833333333334,0.5000194349716851,0.24716289830444957,0.7100416666666667,0.16059166666666666,14.0,0.0,2.1193392732917324,12,Full History,Cluster_3,Financially Stretched but Highly Engaged,Model-based
KH00110965,68.50833333333334,78.14999999999999,0.505878995967726,0.17526525342206567,0.6210166666666667,0.16216666666666668,14.0,0.0,1.4707767316231404,12,Full History,Cluster_2,Financially Healthy but Disengaged,Model-based
KH00110970,64.95833333333333,75.35000000000001,0.41126901666531324,0.23913808105949277,0.8163166666666667,0.25074166666666664,13.166666666666666,0.25,1.7031882585681046,12,Full History,Cluster_0,Emerging Digital Customers,Model-based
KH00111005,70.3,80.675,0.47010481295420825,0.2244086763269287,0.5820833333333334,0.13886666666666667,14.0,0.0,1.2984444717958967,12,Full History,Cluster_1,Financially Healthy & Highly Engaged,Model-based
KH00111010,68.75,77.77499999999999,0.4798545585259084,0.1983028061090406,0.63125,0.157825,13.833333333333334,0.0,1.2971005275381715,12,Full History,Cluster_2,Financially Healthy but Disengaged,Model-based
KH00111045,65.24166666666666,71.85000000000001,0.598102106800899,0.17666686301985737,0.733925,0.2499583333333333,12.75,0.08333333333333333,1.2483821205801564,12,Full History,Cluster_0,Essential-Spend-Focused Customers,Model-based
KH00111050,64.10833333333333,80.58333333333333,0.5260030889888061,0.21572909607587162,0.8192166666666667,0.20466666666666666,14.0,0.0,1.8985082156574122,12,Full History,Cluster_3,Financially Stretched but Highly Engaged,Model-based
KH00111090,73.49166666666666,77.825,0.4033913447766155,0.20312027111982678,0.5249333333333334,0.114275,13.75,0.08333333333333333,0.9107606268351005,12,Full History,Cluster_1,Financially Healthy but Disengaged,Model-based
KH00111125,66.95,72.36666666666666,0.48852217742607235,0.1635873111500547,0.6684416666666667,0.14078333333333334,13.5,0.0,1.8011807470283017,12,Full History,Cluster_2,Financially Healthy but Disengaged,Model-based
KH00111130,66.64166666666667,79.25833333333334,0.531203391788556,0.20359099899410482,0.688325,0.19983333333333334,13.75,0.0,1.478100828632382,12,Full History,Cluster_2,Financially Healthy & Highly Engaged,Model-based
KH00111165,65.10000000000001,79.19166666666666,0.49916935722248684,0.20016032039198453,0.6822833333333334,0.20318333333333335,13.833333333333334,0.0,1.7835319199865054,12,Full History,Cluster_3,Financially Stretched but Highly Engaged,Model-based
KH00111170,62.63333333333333,74.83333333333333,0.49127209352376977,0.14876524887479006,0.7791666666666667,0.246375,13.583333333333334,0.08333333333333333,1.4508942211135902,12,Full History,Cluster_0,Low Engagement & Financially Vulnerable,Model-based
KH00111205,64.25833333333334,79.14999999999999,0.37700442848299426,0.18497792869791221,0.7583166666666666,0.25015000000000004,14.0,0.0,0.9425004577813184,12,Full History,Cluster_1,Financially Stretched but Highly Engaged,Model-based
KH00111245,66.00833333333334,76.76666666666667,0.5070314586179612,0.17905964302677743,0.7702833333333333,0.17605,13.833333333333334,0.0,1.4080364756475143,12,Full History,Cluster_2,Low Engagement & Financially Vulnerable,Model-based
KH00111250,65.175,74.93333333333334,0.508444479861231,0.2246675911809046,0.8328416666666666,0.25490833333333335,13.333333333333334,0.08333333333333333,1.1486660356707568,12,Full History,Cluster_0,Low Engagement & Financially Vulnerable,Model-based
KH00111285,64.35833333333333,75.53333333333335,0.5035361352503327,0.22387063525749437,0.75095,0.20099166666666668,13.5,0.0,1.6344275922375076,12,Full History,Cluster_3,Low Engagement & Financially Vulnerable,Model-based
KH00111290,75.60833333333333,80.46666666666667,0.5099430085313957,0.22074929097328702,0.3709,0.10254166666666666,14.0,0.0,1.831420018456983,12,Full History,Cluster_2,Financially Healthy & Highly Engaged,Model-based
KH00111325,73.84166666666667,80.52499999999999,0.5202989139405599,0.24721300549264938,0.4472666666666667,0.10293333333333334,14.0,0.0,1.8021093540055146,12,Full History,Cluster_2,Financially Healthy & Highly Engaged,Model-based
KH00111330,63.775,78.50833333333334,0.4649147369937611,0.18701209355700252,0.7936583333333335,0.1688333333333333,13.833333333333334,0.0,1.6837706164651107,12,Full History,Cluster_3,Low Engagement & Financially Vulnerable,Model-based
KH00111370,64.79166666666667,74.20833333333333,0.382306224848967,0.2142811256283562,0.826475,0.241725,13.166666666666666,0.4166666666666667,0.8663194100069366,12,Full History,Cluster_0,Low Engagement & Financially Vulnerable,Model-based
KH00111405,66.14166666666667,79.38333333333334,0.46528954501140934,0.20923981938294742,0.6752833333333333,0.16411666666666666,13.75,0.08333333333333333,1.4741570291744477,12,Full History,Cluster_2,Financially Stretched but Highly Engaged,Model-based
KH00111410,63.875,77.60000000000001,0.5329982058547981,0.19903668029973579,0.7537333333333334,0.2748583333333333,13.75,0.16666666666666666,1.5885119110169619,12,Full History,Cluster_0,Low Engagement & Financially Vulnerable,Model-based
KH00111445,64.89166666666667,77.425,0.49763401427273557,0.18864996018844782,0.758425,0.205825,13.833333333333334,0.0,1.6204373295112227,12,Full History,Cluster_3,Low Engagement & Financially Vulnerable,Model-based
KH00111485,66.77499999999999,77.74166666666666,0.48752016229637407,0.20494689237885874,0.684825,0.16355833333333333,13.583333333333334,0.08333333333333333,1.5895401449087057,12,Full History,Cluster_2,Financially Healthy but Disengaged,Model-based
KH00111490,71.48333333333333,73.16666666666667,0.4693271255002908,0.20107251627047637,0.5142,0.15445,13.166666666666666,0.08333333333333333,1.503360269263806,12,Full History,Cluster_0,Financially Healthy but Disengaged,Model-based
KH00111525,62.258333333333326,82.59166666666667,0.26161995490049456,0.26658527830370776,0.9316749999999999,0.18559166666666668,14.0,0.0,0.9851188476540423,12,Full History,Cluster_1,Financially Stretched but Highly Engaged,Model-based
KH00111530,61.35,79.03333333333333,0.5400642491369071,0.18642912287630675,0.8356083333333334,0.28805,13.916666666666666,0.0,1.523953635106837,12,Full History,Cluster_3,Financially Stretched but Highly Engaged,Model-based
KH00111565,63.25,77.81666666666666,0.5078703614302312,0.19730622486054095,0.9317333333333333,0.22105,13.833333333333334,0.08333333333333333,1.5121311860984221,12,Full History,Cluster_3,Low Engagement & Financially Vulnerable,Model-based
KH00111570,66.16666666666667,77.95833333333333,0.5321152048065402,0.18001260683872833,0.7384499999999999,0.17579999999999998,13.666666666666666,0.0,1.3570544022949729,12,Full History,Cluster_2,Low Engagement & Financially Vulnerable,Model-based
KH00111605,64.53333333333333,77.08333333333333,0.5150765558130861,0.1806103086974901,0.859625,0.17069166666666669,13.916666666666666,0.0,1.9344634569976524,12,Full History,Cluster_3,Low Engagement & Financially Vulnerable,Model-based
KH00111610,62.49166666666667,78.85000000000001,0.5376959231249918,0.1883161078933513,0.9052250000000001,0.23991666666666664,14.0,0.0,1.8266036578091953,12,Full History,Cluster_3,Financially Stretched but Highly Engaged,Model-based
KH00111645,63.50833333333333,83.825,0.245220373693631,0.29384445809786114,0.7426583333333333,0.23651666666666668,13.916666666666666,0.08333333333333333,1.0034445887039904,12,Full History,Cluster_1,Financially Stretched but Highly Engaged,Model-based
KH00111650,68.575,78.99166666666666,0.539382680887416,0.19102415856331192,0.5964833333333334,0.16425,14.0,0.0,1.603913463101856,12,Full History,Cluster_2,Financially Healthy & Highly Engaged,Model-based
KH00111685,64.33333333333333,79.60000000000001,0.556287415296738,0.19958356039850159,0.8666416666666666,0.17734166666666665,13.833333333333334,0.0,1.319119344482549,12,Full History,Cluster_3,Essential-Spend-Focused Customers,Model-based
KH00111725,64.10833333333333,79.00833333333334,0.3812253887335584,0.18246490000051704,0.7531500000000001,0.269525,14.0,0.0,0.9589165016822614,12,Full History,Cluster_1,Financially Stretched but Highly Engaged,Model-based
KH00111730,71.77499999999999,77.49166666666666,0.4921800103077731,0.16188800819541863,0.5160416666666666,0.11074166666666667,14.0,0.0,1.8508482224327063,12,Full History,Cluster_2,Financially Healthy but Disengaged,Model-based
KH00111765,57.975,83.10833333333333,0.49415464334127407,0.2632272842961257,0.8667666666666666,0.3096083333333333,14.0,0.0,2.2902785480943693,12,Full History,Cluster_3,Financially Stretched but Highly Engaged,Model-based
KH00111770,66.43333333333334,78.91666666666667,0.4416735787241404,0.2158358985868898,0.6932583333333334,0.147575,13.916666666666666,0.0,1.8479021950741543,12,Full History,Cluster_2,Financially Healthy & Highly Engaged,Model-based
KH00111805,66.91666666666667,77.05833333333334,0.4654827867965528,0.185626877743275,0.6663166666666667,0.141875,13.75,0.0,1.7134791165145868,12,Full History,Cluster_2,Financially Healthy but Disengaged,Model-based
KH00111810,70.02499999999999,72.99166666666666,0.36483968099097747,0.1928991794687778,0.5871583333333333,0.1698333333333333,13.0,0.08333333333333333,0.9400988960141273,12,Full History,Cluster_0,Financially Healthy but Disengaged,Model-based
KH00111845,59.1,79.34166666666667,0.5826737671694143,0.22905076584544604,0.9671166666666666,0.2459916666666667,13.75,0.0,1.3619655956696546,12,Full History,Cluster_3,Essential-Spend-Focused Customers,Model-based
KH00111850,56.708333333333336,80.65833333333333,0.5129028550997108,0.25088569866686117,1.0020333333333333,0.22660833333333333,14.0,0.0,1.8751897490740461,12,Full History,Cluster_3,Financially Stretched but Highly Engaged,Model-based
KH00111890,76.35833333333333,79.88333333333334,0.5358083348888626,0.202644009267124,0.37307500000000005,0.09301666666666668,13.916666666666666,0.0,1.4781419937411824,12,Full History,Cluster_2,Financially Healthy & Highly Engaged,Model-based
KH00111925,69.64166666666667,82.94166666666666,0.43804623144362237,0.2711591957757897,0.5435666666666666,0.18611666666666668,14.0,0.0,1.3000310122216978,12,Full History,Cluster_1,Financially Healthy & Highly Engaged,Model-based
KH00111930,60.208333333333336,81.575,0.49103466355868736,0.2346030626249498,0.9656250000000001,0.22040833333333332,14.0,0.0,1.9706515672983895,12,Full History,Cluster_3,Financially Stretched but Highly Engaged,Model-based
KH00111965,66.59166666666667,72.55,0.4323569046243038,0.1660175734722855,0.7669833333333332,0.21833333333333335,13.666666666666666,0.08333333333333333,1.7382730870270218,12,Full History,Cluster_0,Financially Healthy but Disengaged,Model-based
KH00111970,71.54166666666667,79.03333333333333,0.4546629429379004,0.19422281601915195,0.4656666666666667,0.12127500000000001,13.916666666666666,0.0,2.094911098421681,12,Full History,Cluster_2,Financially Healthy & Highly Engaged,Model-based
KH00112005,75.22500000000001,78.58333333333333,0.41177837304422793,0.18579068121198747,0.4696416666666667,0.10238333333333333,13.916666666666666,0.0,0.9178745459206129,12,Full History,Cluster_1,Financially Healthy & Highly Engaged,Model-based
KH00112010,70.675,74.64166666666667,0.4162521550813401,0.21710689914956313,0.6612916666666666,0.148475,13.333333333333334,0.16666666666666666,0.8300927173469018,12,Full History,Cluster_0,Financially Healthy but Disengaged,Model-based
KH00112050,61.98333333333333,78.825,0.5026293398709657,0.19711251617550796,0.7855833333333333,0.23925,13.666666666666666,0.0,1.6409844399454216,12,Full History,Cluster_3,Financially Stretched but Highly Engaged,Model-based
KH00112085,68.925,78.075,0.5461287283786813,0.1971358066605805,0.6541,0.13097499999999998,14.0,0.08333333333333333,1.7128912910284253,12,Full History,Cluster_2,Financially Healthy but Disengaged,Model-based
KH00112090,63.300000000000004,81.91666666666667,0.4483962760479488,0.2382790228886823,0.7729333333333334,0.157525,14.0,0.0,2.164690966567577,12,Full History,Cluster_3,Financially Stretched but Highly Engaged,Model-based
KH00112125,65.55833333333334,77.98333333333333,0.387175649193058,0.2014397174132585,0.709175,0.27334166666666665,13.916666666666666,0.0,0.880917861727455,12,Full History,Cluster_1,Low Engagement & Financially Vulnerable,Model-based
KH00112130,64.64166666666667,72.28333333333333,0.6403688803703621,0.17391316833445317,0.8705083333333333,0.26790833333333336,13.25,0.25,1.160391225955523,12,Full History,Cluster_0,Essential-Spend-Focused Customers,Model-based
KH00112165,61.71666666666667,80.68333333333334,0.5240805290180067,0.21614966761143237,0.7988916666666667,0.21040833333333334,14.0,0.0,1.9235929082081995,12,Full History,Cluster_3,Financially Stretched but Highly Engaged,Model-based
KH00112170,68.21666666666667,78.04166666666667,0.424280507482001,0.17568466332918012,0.6550916666666667,0.15533333333333332,14.0,0.0,3.038598938216173,12,Full History,Cluster_2,Financially Healthy but Disengaged,Model-based
KH00112205,50.824999999999996,82.41666666666667,0.4988248547914862,0.2591889080767004,1.0416583333333334,0.36860833333333337,14.0,0.0,1.9501705956906743,12,Full History,Cluster_3,Financially Stretched but Highly Engaged,Model-based
KH00112210,66.21666666666667,80.35833333333333,0.5348733030229467,0.25122400303184406,0.764875,0.18159999999999998,13.916666666666666,0.25,1.9908195880413544,12,Full History,Cluster_3,Financially Stretched but Highly Engaged,Model-based
KH00112245,71.95833333333333,79.00833333333334,0.4800265849365817,0.19311318905583377,0.46725833333333333,0.15754166666666666,14.0,0.0,1.8588061951802102,12,Full History,Cluster_2,Financially Healthy & Highly Engaged,Model-based
KH00112250,68.80833333333334,77.71666666666667,0.5168000316126058,0.19051741678828757,0.6441083333333334,0.141425,14.0,0.0,1.4398057329863276,12,Full History,Cluster_2,Financially Healthy but Disengaged,Model-based
KH00112285,64.79166666666667,76.69166666666666,0.3837613769801764,0.17062529959017478,0.7561333333333332,0.25193333333333334,13.916666666666666,0.0,0.9700570215650277,12,Full History,Cluster_1,Low Engagement & Financially Vulnerable,Model-based
KH00112290,66.45,74.0,0.47497064481942647,0.20694273617827863,0.6560166666666667,0.25745833333333334,13.166666666666666,0.0,1.3906341552779005,12,Full History,Cluster_0,Financially Healthy but Disengaged,Model-based
KH00112325,66.72500000000001,79.43333333333334,0.5047496850001773,0.19200162747221924,0.5692166666666667,0.19653333333333334,14.0,0.0,2.3039906325482713,12,Full History,Cluster_2,Financially Healthy & Highly Engaged,Model-based
KH00112330,69.04166666666667,77.94166666666666,0.48622503524898586,0.2030091617091636,0.61335,0.136025,13.75,0.0,1.4497190128583641,12,Full History,Cluster_2,Financially Healthy but Disengaged,Model-based
KH00112365,70.10833333333333,71.375,0.45510898304684333,0.15991887886632927,0.5234666666666666,0.16849166666666668,12.916666666666666,0.25,1.757504549576785,12,Full History,Cluster_0,Financially Healthy but Disengaged,Model-based
KH00112405,70.93333333333334,76.86666666666666,0.5741319388857935,0.16104913313002664,0.6171333333333333,0.14068333333333333,13.666666666666666,0.0,1.405496139272959,12,Full History,Cluster_2,Essential-Spend-Focused Customers,Model-based
KH00112410,68.875,79.39166666666667,0.5551624916727197,0.19527933609030665,0.6572416666666666,0.17221666666666668,13.833333333333334,0.0,1.452806297412814,12,Full History,Cluster_2,Financially Healthy & Highly Engaged,Model-based
KH00112445,67.41666666666667,73.93333333333334,0.47507101805175606,0.2025796232496343,0.5999916666666666,0.23413333333333333,13.333333333333334,0.25,1.4318191449206559,12,Full History,Cluster_0,Financially Healthy but Disengaged,Model-based
KH00112450,65.86666666666666,74.25833333333334,0.5264540305232223,0.21782290366234278,0.8251416666666667,0.1903,13.416666666666666,0.5833333333333334,1.3200380323651133,12,Full History,Cluster_0,Low Engagement & Financially Vulnerable,Model-based
KH00112485,60.01666666666667,79.66666666666667,0.5023414259153322,0.2058551797463762,0.8413499999999999,0.32089166666666663,14.0,0.0,1.839361270186761,12,Full History,Cluster_3,Financially Stretched but Highly Engaged,Model-based
KH00112490,78.33333333333333,76.22500000000001,0.5479206120333565,0.17578140213821358,0.32121666666666665,0.08231666666666666,13.583333333333334,0.0,1.5113180424811803,12,Full History,Cluster_2,Financially Healthy but Disengaged,Model-based
KH00112525,65.45,79.05,0.4648218611692427,0.21775200144497078,0.6479750000000001,0.230675,13.916666666666666,0.0,1.6454820603743936,12,Full History,Cluster_3,Financially Stretched but Highly Engaged,Model-based
KH00112530,67.52499999999999,79.31666666666666,0.5194155449882347,0.18938202848959795,0.6256416666666667,0.1909,14.0,0.0,1.7280228111552096,12,Full History,Cluster_2,Financially Healthy & Highly Engaged,Model-based
KH00112565,65.49166666666666,69.79166666666667,0.49154982794043534,0.1256078028569553,0.8602666666666666,0.22874166666666665,13.0,0.16666666666666666,1.7179270754985827,12,Full History,Cluster_0,Low Engagement & Financially Vulnerable,Model-based
KH00112570,68.76666666666667,73.85000000000001,0.5002445685548843,0.20109704768307976,0.6426999999999999,0.14971666666666666,13.25,0.3333333333333333,1.7718120282176002,12,Full History,Cluster_0,Financially Healthy but Disengaged,Model-based
KH00112605,67.3,79.29166666666667,0.4010085137108368,0.18797172789113623,0.7075166666666667,0.2293166666666667,14.0,0.0,0.8896792077744532,12,Full History,Cluster_1,Financially Healthy & Highly Engaged,Model-based
KH00112610,66.33333333333333,80.175,0.5440850558340823,0.20938129855696005,0.7046833333333332,0.20203333333333331,13.916666666666666,0.0,1.3729361530386983,12,Full History,Cluster_2,Financially Healthy & Highly Engaged,Model-based
KH00112645,66.375,80.10833333333333,0.46887764847768293,0.20397701475055632,0.6641,0.14530833333333334,14.0,0.0,2.8940560328365614,12,Full History,Cluster_2,Financially Healthy & Highly Engaged,Model-based
KH00112650,73.39166666666667,81.3,0.2613484278330651,0.27687783131043014,0.46313333333333334,0.10458333333333332,13.833333333333334,0.16666666666666666,1.0064000510457467,12,Full History,Cluster_1,Financially Healthy & Highly Engaged,Model-based
KH00112685,72.61666666666666,79.10000000000001,0.415013584435614,0.18403450225514237,0.498375,0.1899666666666667,14.0,0.0,0.86566868651671,12,Full History,Cluster_1,Financially Healthy & Highly Engaged,Model-based
KH00112690,67.28333333333333,78.35000000000001,0.5393157803227479,0.16719777022785853,0.6089166666666667,0.19286666666666666,14.0,0.0,1.8059466685065457,12,Full History,Cluster_2,Financially Healthy but Disengaged,Model-based
KH00112765,67.77499999999999,80.0,0.39056533345229066,0.2036572440875335,0.6366916666666667,0.23065,14.0,0.0,0.8909195081997677,12,Full History,Cluster_1,Financially Healthy & Highly Engaged,Model-based
KH00112770,67.64166666666667,72.00833333333334,0.5839886973414603,0.18354369789314107,0.7831416666666667,0.16635833333333333,12.666666666666666,0.16666666666666666,1.2308765447963674,12,Full History,Cluster_0,Essential-Spend-Focused Customers,Model-based
KH00112805,61.208333333333336,78.49166666666666,0.5301415672009716,0.17249726494582973,0.9249666666666667,0.229425,13.916666666666666,0.0,2.191220784306459,12,Full History,Cluster_3,Low Engagement & Financially Vulnerable,Model-based
KH00112810,72.26666666666667,76.88333333333334,0.48736473478606723,0.17386732430623833,0.4916333333333333,0.13925,14.0,0.0,1.3690880478155947,12,Full History,Cluster_2,Financially Healthy but Disengaged,Model-based
KH00112845,63.49166666666667,79.38333333333334,0.5329983979936549,0.18984307353028881,0.8675916666666668,0.17742500000000003,14.0,0.0,1.7529870925238737,12,Full History,Cluster_3,Financially Stretched but Highly Engaged,Model-based
KH00112850,66.08333333333333,76.33333333333333,0.4550174063651567,0.1727167066118087,0.6644416666666667,0.18987500000000002,13.833333333333334,0.0,1.5170757411424294,12,Full History,Cluster_2,Low Engagement & Financially Vulnerable,Model-based
KH00112885,67.72500000000001,78.88333333333334,0.5516971843970289,0.18991887488797868,0.6854916666666666,0.143675,13.916666666666666,0.0,1.5916423389607128,12,Full History,Cluster_2,Financially Healthy & Highly Engaged,Model-based
KH00112890,65.30833333333334,79.27499999999999,0.5413935453766717,0.18841577470936563,0.7489833333333333,0.190125,14.0,0.0,1.582243495042331,12,Full History,Cluster_2,Financially Stretched but Highly Engaged,Model-based
KH00112925,72.375,77.55,0.4412966811295233,0.18736020338023074,0.49618333333333337,0.10791666666666666,14.0,0.0,1.3823527829782192,12,Full History,Cluster_2,Financially Healthy but Disengaged,Model-based
KH00112930,68.98333333333333,78.95833333333333,0.551761590342784,0.21479239152083074,0.6163666666666666,0.171625,14.0,0.0,1.5865376598927983,12,Full History,Cluster_2,Financially Healthy & Highly Engaged,Model-based
KH00112970,70.52499999999999,79.05833333333334,0.5339155472252798,0.19568847717925783,0.5425416666666667,0.16641666666666666,13.916666666666666,0.0,1.4567924559992802,12,Full History,Cluster_2,Financially Healthy & Highly Engaged,Model-based
KH00113005,69.44166666666666,78.23333333333333,0.473970204257947,0.1796715039219671,0.5667916666666667,0.13488333333333333,13.916666666666666,0.08333333333333333,1.739425445093354,12,Full History,Cluster_2,Financially Healthy but Disengaged,Model-based
KH00113010,61.85833333333333,81.54166666666667,0.4262942967442138,0.27178035401922823,0.7745833333333333,0.27358333333333335,13.916666666666666,0.0,1.3002669354289198,12,Full History,Cluster_1,Financially Stretched but Highly Engaged,Model-based
KH00113045,64.20833333333333,74.63333333333334,0.42096770512758397,0.22189791739786488,0.7744583333333334,0.22334166666666666,13.166666666666666,0.0,0.8557017012660979,12,Full History,Cluster_0,Low Engagement & Financially Vulnerable,Model-based
KH00113085,65.75,81.60833333333333,0.46924241646907056,0.2704919024725339,0.71705,0.20808333333333331,14.0,0.08333333333333333,1.2403509114270899,12,Full History,Cluster_1,Financially Stretched but Highly Engaged,Model-based
KH00113090,68.85,75.70833333333333,0.46000361611365087,0.15365234522890328,0.5518416666666667,0.21926666666666664,13.916666666666666,0.08333333333333333,2.0984236521139166,12,Full History,Cluster_2,Financially Healthy but Disengaged,Model-based
KH00113125,63.43333333333334,79.80833333333334,0.5533916399716456,0.20136278977902586,0.8158,0.253425,13.916666666666666,0.0,1.3817269820982139,12,Full History,Cluster_3,Financially Stretched but Highly Engaged,Model-based
KH00113130,64.64166666666667,73.46666666666667,0.3952854618239723,0.1927440925192724,0.9044249999999999,0.204,13.333333333333334,0.08333333333333333,0.9235095582772636,12,Full History,Cluster_0,Low Engagement & Financially Vulnerable,Model-based
KH00113165,58.31666666666666,77.16666666666667,0.44895665694028425,0.16135254733697504,0.9027166666666666,0.32350833333333334,13.916666666666666,0.08333333333333333,2.073813369663848,12,Full History,Cluster_3,Low Engagement & Financially Vulnerable,Model-based
KH00113170,62.458333333333336,82.04166666666667,0.4569711340994713,0.25684253527428913,0.868375,0.21271666666666667,13.916666666666666,0.0,1.7707889983934748,12,Full History,Cluster_3,Financially Stretched but Highly Engaged,Model-based
KH00113205,64.80833333333334,76.175,0.4835380214677736,0.16347805799356704,0.69525,0.23475833333333332,13.916666666666666,0.0,1.7057343365445004,12,Full History,Cluster_3,Low Engagement & Financially Vulnerable,Model-based
KH00113210,71.48333333333333,78.95833333333333,0.5408313340608063,0.187050189670556,0.5413666666666667,0.11303333333333333,13.833333333333334,0.0,1.7321184835721832,12,Full History,Cluster_2,Financially Healthy & Highly Engaged,Model-based
KH00113245,72.61666666666666,78.60000000000001,0.5355336247799225,0.20626566094577856,0.45660833333333334,0.1565,14.0,0.0,1.8473893039136542,12,Full History,Cluster_2,Financially Healthy & Highly Engaged,Model-based
KH00113250,63.15,79.38333333333334,0.5150431431447594,0.18769264221576187,0.7604916666666667,0.2242333333333333,14.0,0.0,1.9667379136345693,12,Full History,Cluster_3,Financially Stretched but Highly Engaged,Model-based
KH00113285,73.33333333333333,82.24166666666666,0.46020470826400034,0.24859220869275,0.4276333333333333,0.15685000000000002,14.0,0.0,1.3317383891230434,12,Full History,Cluster_1,Financially Healthy & Highly Engaged,Model-based
KH00113290,63.083333333333336,81.3,0.5155633495990329,0.25888631438460624,0.9108166666666667,0.19185833333333335,14.0,0.0,1.5932192546590997,12,Full History,Cluster_3,Financially Stretched but Highly Engaged,Model-based
KH00113325,66.24166666666666,82.18333333333334,0.5218027931579502,0.24369191025606277,0.6840666666666667,0.17625833333333332,14.0,0.0,1.7656445608616274,12,Full History,Cluster_2,Financially Stretched but Highly Engaged,Model-based
KH00113330,71.31666666666666,79.72500000000001,0.48752385537041015,0.20878701074067388,0.5403833333333333,0.12665,13.916666666666666,0.0,1.6122481308419685,12,Full History,Cluster_2,Financially Healthy & Highly Engaged,Model-based
KH00113365,61.25,78.10000000000001,0.465570766418064,0.17648009060685624,0.7930083333333333,0.28189166666666665,13.916666666666666,0.0,1.6984323913556318,12,Full History,Cluster_3,Low Engagement & Financially Vulnerable,Model-based
KH00113370,61.550000000000004,73.21666666666667,0.3730026595789502,0.17880335950434734,0.9387500000000001,0.26039166666666663,13.416666666666666,0.08333333333333333,0.9743703217603824,12,Full History,Cluster_0,Low Engagement & Financially Vulnerable,Model-based
KH00113405,62.708333333333336,83.76666666666667,0.432421988515594,0.2892887762346767,0.77645,0.2320333333333333,14.0,0.0,1.4698924387653145,12,Full History,Cluster_1,Financially Stretched but Highly Engaged,Model-based
KH00113410,73.45833333333333,81.53333333333333,0.4431023331439073,0.23325060589831062,0.4355833333333334,0.11113333333333335,14.0,0.0,1.4830519560114996,12,Full History,Cluster_1,Financially Healthy & Highly Engaged,Model-based
KH00113445,68.72500000000001,78.125,0.5651038221652744,0.19945191399952242,0.6427166666666667,0.13169166666666668,14.0,0.0,1.7814294370907013,12,Full History,Cluster_2,Essential-Spend-Focused Customers,Model-based
KH00113450,64.95833333333333,80.19166666666666,0.48070231309687056,0.20419358482521918,0.660825,0.16588333333333335,14.0,0.0,2.384025203279366,12,Full History,Cluster_2,Financially Stretched but Highly Engaged,Model-based
KH00113485,63.19166666666666,77.28333333333333,0.4815739607219562,0.1984842968334514,0.73325,0.2923,13.666666666666666,0.08333333333333333,1.4798257965655681,12,Full History,Cluster_3,Low Engagement & Financially Vulnerable,Model-based
KH00113490,62.76666666666667,80.73333333333333,0.49129089487512295,0.25167310719279495,0.7913083333333333,0.20475,14.0,0.0,1.8745301800476988,12,Full History,Cluster_3,Financially Stretched but Highly Engaged,Model-based
KH00113525,64.45,82.125,0.4297937023124108,0.28367419362940144,0.7455916666666665,0.22085,13.916666666666666,0.0,1.2560553490265753,12,Full History,Cluster_1,Financially Stretched but Highly Engaged,Model-based
KH00113565,60.01666666666667,81.27499999999999,0.44704401058821003,0.23608163315149044,0.8998166666666667,0.32339999999999997,14.0,0.0,1.5471837150914685,12,Full History,Cluster_3,Financially Stretched but Highly Engaged,Model-based
KH00113570,66.29166666666667,80.61666666666666,0.5380342583174702,0.22356962498908262,0.7435499999999999,0.15333333333333332,14.0,0.0,1.9130589477098907,12,Full History,Cluster_2,Financially Stretched but Highly Engaged,Model-based
KH00113605,72.77499999999999,79.46666666666667,0.5122704047513368,0.19713625993801998,0.4624166666666667,0.11829166666666667,13.833333333333334,0.0,1.6767650756936658,12,Full History,Cluster_2,Financially Healthy & Highly Engaged,Model-based
KH00113610,69.475,83.35833333333333,0.2593003513118529,0.26706305235160466,0.591875,0.126575,14.0,0.0,1.0402313285338984,12,Full History,Cluster_1,Financially Healthy & Highly Engaged,Model-based
KH00113645,71.01666666666667,77.96666666666667,0.5135246416837508,0.16395934439394447,0.49866666666666665,0.11883333333333335,13.916666666666666,0.0,2.2341614012258018,12,Full History,Cluster_2,Financially Healthy but Disengaged,Model-based
KH00113650,66.11666666666666,82.75833333333334,0.2596111327304933,0.25517459741665677,0.7398166666666667,0.14807499999999998,14.0,0.0,1.313518065467471,12,Full History,Cluster_1,Financially Stretched but Highly Engaged,Model-based
KH00113725,63.1,82.73333333333333,0.24704727958031714,0.3022976504385149,0.9301583333333333,0.19155,13.916666666666666,0.16666666666666666,1.004505158165687,12,Full History,Cluster_1,Financially Stretched but Highly Engaged,Model-based
KH00113730,68.35833333333333,77.625,0.520672087092802,0.1926520686282942,0.6551083333333333,0.1374,14.0,0.0,1.409334096011713,12,Full History,Cluster_2,Financially Healthy but Disengaged,Model-based
KH00113765,60.333333333333336,73.23333333333333,0.5116639399717049,0.19810917818592344,0.9391416666666667,0.3169416666666667,12.833333333333334,0.08333333333333333,1.3432304736143441,12,Full History,Cluster_0,Low Engagement & Financially Vulnerable,Model-based
KH00113770,61.791666666666664,79.98333333333333,0.47802256562466544,0.24040818411193343,0.8109666666666667,0.25521666666666665,14.0,0.08333333333333333,2.1695192478738616,12,Full History,Cluster_3,Financially Stretched but Highly Engaged,Model-based
KH00113805,70.675,74.49166666666666,0.46564556113150607,0.21670954360815695,0.5671916666666666,0.12073333333333332,13.083333333333334,0.08333333333333333,1.6381856285822858,12,Full History,Cluster_0,Financially Healthy but Disengaged,Model-based
KH00113810,67.175,78.16666666666667,0.5414857403156202,0.1755159345962356,0.7145416666666667,0.16173333333333334,14.0,0.0,1.9094046741639514,12,Full History,Cluster_2,Financially Healthy but Disengaged,Model-based
KH00113845,67.85833333333333,79.20833333333333,0.4126696404361092,0.19763608376449607,0.779875,0.15456666666666666,13.916666666666666,0.0,0.8773028377306152,12,Full History,Cluster_1,Financially Healthy & Highly Engaged,Model-based
KH00113850,68.0,77.825,0.2448219834477833,0.2797345288944005,0.6342916666666666,0.14810833333333334,13.583333333333334,0.08333333333333333,1.0390520662647724,12,Full History,Cluster_1,Emerging Digital Customers,Model-based
KH00113885,70.40833333333333,79.09166666666667,0.37716757582025257,0.19499812920217688,0.5910916666666667,0.14529166666666668,13.916666666666666,0.0,0.9707527783718879,12,Full History,Cluster_1,Financially Healthy & Highly Engaged,Model-based
KH00113890,61.21666666666667,79.70833333333333,0.5157036703890933,0.19582390319631723,0.8487416666666667,0.24631666666666666,14.0,0.0,1.8606235584488753,12,Full History,Cluster_3,Financially Stretched but Highly Engaged,Model-based
KH00113930,67.00833333333334,78.84166666666667,0.511838459592564,0.18888262760336896,0.6715583333333334,0.20895833333333333,14.0,0.0,1.5940270332446618,12,Full History,Cluster_2,Financially Healthy & Highly Engaged,Model-based
KH00113965,52.73333333333333,75.79166666666667,0.43895284192683687,0.22458933419304836,1.1702416666666666,0.2634166666666667,13.916666666666666,0.16666666666666666,1.842129887126185,12,Full History,Cluster_3,Low Engagement & Financially Vulnerable,Model-based
KH00113970,68.94166666666668,78.125,0.519189727708394,0.16464693292762989,0.5247166666666666,0.20671666666666666,14.0,0.0,2.141703097359254,12,Full History,Cluster_2,Financially Healthy but Disengaged,Model-based
KH00114005,71.925,79.73333333333333,0.46250954891702745,0.2373960120470069,0.5237916666666667,0.143725,13.75,0.0,1.2018261596928728,12,Full History,Cluster_1,Financially Healthy & Highly Engaged,Model-based
KH00114010,62.275,80.91666666666667,0.5482324007830338,0.22376601350642178,0.7848833333333333,0.29518333333333335,13.916666666666666,0.0,1.446489848768821,12,Full History,Cluster_3,Financially Stretched but Highly Engaged,Model-based
KH00114045,62.44166666666666,79.81666666666668,0.5042282316674886,0.19642417144875177,0.7739416666666666,0.19520833333333332,14.0,0.0,2.177332394913402,12,Full History,Cluster_3,Financially Stretched but Highly Engaged,Model-based
KH00114050,68.225,81.11666666666666,0.49897920421909103,0.22480153650289192,0.5693166666666666,0.14625833333333335,14.0,0.0,2.233365886161954,12,Full History,Cluster_2,Financially Healthy & Highly Engaged,Model-based
KH00114085,61.291666666666664,81.80833333333334,0.45527838629344547,0.23625507966529272,0.8284416666666666,0.23677499999999999,14.0,0.0,1.5085369954248653,12,Full History,Cluster_3,Financially Stretched but Highly Engaged,Model-based
KH00114090,62.93333333333334,77.00833333333334,0.5572036174047554,0.1885096794751697,0.7390833333333333,0.28776666666666667,13.5,0.0,1.3980002915891312,12,Full History,Cluster_3,Essential-Spend-Focused Customers,Model-based
KH00114125,68.40833333333333,79.06666666666666,0.529559693126866,0.22376434656606028,0.6797666666666666,0.17963333333333334,14.0,0.0,1.4337467465733102,12,Full History,Cluster_2,Financially Healthy & Highly Engaged,Model-based
KH00114130,64.55833333333334,80.55,0.46066790937234336,0.21225916178186902,0.73915,0.14355833333333334,14.0,0.0,2.1009094587207575,12,Full History,Cluster_3,Financially Stretched but Highly Engaged,Model-based
KH00114165,66.79166666666667,78.38333333333334,0.506444500881238,0.20810526824666822,0.6263416666666667,0.23805833333333334,13.833333333333334,0.08333333333333333,1.3365147775807928,12,Full History,Cluster_2,Financially Healthy but Disengaged,Model-based
KH00114170,62.85833333333333,76.81666666666666,0.47141062418479335,0.17306516388525936,0.86915,0.17465,14.0,0.08333333333333333,2.225542055272069,12,Full History,Cluster_3,Low Engagement & Financially Vulnerable,Model-based
KH00114205,66.14999999999999,79.23333333333333,0.5158295154710956,0.19182976482017014,0.6557833333333333,0.21872499999999997,13.833333333333334,0.0,1.5930552156139388,12,Full History,Cluster_2,Financially Stretched but Highly Engaged,Model-based
KH00114245,67.25,76.33333333333333,0.5097492625931374,0.1684947871786677,0.7004583333333333,0.18711666666666668,13.833333333333334,0.0,1.750500935679755,12,Full History,Cluster_2,Financially Healthy but Disengaged,Model-based
KH00114250,73.64999999999999,73.425,0.4090885323098245,0.202138099533992,0.47655833333333336,0.16131666666666666,13.083333333333334,0.16666666666666666,0.8306959667885533,12,Full History,Cluster_0,Financially Healthy but Disengaged,Model-based
KH00114290,67.43333333333334,76.94166666666668,0.4942688843234617,0.18271191713392687,0.640775,0.21489166666666668,13.75,0.08333333333333333,1.3674699895982079,12,Full History,Cluster_2,Financially Healthy but Disengaged,Model-based
KH00114325,69.00833333333334,78.0,0.5628325740993639,0.16539539192151917,0.6116833333333334,0.21394166666666667,13.916666666666666,0.0,1.2821704066078734,12,Full History,Cluster_2,Essential-Spend-Focused Customers,Model-based
KH00114330,66.55833333333334,81.31666666666666,0.4360858990830812,0.22721325637057546,0.6990999999999999,0.1401,14.0,0.0,1.5060818076373195,12,Full History,Cluster_1,Financially Healthy & Highly Engaged,Model-based
KH00114365,63.208333333333336,82.39999999999999,0.48297816361279206,0.24811426937021594,0.7476416666666666,0.17079166666666667,14.0,0.0,2.2587827357274413,12,Full History,Cluster_3,Financially Stretched but Highly Engaged,Model-based
KH00114370,65.72500000000001,72.79166666666667,0.5025845682096233,0.18738690359249033,0.7532916666666667,0.16348333333333334,13.166666666666666,0.4166666666666667,1.4179319249137219,12,Full History,Cluster_0,Low Engagement & Financially Vulnerable,Model-based
KH00114405,61.975,80.53333333333333,0.47465038321361447,0.22257000364886328,0.8873583333333332,0.21290833333333334,14.0,0.0,2.334366540549231,12,Full History,Cluster_3,Financially Stretched but Highly Engaged,Model-based
KH00114410,63.40833333333333,78.34166666666667,0.3934211400548094,0.17145901368508018,0.7798416666666667,0.27376666666666666,13.916666666666666,0.0,0.9529661324968529,12,Full History,Cluster_1,Low Engagement & Financially Vulnerable,Model-based
KH00114445,64.10833333333333,71.14999999999999,0.5374477427534025,0.14790757735199875,0.8756166666666667,0.21483333333333335,13.5,0.3333333333333333,1.6462772156281351,12,Full History,Cluster_0,Low Engagement & Financially Vulnerable,Model-based
KH00114450,65.08333333333333,78.5,0.5618497519197219,0.18788077065737732,0.7572166666666668,0.23165,13.75,0.0,1.5907178645256799,12,Full History,Cluster_3,Essential-Spend-Focused Customers,Model-based
KH00114485,62.65833333333333,72.29166666666667,0.4778003878608123,0.16804100606123892,0.7378,0.17964166666666667,13.416666666666666,0.08333333333333333,1.6928265095000852,12,Full History,Cluster_0,Low Engagement & Financially Vulnerable,Model-based
KH00114490,67.98333333333333,77.27499999999999,0.5565508603818051,0.16611556148731707,0.7154083333333333,0.15035833333333334,13.666666666666666,0.0,1.3552053583087778,12,Full History,Cluster_2,Essential-Spend-Focused Customers,Model-based
KH00114525,66.81666666666666,78.61666666666666,0.5472152412259464,0.1795794344116308,0.684225,0.1914583333333333,13.833333333333334,0.0,1.5532350534991017,12,Full History,Cluster_2,Financially Healthy & Highly Engaged,Model-based
KH00114530,63.94166666666666,81.51666666666667,0.49532076289469934,0.2706608466914249,0.7410583333333333,0.19109166666666666,14.0,0.16666666666666666,1.844894278685486,12,Full History,Cluster_3,Financially Stretched but Highly Engaged,Model-based
KH00114565,69.28333333333333,79.02499999999999,0.5285330299157402,0.197717815451549,0.57425,0.14401666666666665,13.75,0.0,1.7754835516646983,12,Full History,Cluster_2,Financially Healthy & Highly Engaged,Model-based
KH00114570,65.74166666666666,74.39166666666667,0.4076676117767404,0.2075022271733521,0.781875,0.21609166666666668,13.083333333333334,0.0,0.8606068666287389,12,Full History,Cluster_0,Low Engagement & Financially Vulnerable,Model-based
KH00114610,63.80833333333334,77.76666666666667,0.510870854165291,0.17920314218263225,0.8436083333333334,0.18618333333333334,13.583333333333334,0.0,1.6172545997433814,12,Full History,Cluster_3,Low Engagement & Financially Vulnerable,Model-based
KH00114645,68.65,79.35000000000001,0.5617119544710135,0.1870914402218271,0.5689083333333333,0.17585833333333334,14.0,0.0,1.9189183630096014,12,Full History,Cluster_2,Essential-Spend-Focused Customers,Model-based
KH00114650,60.574999999999996,73.61666666666666,0.46464929798321086,0.20445389635355463,0.8235833333333332,0.31029999999999996,13.25,0.3333333333333333,1.5005182931089631,12,Full History,Cluster_0,Low Engagement & Financially Vulnerable,Model-based
KH00114685,64.075,72.7,0.4441263810417459,0.1808425001765601,1.0706166666666668,0.22009166666666666,13.416666666666666,0.3333333333333333,1.7357024795171914,12,Full History,Cluster_0,Low Engagement & Financially Vulnerable,Model-based
KH00114690,65.83333333333333,78.24166666666666,0.49331217661799065,0.17675197690256714,0.71165,0.17261666666666667,14.0,0.0,1.7132109613536157,12,Full History,Cluster_2,Low Engagement & Financially Vulnerable,Model-based
KH00114730,65.11666666666666,79.83333333333333,0.5271429757890406,0.2011703672447223,0.7891416666666666,0.18790833333333334,13.916666666666666,0.0,1.706016791791243,12,Full History,Cluster_3,Financially Stretched but Highly Engaged,Model-based
KH00114765,61.324999999999996,77.64999999999999,0.4708323276475468,0.1942744008954648,0.7842416666666666,0.273175,13.833333333333334,0.0,1.5646232291762043,12,Full History,Cluster_3,Low Engagement & Financially Vulnerable,Model-based
KH00114770,69.65833333333333,79.65833333333333,0.5266653914563123,0.2050392770301579,0.585875,0.138075,14.0,0.0,1.8084154921621416,12,Full History,Cluster_2,Financially Healthy & Highly Engaged,Model-based
KH00114805,67.18333333333334,83.08333333333333,0.26060500462733843,0.26181317293948925,0.625925,0.16665,14.0,0.0,1.4136407915319238,12,Full History,Cluster_1,Financially Healthy & Highly Engaged,Model-based
KH00114845,66.99166666666666,79.50833333333334,0.4541431655970816,0.19034918112116403,0.54415,0.19594166666666668,14.0,0.0,2.4595377186183236,12,Full History,Cluster_2,Financially Healthy & Highly Engaged,Model-based
KH00114850,74.46666666666667,70.10833333333333,0.5343926321735719,0.13645760104317814,0.5080583333333334,0.10454999999999999,13.0,0.16666666666666666,1.0652366086135265,12,Full History,Cluster_0,Financially Healthy but Disengaged,Model-based
KH00114885,64.14999999999999,73.74166666666666,0.5406596188049523,0.21543117585976682,0.8414666666666667,0.2898,12.75,0.16666666666666666,1.257481927128706,12,Full History,Cluster_0,Low Engagement & Financially Vulnerable,Model-based
KH00114890,66.075,77.90833333333333,0.5397136957419374,0.17127161224206577,0.7300583333333334,0.1634,14.0,0.0,1.5507822777965101,12,Full History,Cluster_2,Low Engagement & Financially Vulnerable,Model-based
KH00114925,63.800000000000004,76.78333333333333,0.5480179392730447,0.26523722864123145,0.9373916666666666,0.30083333333333334,13.666666666666666,0.08333333333333333,1.2116440867185199,12,Full History,Cluster_3,Emerging Digital Customers,Model-based
KH00114930,68.925,73.72500000000001,0.5262012632866871,0.21326986280536184,0.6529583333333333,0.16540000000000002,12.833333333333334,0.0,1.468459648870981,12,Full History,Cluster_0,Financially Healthy but Disengaged,Model-based
KH00114965,69.55833333333334,79.2,0.5580007496325539,0.19140253294396956,0.627575,0.14660833333333334,13.833333333333334,0.0,1.3972315368840251,12,Full History,Cluster_2,Essential-Spend-Focused Customers,Model-based
KH00114970,63.199999999999996,79.66666666666667,0.3894923209810761,0.20305132589090694,0.8137500000000001,0.2561083333333333,14.0,0.0,0.9385092168605486,12,Full History,Cluster_1,Financially Stretched but Highly Engaged,Model-based
KH00115005,66.075,77.53333333333333,0.5756872409139276,0.17505143311494345,0.8274166666666667,0.175175,13.583333333333334,0.0,1.3961223205553406,12,Full History,Cluster_2,Essential-Spend-Focused Customers,Model-based
KH00115010,72.875,75.65833333333333,0.4908505046377476,0.15574529356967903,0.5250333333333334,0.10146666666666666,13.833333333333334,0.0,1.3561014433063485,12,Full History,Cluster_2,Financially Healthy but Disengaged,Model-based
KH00115045,68.30833333333334,77.05,0.4901770368684755,0.2524565425087125,0.6883500000000001,0.1679166666666667,13.5,0.0,1.107600140976061,12,Full History,Cluster_1,Emerging Digital Customers,Model-based
KH00115050,76.03333333333333,82.88333333333334,0.44444038299767047,0.2576294977775273,0.3940333333333333,0.08692499999999999,14.0,0.0,1.2747383438463025,12,Full History,Cluster_1,Financially Healthy & Highly Engaged,Model-based
KH00115085,63.65,79.71666666666667,0.5141620085291269,0.19478739634222153,0.7737416666666667,0.2085,14.0,0.0,2.486535060727295,12,Full History,Cluster_3,Financially Stretched but Highly Engaged,Model-based
KH00115090,69.18333333333334,79.86666666666666,0.5032948167671228,0.31115543248278577,0.5569833333333333,0.21038333333333334,13.416666666666666,0.16666666666666666,1.761139413813015,12,Full History,Cluster_0,Emerging Digital Customers,Model-based
KH00115125,70.8,78.35000000000001,0.5306798221893434,0.18126489768462292,0.5868833333333333,0.137425,13.916666666666666,0.0,1.8513347374261773,12,Full History,Cluster_2,Financially Healthy but Disengaged,Model-based
KH00115130,54.96666666666667,76.2,0.3593276493944155,0.2647515458461507,1.0722416666666668,0.232325,13.583333333333334,0.25,2.371221208591407,12,Full History,Cluster_3,Emerging Digital Customers,Model-based
KH00115165,70.89999999999999,74.05,0.5374009137801409,0.21523153105793344,0.5463333333333333,0.13420833333333335,13.0,0.16666666666666666,1.6468998674670259,12,Full History,Cluster_0,Financially Healthy but Disengaged,Model-based
KH00115170,73.94166666666666,81.61666666666666,0.4576735080047248,0.23534370405731928,0.47599166666666665,0.09775,14.0,0.0,1.2612303422222009,12,Full History,Cluster_1,Financially Healthy & Highly Engaged,Model-based
KH00115205,62.725,79.11666666666666,0.4861744668217838,0.19433520634608747,0.8279583333333335,0.20995,14.0,0.0,1.9292661157810926,12,Full History,Cluster_3,Financially Stretched but Highly Engaged,Model-based
KH00115210,67.15833333333333,80.68333333333334,0.4869830249609986,0.21687428217106808,0.5778416666666667,0.19076666666666667,14.0,0.0,2.647195979066486,12,Full History,Cluster_2,Financially Healthy & Highly Engaged,Model-based
KH00115245,60.425000000000004,79.95833333333333,0.5346134899488393,0.24244546420269353,0.8574833333333333,0.30296666666666666,13.833333333333334,0.08333333333333333,1.9815313316940941,12,Full History,Cluster_3,Financially Stretched but Highly Engaged,Model-based
KH00115250,62.041666666666664,73.31666666666666,0.5623951736714722,0.20200200483589362,0.8723000000000001,0.30546666666666666,12.916666666666666,0.0,1.357630314646989,12,Full History,Cluster_0,Essential-Spend-Focused Customers,Model-based
KH00115285,70.09166666666667,80.60833333333333,0.5410184838315785,0.21735366934328915,0.6033916666666667,0.131725,13.916666666666666,0.0,1.5434437271451094,12,Full History,Cluster_2,Financially Healthy & Highly Engaged,Model-based
KH00115290,71.0,83.2,0.43816571459455905,0.264157007506244,0.4711083333333333,0.16573333333333332,14.0,0.0,1.5972206375085582,12,Full History,Cluster_1,Financially Healthy & Highly Engaged,Model-based
KH00115325,68.75833333333334,81.875,0.25571056575161005,0.27927111095932444,0.5996,0.14776666666666669,14.0,0.0,1.0337154551332703,12,Full History,Cluster_1,Financially Healthy & Highly Engaged,Model-based
KH00115330,64.97500000000001,79.88333333333334,0.524561351446638,0.19988734401102584,0.7509083333333333,0.18735,14.0,0.0,1.5874771241818006,12,Full History,Cluster_3,Financially Stretched but Highly Engaged,Model-based
KH00115365,65.15833333333333,79.31666666666666,0.4016830182387497,0.18946878820838928,0.7914,0.21460833333333332,14.0,0.0,0.938962472997361,12,Full History,Cluster_1,Financially Stretched but Highly Engaged,Model-based
KH00115405,65.63333333333334,79.25833333333334,0.40585886525994314,0.1877262360224183,0.8242249999999999,0.16725,14.0,0.0,0.9455019526399445,12,Full History,Cluster_1,Financially Stretched but Highly Engaged,Model-based
KH00115410,64.96666666666667,76.45833333333333,0.5140855034849127,0.2659157949210261,0.9208166666666666,0.20657499999999998,13.083333333333334,0.25,1.329990240479842,12,Full History,Cluster_0,Emerging Digital Customers,Model-based
KH00115445,58.01666666666667,79.18333333333334,0.49587338398169617,0.22347645356174325,0.8832749999999999,0.179125,13.833333333333334,0.08333333333333333,1.9312686152949796,12,Full History,Cluster_3,Financially Stretched but Highly Engaged,Model-based
KH00115450,69.44166666666666,82.15833333333333,0.4482395901466401,0.24458638823657583,0.587975,0.13475833333333334,14.0,0.0,1.4155402170069928,12,Full History,Cluster_1,Financially Healthy & Highly Engaged,Model-based
KH00115485,69.95,78.45,0.5303709859338975,0.1718177949172424,0.595075,0.13899166666666665,14.0,0.0,1.8163932329594734,12,Full History,Cluster_2,Financially Healthy but Disengaged,Model-based
KH00115490,67.25833333333334,81.03333333333333,0.43156647491436356,0.22376374402738752,0.6350916666666667,0.159925,14.0,0.0,1.5098219666398933,12,Full History,Cluster_1,Financially Healthy & Highly Engaged,Model-based
KH00115525,77.24166666666666,72.84166666666667,0.5921778917970757,0.1864513196719216,0.42192499999999994,0.108825,13.0,0.08333333333333333,1.1555005977676693,12,Full History,Cluster_0,Essential-Spend-Focused Customers,Model-based
KH00115530,64.86666666666666,82.43333333333334,0.4458352933322905,0.2608312474598348,0.7435666666666667,0.20655,14.0,0.0,1.3962427157291577,12,Full History,Cluster_1,Financially Stretched but Highly Engaged,Model-based
KH00115565,73.26666666666667,71.59166666666667,0.5645777526091794,0.15225677238980093,0.5138083333333333,0.129,13.333333333333334,0.0,1.25814835965504,12,Full History,Cluster_2,Essential-Spend-Focused Customers,Model-based
KH00115570,68.30833333333334,73.24166666666666,0.3966242251204078,0.19049309669328843,0.7097916666666667,0.23108333333333334,13.25,0.16666666666666666,0.8753344729560973,12,Full History,Cluster_0,Financially Healthy but Disengaged,Model-based
KH00115610,64.06666666666666,79.375,0.4995922454123682,0.2056797309835405,0.7405083333333332,0.18750833333333336,13.833333333333334,0.0,1.9933731150780483,12,Full History,Cluster_3,Financially Stretched but Highly Engaged,Model-based
KH00115650,52.28333333333333,82.24166666666666,0.4418871117954788,0.2855943698200643,1.0644916666666668,0.32486666666666664,14.0,0.0,2.253978438984916,12,Full History,Cluster_3,Financially Stretched but Highly Engaged,Model-based
KH00115685,63.10833333333333,81.425,0.5018978220947019,0.22840329456879194,0.79405,0.1935083333333333,14.0,0.0,2.08245713298607,12,Full History,Cluster_3,Financially Stretched but Highly Engaged,Model-based
KH00115690,62.699999999999996,79.25833333333334,0.492764703876822,0.18489354674094152,0.8071666666666667,0.20701666666666665,14.0,0.0,2.005109391705235,12,Full History,Cluster_3,Financially Stretched but Highly Engaged,Model-based
KH00115725,64.95,80.19166666666666,0.5040818847819226,0.20414137158999013,0.6483916666666666,0.21676666666666666,14.0,0.0,2.046668928375108,12,Full History,Cluster_3,Financially Stretched but Highly Engaged,Model-based
KH00115730,61.55833333333334,82.39999999999999,0.43118920567875807,0.2478046937834252,0.80505,0.27821666666666667,14.0,0.0,1.9115535486526791,12,Full History,Cluster_3,Financially Stretched but Highly Engaged,Model-based
KH00115770,64.05833333333334,72.05833333333332,0.5119838079844049,0.1688654020620497,0.7688416666666668,0.28655,13.333333333333334,0.25,1.2145010915920287,12,Full History,Cluster_0,Low Engagement & Financially Vulnerable,Model-based
KH00115805,64.01666666666667,76.75,0.5911055806695727,0.18556453628243694,0.7848333333333333,0.27899999999999997,13.583333333333334,0.0,1.4188072418553819,12,Full History,Cluster_3,Essential-Spend-Focused Customers,Model-based
KH00115810,67.13333333333334,74.14999999999999,0.5461017478443714,0.2099970328885048,0.7348833333333333,0.174975,13.083333333333334,0.08333333333333333,1.3911185222561133,12,Full History,Cluster_0,Financially Healthy but Disengaged,Model-based
KH00115845,68.175,78.425,0.5298361069503631,0.21776313241072212,0.6500666666666667,0.13888333333333333,13.666666666666666,0.08333333333333333,1.3283860898331865,12,Full History,Cluster_2,Financially Healthy but Disengaged,Model-based
KH00115850,65.99166666666666,82.59166666666667,0.4388475036007984,0.2636852359165163,0.6672833333333333,0.21885,14.0,0.0,1.4003616804483021,12,Full History,Cluster_1,Financially Stretched but Highly Engaged,Model-based
KH00115885,69.58333333333333,77.98333333333333,0.5245281357681053,0.19838286154511262,0.523925,0.1749666666666667,13.833333333333334,0.0,1.8504105155541823,12,Full History,Cluster_2,Financially Healthy but Disengaged,Model-based
KH00115890,69.375,78.20833333333333,0.4038528628641271,0.1764693021054908,0.6252833333333333,0.17823333333333333,14.0,0.0,0.9161177903815885,12,Full History,Cluster_1,Financially Healthy but Disengaged,Model-based
KH00115925,72.50833333333334,82.125,0.4569091248001143,0.24250789533410955,0.5017333333333333,0.12895,14.0,0.0,1.26390023124936,12,Full History,Cluster_1,Financially Healthy & Highly Engaged,Model-based
KH00115930,68.99166666666666,79.50833333333334,0.5022330839061082,0.19236523178344878,0.5754166666666667,0.117025,14.0,0.0,2.080094817610442,12,Full History,Cluster_2,Financially Healthy & Highly Engaged,Model-based
KH00115965,60.275,77.53333333333333,0.49468945674412157,0.19934327203060712,0.8809166666666667,0.20600833333333335,13.75,0.08333333333333333,1.4523061180173036,12,Full History,Cluster_3,Low Engagement & Financially Vulnerable,Model-based
KH00115970,68.15833333333333,80.8,0.4966366257389761,0.21624985161011268,0.6007833333333333,0.13779166666666667,14.0,0.0,1.9556611263389752,12,Full History,Cluster_2,Financially Healthy & Highly Engaged,Model-based
KH00116005,74.06666666666666,78.16666666666667,0.4983197884916475,0.21770813121163038,0.4276416666666667,0.09470833333333332,13.416666666666666,0.08333333333333333,1.849792143423487,12,Full History,Cluster_2,Financially Healthy but Disengaged,Model-based
KH00116010,63.85833333333333,77.45,0.48940543735915015,0.16048355237362724,0.7500333333333334,0.23640000000000003,14.0,0.0,1.6674495699418106,12,Full History,Cluster_3,Low Engagement & Financially Vulnerable,Model-based
KH00116045,58.63333333333333,76.46666666666667,0.5519407522452382,0.1856971425710802,0.957325,0.33853333333333335,13.416666666666666,0.0,1.5269637905647493,12,Full History,Cluster_3,Low Engagement & Financially Vulnerable,Model-based
KH00116050,60.35,76.43333333333334,0.4401934717596332,0.16528105848198968,0.8227583333333333,0.2755666666666667,13.916666666666666,0.0,2.0112074016659216,12,Full History,Cluster_3,Low Engagement & Financially Vulnerable,Model-based
KH00116085,64.83333333333333,73.48333333333333,0.5206797151953494,0.20059038022293532,0.8839833333333332,0.19978333333333334,13.166666666666666,0.3333333333333333,1.4502341505497538,12,Full History,Cluster_0,Low Engagement & Financially Vulnerable,Model-based
KH00116090,57.85,78.64166666666667,0.4862854975239807,0.21397022542066313,1.0608166666666665,0.23886666666666667,13.916666666666666,0.16666666666666666,1.7975007139964891,12,Full History,Cluster_3,Financially Stretched but Highly Engaged,Model-based
KH00116130,63.40833333333333,79.64166666666667,0.5150901137388663,0.19605705477434224,0.9393250000000001,0.2228416666666667,14.0,0.0,2.1009069938522877,12,Full History,Cluster_3,Financially Stretched but Highly Engaged,Model-based
KH00116165,70.76666666666667,74.76666666666667,0.5405842127717381,0.22975520357632004,0.5882916666666667,0.21259166666666665,12.833333333333334,0.08333333333333333,1.218903240959704,12,Full History,Cluster_0,Financially Healthy but Disengaged,Model-based
KH00116170,64.7,79.20833333333333,0.48737640523223363,0.1968915325747865,0.6669,0.21799166666666667,13.916666666666666,0.0,1.7769570213288688,12,Full History,Cluster_3,Financially Stretched but Highly Engaged,Model-based
KH00116205,64.5,73.33333333333333,0.5096244291087619,0.19759502656809538,0.877025,0.21162499999999998,12.916666666666666,0.16666666666666666,1.314099313559015,12,Full History,Cluster_0,Low Engagement & Financially Vulnerable,Model-based
KH00116210,67.14166666666667,79.81666666666668,0.5231464262641375,0.19829169344171718,0.6933250000000001,0.146325,14.0,0.0,1.6289509827942192,12,Full History,Cluster_2,Financially Healthy & Highly Engaged,Model-based
KH00116245,69.03333333333333,80.30833333333334,0.45242284699128127,0.25021418469796813,0.6223416666666667,0.15050833333333333,13.833333333333334,0.16666666666666666,1.3650695619825461,12,Full History,Cluster_1,Financially Healthy & Highly Engaged,Model-based
KH00116250,69.71666666666667,78.60833333333333,0.5585730432712056,0.17889881988673884,0.5948083333333334,0.139075,13.916666666666666,0.0,1.6853325193332067,12,Full History,Cluster_2,Essential-Spend-Focused Customers,Model-based
KH00116285,70.05,79.97500000000001,0.4951383541178837,0.2046104768941107,0.5415333333333333,0.12681666666666666,13.916666666666666,0.0,1.8184139956979524,12,Full History,Cluster_2,Financially Healthy & Highly Engaged,Model-based
KH00116290,62.65833333333333,78.01666666666667,0.5429455531595929,0.19616758550413918,0.8583250000000001,0.19865833333333335,14.0,0.0,1.6677583684186938,12,Full History,Cluster_3,Low Engagement & Financially Vulnerable,Model-based
KH00116325,60.050000000000004,82.90833333333333,0.43770161468016006,0.2630698479533723,0.86105,0.2835583333333333,13.916666666666666,0.0,1.4627297531002101,12,Full History,Cluster_3,Financially Stretched but Highly Engaged,Model-based
KH00116330,63.84166666666667,81.45,0.44008737823512556,0.2314104313487644,0.7749083333333333,0.194425,14.0,0.0,1.4302262325928128,12,Full History,Cluster_1,Financially Stretched but Highly Engaged,Model-based
KH00116365,68.64999999999999,76.03333333333333,0.5325159468392399,0.14030235123964868,0.6993416666666666,0.14958333333333332,13.75,0.0,1.6036141518626736,12,Full History,Cluster_2,Financially Healthy but Disengaged,Model-based
KH00116405,67.28333333333333,71.89166666666667,0.5028566545263294,0.1665181649233747,0.71095,0.16487500000000002,12.916666666666666,0.08333333333333333,1.4773170143577652,12,Full History,Cluster_0,Financially Healthy but Disengaged,Model-based
KH00116410,64.55,78.0,0.5419127284018947,0.2001513531818853,0.81635,0.18105833333333332,13.833333333333334,0.08333333333333333,1.2976437287539535,12,Full History,Cluster_3,Low Engagement & Financially Vulnerable,Model-based
KH00116450,62.81666666666666,71.80833333333332,0.46362813239298406,0.16524234316845965,0.9318416666666667,0.23376666666666668,13.0,0.08333333333333333,1.6085538178945713,12,Full History,Cluster_0,Low Engagement & Financially Vulnerable,Model-based
KH00116490,65.14999999999999,78.5,0.4971789194877751,0.18561284252273458,0.72345,0.23299999999999998,13.916666666666666,0.0,1.6881628974248801,12,Full History,Cluster_3,Low Engagement & Financially Vulnerable,Model-based
KH00116525,67.05,80.09166666666667,0.5366776906651096,0.21253690556173113,0.6222666666666666,0.22424166666666667,13.75,0.0,1.5377761757726158,12,Full History,Cluster_2,Financially Healthy & Highly Engaged,Model-based
KH00116530,74.55,78.875,0.3907684763998396,0.19151846706883324,0.4905916666666667,0.09999999999999999,13.916666666666666,0.0,0.9197038355151603,12,Full History,Cluster_1,Financially Healthy & Highly Engaged,Model-based
KH00116565,65.7,76.43333333333334,0.5458773282295637,0.17236844300371235,0.7936500000000001,0.22556666666666667,13.75,0.0,1.617740844081535,12,Full History,Cluster_3,Low Engagement & Financially Vulnerable,Model-based
KH00116570,66.84166666666667,81.425,0.48953101095890905,0.2389741067562519,0.6298333333333334,0.14266666666666666,14.0,0.0,1.9525793816586499,12,Full History,Cluster_2,Financially Healthy & Highly Engaged,Model-based
KH00116610,62.5,80.93333333333334,0.5026457430033433,0.21872873177572852,0.7595000000000001,0.23074166666666665,14.0,0.0,1.8727990821470464,12,Full History,Cluster_3,Financially Stretched but Highly Engaged,Model-based
KH00116650,67.95,82.72500000000001,0.4355585105479946,0.2918473785662256,0.581375,0.19594999999999999,13.916666666666666,0.0,1.4131601658199047,12,Full History,Cluster_1,Financially Healthy & Highly Engaged,Model-based
KH00116685,66.65833333333333,74.22500000000001,0.5599231534670127,0.19951876370701305,0.7739166666666666,0.21961666666666665,13.5,0.08333333333333333,1.3633567295854878,12,Full History,Cluster_0,Essential-Spend-Focused Customers,Model-based
KH00116690,67.29166666666667,77.50833333333334,0.3582107234927447,0.18659904602664043,0.7536666666666667,0.15232500000000002,14.0,0.0,0.968953396646668,12,Full History,Cluster_1,Financially Healthy but Disengaged,Model-based
KH00116730,68.25833333333334,82.48333333333333,0.49085340951969597,0.2605823645015009,0.5701999999999999,0.14225000000000002,14.0,0.0,2.2262248907390108,12,Full History,Cluster_2,Financially Healthy & Highly Engaged,Model-based
KH00116765,60.675000000000004,78.05833333333334,0.42399618293787705,0.2924566678087241,0.9603583333333333,0.28591666666666665,13.25,0.16666666666666666,1.3119692461650776,12,Full History,Cluster_0,Emerging Digital Customers,Model-based
KH00116770,66.64999999999999,71.24166666666666,0.5435872871797085,0.1471855873266635,0.849825,0.19505833333333333,13.333333333333334,0.3333333333333333,1.4490453258070073,12,Full History,Cluster_0,Financially Healthy but Disengaged,Model-based
KH00116810,69.45,78.125,0.4660405287697193,0.16759357130398847,0.5984333333333334,0.11799166666666666,13.916666666666666,0.0,2.8693469175451525,12,Full History,Cluster_2,Financially Healthy but Disengaged,Model-based
KH00116845,63.449999999999996,80.74166666666666,0.5223863786426034,0.230966921799007,0.7530083333333333,0.26669166666666666,13.833333333333334,0.0,1.436376846959039,12,Full History,Cluster_3,Financially Stretched but Highly Engaged,Model-based
KH00116850,62.59166666666667,77.30833333333334,0.5396188454341553,0.25927881680015535,0.9474083333333333,0.22700833333333334,13.666666666666666,0.16666666666666666,1.575349190634139,12,Full History,Cluster_3,Emerging Digital Customers,Model-based
KH00116885,63.166666666666664,78.5,0.5453990190343908,0.2132905847920701,0.77385,0.2564,13.75,0.0,1.5018481997697843,12,Full History,Cluster_3,Low Engagement & Financially Vulnerable,Model-based
KH00116890,71.35833333333333,80.325,0.520848794796591,0.21363770793828282,0.476825,0.18594166666666667,13.833333333333334,0.0,1.5479286839386044,12,Full History,Cluster_2,Financially Healthy & Highly Engaged,Model-based
KH00116925,73.06666666666668,78.75833333333334,0.513180254154953,0.1906222566186537,0.4845,0.10052499999999999,13.916666666666666,0.0,1.580839191383382,12,Full History,Cluster_2,Financially Healthy & Highly Engaged,Model-based
KH00116930,66.73333333333333,81.96666666666667,0.4855464429681426,0.2398356770604054,0.6203333333333333,0.23979166666666665,14.0,0.0,2.705551301013729,12,Full History,Cluster_3,Financially Healthy & Highly Engaged,Model-based
KH00116965,70.18333333333334,80.40833333333333,0.5148819847841513,0.21880421208257841,0.5815416666666667,0.15884166666666666,14.0,0.0,1.8856781572242671,12,Full History,Cluster_2,Financially Healthy & Highly Engaged,Model-based
KH00116970,62.65,78.91666666666667,0.3693574836693651,0.2161753170351616,0.8573666666666666,0.22177499999999997,13.833333333333334,0.0,0.9549421329945877,12,Full History,Cluster_1,Financially Stretched but Highly Engaged,Model-based
KH00117005,71.84166666666667,76.84166666666667,0.5217419046941305,0.15109450751297435,0.5630000000000001,0.13950833333333332,14.0,0.0,1.5221077422959528,12,Full History,Cluster_2,Financially Healthy but Disengaged,Model-based
KH00117010,70.11666666666666,76.96666666666667,0.5316902853496882,0.2527688142758333,0.5858583333333334,0.13147499999999998,13.5,0.08333333333333333,1.2994955989384362,12,Full History,Cluster_2,Emerging Digital Customers,Model-based
KH00117045,64.22500000000001,82.70833333333333,0.45573309836763093,0.2653315686846177,0.8109083333333333,0.16218333333333332,14.0,0.0,1.3405324371688419,12,Full History,Cluster_1,Financially Stretched but Highly Engaged,Model-based
KH00117050,66.06666666666666,75.25833333333334,0.41694771999463215,0.23074271988824147,0.8026416666666667,0.24514166666666667,13.333333333333334,0.3333333333333333,0.8561665097493467,12,Full History,Cluster_0,Low Engagement & Financially Vulnerable,Model-based
KH00117085,68.04166666666667,83.24166666666666,0.46783209634985434,0.2647837459102093,0.6157916666666666,0.19885,14.0,0.0,1.3407134669642773,12,Full History,Cluster_1,Financially Healthy & Highly Engaged,Model-based
KH00117090,70.25,75.85833333333333,0.4458941100104894,0.16229505007767778,0.5973499999999999,0.2141666666666667,13.666666666666666,0.0,0.8086175681845442,12,Full History,Cluster_1,Financially Healthy but Disengaged,Model-based
KH00117125,71.63333333333334,72.63333333333334,0.5673712299661023,0.18704589793692203,0.5723166666666667,0.19571666666666665,12.833333333333334,0.0,1.2141442819928854,12,Full History,Cluster_0,Essential-Spend-Focused Customers,Model-based
KH00117130,66.2,75.28333333333333,0.5007221761764905,0.22447769696324923,0.7745583333333332,0.20872500000000002,13.333333333333334,0.0,1.556295456217936,12,Full History,Cluster_0,Low Engagement & Financially Vulnerable,Model-based
KH00117165,54.6,79.51666666666667,0.4995263239790289,0.19266565878602604,0.9771916666666667,0.35063333333333335,13.916666666666666,0.0,2.015803705582575,12,Full History,Cluster_3,Financially Stretched but Highly Engaged,Model-based
KH00117170,62.46666666666667,79.54166666666667,0.4162292812350505,0.1933018352527199,0.8908083333333333,0.28554166666666664,14.0,0.0,0.8808307838576264,12,Full History,Cluster_1,Financially Stretched but Highly Engaged,Model-based
KH00117205,61.699999999999996,78.10000000000001,0.49873837330872467,0.1740380342792035,0.8798666666666667,0.20173333333333332,14.0,0.0,1.5033293014308822,12,Full History,Cluster_3,Low Engagement & Financially Vulnerable,Model-based
KH00117210,65.56666666666666,76.75,0.48740577109855027,0.2513147953600918,0.6823583333333333,0.24244166666666667,13.416666666666666,0.16666666666666666,1.5005068967331654,12,Full History,Cluster_0,Emerging Digital Customers,Model-based
KH00117245,74.73333333333333,81.11666666666666,0.47914837124248516,0.2227490669938126,0.3644083333333333,0.08236666666666666,14.0,0.0,2.1322368224535126,12,Full History,Cluster_2,Financially Healthy & Highly Engaged,Model-based
KH00117250,65.10000000000001,83.81666666666666,0.2685693511356581,0.286700183867593,0.7407416666666666,0.20028333333333334,14.0,0.0,1.0116966130807719,12,Full History,Cluster_1,Financially Stretched but Highly Engaged,Model-based
KH00117290,64.54166666666667,74.89999999999999,0.5012529116093497,0.1391343968238431,0.7485750000000001,0.21081666666666665,13.75,0.0,1.5726633145676354,12,Full History,Cluster_2,Low Engagement & Financially Vulnerable,Model-based
KH00117325,73.72500000000001,79.47500000000001,0.3857530036993759,0.20251770405935043,0.48159166666666664,0.13536666666666666,13.916666666666666,0.0,0.9438366375305421,12,Full History,Cluster_1,Financially Healthy & Highly Engaged,Model-based
KH00117330,62.23333333333333,72.68333333333334,0.36219536483779863,0.18909857753006246,0.8405666666666667,0.30015,13.166666666666666,0.3333333333333333,0.9327153517699552,12,Full History,Cluster_0,Low Engagement & Financially Vulnerable,Model-based
KH00117365,67.125,80.61666666666666,0.5455145865037258,0.21299817020370213,0.6378416666666666,0.17000833333333332,14.0,0.0,2.009796278413161,12,Full History,Cluster_2,Financially Healthy & Highly Engaged,Model-based
KH00117370,71.05,78.56666666666666,0.48723176840714993,0.18573261730250643,0.5560083333333333,0.130175,14.0,0.08333333333333333,1.680870293014496,12,Full History,Cluster_2,Financially Healthy & Highly Engaged,Model-based
KH00117405,66.38333333333334,79.5,0.5408819789952861,0.20057827809962517,0.7196333333333333,0.1909833333333333,13.75,0.0,1.5799286058195434,12,Full History,Cluster_2,Financially Healthy & Highly Engaged,Model-based
KH00117450,71.50833333333334,78.69166666666666,0.5398070600977688,0.1741103481517485,0.5074083333333334,0.11303333333333333,14.0,0.0,1.9009472856999086,12,Full History,Cluster_2,Financially Healthy & Highly Engaged,Model-based
KH00117485,62.65833333333333,83.33333333333333,0.43568173372391045,0.2666408236227391,0.8135833333333333,0.199025,14.0,0.0,1.4476525141864256,12,Full History,Cluster_1,Financially Stretched but Highly Engaged,Model-based
KH00117490,68.30833333333334,81.09166666666667,0.4487226101555513,0.23562724823338435,0.6206166666666667,0.15660833333333332,14.0,0.0,1.3487368357039315,12,Full History,Cluster_1,Financially Healthy & Highly Engaged,Model-based
KH00117525,60.85833333333333,73.36666666666666,0.3974597030134625,0.1918575345438712,0.7929833333333334,0.32185,13.25,0.25,0.9180449628788939,12,Full History,Cluster_0,Low Engagement & Financially Vulnerable,Model-based
KH00117530,57.824999999999996,76.94166666666666,0.4871663795408209,0.25347177868386656,0.9441333333333334,0.28384166666666666,13.5,0.08333333333333333,1.4073231844769216,12,Full History,Cluster_3,Emerging Digital Customers,Model-based
KH00117565,66.64166666666667,77.80833333333334,0.4778158447649176,0.19065802038744686,0.6719333333333334,0.19644166666666665,14.0,0.0,2.1828612505739393,12,Full History,Cluster_2,Financially Healthy but Disengaged,Model-based
KH00117570,71.96666666666667,81.41666666666667,0.253080822145265,0.2664999040036646,0.48095,0.14273333333333335,14.0,0.0,0.9957352086305967,12,Full History,Cluster_1,Financially Healthy & Highly Engaged,Model-based
KH00117605,69.64166666666667,76.55,0.504936356052147,0.18112432451566648,0.538925,0.2096083333333333,13.833333333333334,0.08333333333333333,1.434683020279464,12,Full History,Cluster_2,Financially Healthy but Disengaged,Model-based
KH00117610,68.41666666666667,81.91666666666667,0.46568366070037737,0.25499479948628,0.6250333333333333,0.17923333333333333,13.916666666666666,0.0,1.266597726218734,12,Full History,Cluster_1,Financially Healthy & Highly Engaged,Model-based
KH00117645,65.35833333333333,81.31666666666666,0.5034356437558313,0.22666922153003163,0.692025,0.15210833333333332,14.0,0.0,2.1349870819007384,12,Full History,Cluster_2,Financially Stretched but Highly Engaged,Model-based
KH00117650,64.16666666666667,76.89166666666667,0.482014209089608,0.1856998506237295,0.77995,0.15706666666666666,13.583333333333334,0.0,1.4943896783473833,12,Full History,Cluster_2,Low Engagement & Financially Vulnerable,Model-based
KH00117685,58.38333333333333,80.13333333333334,0.4365336004093341,0.20654978548915412,0.8193833333333332,0.2721166666666667,14.0,0.0,2.305339591174729,12,Full History,Cluster_3,Financially Stretched but Highly Engaged,Model-based
KH00117690,62.19166666666666,81.81666666666666,0.4328727454110212,0.23667396378239403,0.8217083333333334,0.21410833333333334,14.0,0.0,1.6454596839791886,12,Full History,Cluster_3,Financially Stretched but Highly Engaged,Model-based
KH00117725,74.48333333333333,76.38333333333334,0.5900219847394147,0.17363962481774564,0.4606166666666667,0.10964166666666668,13.75,0.0,1.6286905457801037,12,Full History,Cluster_2,Essential-Spend-Focused Customers,Model-based
KH00117730,71.54166666666667,76.93333333333334,0.5215764825562015,0.19098915036129038,0.47436666666666666,0.18374166666666666,13.5,0.0,1.6600831984982307,12,Full History,Cluster_2,Financially Healthy but Disengaged,Model-based
KH00117765,70.18333333333334,78.23333333333333,0.5308176026149837,0.17219000740019338,0.5466416666666667,0.15345833333333334,13.833333333333334,0.0,2.0301068540303997,12,Full History,Cluster_2,Financially Healthy but Disengaged,Model-based
KH00117770,67.47500000000001,72.85000000000001,0.4888203472670744,0.1925722163140731,0.70785,0.16439166666666666,13.25,0.3333333333333333,1.5022917499670674,12,Full History,Cluster_0,Financially Healthy but Disengaged,Model-based
KH00117805,63.03333333333333,79.10833333333333,0.5535420849092328,0.18569635830560124,0.7596416666666667,0.2895666666666667,13.916666666666666,0.0,1.5802917558784026,12,Full History,Cluster_3,Financially Stretched but Highly Engaged,Model-based
KH00117810,70.15833333333333,82.84166666666667,0.44507027227340723,0.25688033809613736,0.5580333333333333,0.14710833333333334,14.0,0.0,1.378407491180754,12,Full History,Cluster_1,Financially Healthy & Highly Engaged,Model-based
KH00117845,49.800000000000004,72.45833333333333,0.5394678726761055,0.18505712133410934,1.1770666666666667,0.3416666666666666,12.833333333333334,0.08333333333333333,1.468642248024777,12,Full History,Cluster_0,Low Engagement & Financially Vulnerable,Model-based
KH00117850,62.0,79.68333333333334,0.5097003177385324,0.205260408924034,0.8512583333333333,0.24025833333333332,14.0,0.0,1.8317814600075535,12,Full History,Cluster_3,Financially Stretched but Highly Engaged,Model-based
KH00117885,68.25833333333334,80.29166666666667,0.5353950592606749,0.20571338146355944,0.582,0.17419166666666666,14.0,0.0,1.8703881411801706,12,Full History,Cluster_2,Financially Healthy & Highly Engaged,Model-based
KH00117925,69.27499999999999,80.09166666666665,0.503892809732109,0.20443839483204265,0.5774333333333334,0.12585,14.0,0.0,1.7459824442476555,12,Full History,Cluster_2,Financially Healthy & Highly Engaged,Model-based
KH00117930,67.89999999999999,78.10000000000001,0.3569022024192802,0.19977007305909358,0.5995833333333334,0.2348583333333333,14.0,0.0,0.9651827837140541,12,Full History,Cluster_1,Financially Healthy but Disengaged,Model-based
KH00117965,63.675000000000004,74.34166666666667,0.4989176275143188,0.19436609731025278,0.8049249999999999,0.28604999999999997,13.583333333333334,0.16666666666666666,1.5422799404707668,12,Full History,Cluster_0,Low Engagement & Financially Vulnerable,Model-based
KH00117970,58.40833333333333,77.2,0.48312262266175826,0.18610396289912523,0.9372583333333333,0.26358333333333334,13.833333333333334,0.0,1.4837726605386852,12,Full History,Cluster_3,Low Engagement & Financially Vulnerable,Model-based
KH00118005,65.05833333333334,77.11666666666666,0.5335715182652403,0.18140739032307138,0.8435083333333333,0.20541666666666666,13.916666666666666,0.0,1.287907625965704,12,Full History,Cluster_3,Low Engagement & Financially Vulnerable,Model-based
KH00118010,67.90833333333333,78.44166666666666,0.5521451927922448,0.16858629069527883,0.6769250000000001,0.15025833333333335,14.0,0.0,2.014583683135103,12,Full History,Cluster_2,Financially Healthy but Disengaged,Model-based
KH00118045,61.60833333333333,78.40833333333333,0.5268217391511648,0.18202854408018163,0.9375333333333332,0.3026583333333333,13.916666666666666,0.0,2.211544855600671,12,Full History,Cluster_3,Low Engagement & Financially Vulnerable,Model-based
KH00118050,64.69166666666666,77.14166666666667,0.5426516542691376,0.19411598942154576,0.8795999999999999,0.18965833333333335,13.5,0.0,1.3265143015638532,12,Full History,Cluster_3,Low Engagement & Financially Vulnerable,Model-based
KH00118085,65.925,82.34166666666667,0.4201551038227543,0.2480487593947109,0.5746166666666667,0.14711666666666667,14.0,0.0,2.9139335838877822,12,Full History,Cluster_2,Financially Stretched but Highly Engaged,Model-based
KH00118090,67.96666666666667,72.73333333333333,0.48055340856140966,0.17384396615630207,0.662625,0.18688333333333332,13.416666666666666,0.16666666666666666,1.503710119086147,12,Full History,Cluster_0,Financially Healthy but Disengaged,Model-based
KH00118125,63.74166666666667,82.21666666666667,0.4459346403382453,0.24450286321380346,0.7623000000000001,0.23860833333333334,14.0,0.0,1.3113391337241496,12,Full History,Cluster_1,Financially Stretched but Highly Engaged,Model-based
KH00118170,63.525000000000006,77.7,0.5105593420461427,0.16808482120109536,0.7432083333333334,0.23195833333333335,13.666666666666666,0.0,1.6821417505867426,12,Full History,Cluster_3,Low Engagement & Financially Vulnerable,Model-based
KH00118205,71.94166666666666,81.58333333333333,0.4549020834200386,0.2314882830107252,0.5170916666666666,0.11103333333333333,14.0,0.0,1.5741211828494295,12,Full History,Cluster_2,Financially Healthy & Highly Engaged,Model-based
KH00118210,68.79166666666667,76.925,0.5485597996637955,0.1865838246106923,0.5745166666666667,0.19569166666666668,13.666666666666666,0.0,1.5448463162514718,12,Full History,Cluster_2,Financially Healthy but Disengaged,Model-based
KH00118245,65.8,78.11666666666666,0.3762297694804834,0.19955236728693312,0.7205499999999999,0.21030000000000001,13.916666666666666,0.08333333333333333,0.9403655427797059,12,Full History,Cluster_1,Low Engagement & Financially Vulnerable,Model-based
KH00118285,64.75833333333334,73.72500000000001,0.5337222613486198,0.20777641786785925,0.8570333333333333,0.20762499999999998,12.916666666666666,0.0,1.351349747642652,12,Full History,Cluster_0,Low Engagement & Financially Vulnerable,Model-based
KH00118290,67.85000000000001,72.20833333333333,0.5226322913322168,0.17907298285321885,0.660075,0.24545000000000003,13.083333333333334,0.25,1.2439358656381405,12,Full History,Cluster_0,Financially Healthy but Disengaged,Model-based
KH00118325,67.45,79.3,0.4977502389021982,0.19684748388523568,0.6210083333333333,0.18758333333333332,14.0,0.0,1.4584463423625331,12,Full History,Cluster_2,Financially Healthy & Highly Engaged,Model-based
KH00118330,67.675,78.78333333333333,0.5071495513047726,0.18634851772626504,0.6026916666666667,0.157275,14.0,0.0,2.028284613584131,12,Full History,Cluster_2,Financially Healthy & Highly Engaged,Model-based
KH00118365,62.60833333333333,77.88333333333334,0.5302393950302917,0.1743453946705271,0.8823249999999999,0.26014166666666666,13.833333333333334,0.0,1.2258457948146984,12,Full History,Cluster_3,Low Engagement & Financially Vulnerable,Model-based
KH00118370,73.43333333333332,72.58333333333333,0.4882383102459398,0.18572121397202912,0.6483833333333334,0.13748333333333335,13.0,0.16666666666666666,1.6816915746747727,12,Full History,Cluster_0,Financially Healthy but Disengaged,Model-based
KH00118405,64.175,73.99166666666666,0.3693128532756331,0.20294400811942603,0.809025,0.24907500000000002,13.5,0.25,0.9876948991939988,12,Full History,Cluster_0,Low Engagement & Financially Vulnerable,Model-based
KH00118410,61.88333333333333,72.15833333333333,0.5129884644269372,0.15279335648655915,0.8687916666666666,0.28202499999999997,13.666666666666666,0.08333333333333333,1.6932951249279753,12,Full History,Cluster_0,Low Engagement & Financially Vulnerable,Model-based
KH00118445,64.3,78.625,0.49710780486589806,0.22198924234421993,0.6810999999999999,0.25028333333333336,13.583333333333334,0.0,1.6017066059207679,12,Full History,Cluster_3,Financially Stretched but Highly Engaged,Model-based
KH00118450,66.39999999999999,74.05,0.5226349935632569,0.20283626443882832,0.7643416666666667,0.21654166666666666,13.333333333333334,0.25,1.1423241779629136,12,Full History,Cluster_0,Financially Healthy but Disengaged,Model-based
KH00118485,54.75833333333333,71.70833333333333,0.5471738027546689,0.16365289115843398,1.0189000000000001,0.2614916666666667,13.083333333333334,0.16666666666666666,1.276807788852577,12,Full History,Cluster_0,Low Engagement & Financially Vulnerable,Model-based
KH00118490,65.05,79.74166666666666,0.5212065041779341,0.19472942673373397,0.7535249999999999,0.19274166666666667,14.0,0.0,1.8678081166429752,12,Full History,Cluster_3,Financially Stretched but Highly Engaged,Model-based
KH00118525,68.80833333333332,78.88333333333334,0.5387699318261102,0.17775120447095671,0.5838666666666666,0.15764166666666668,14.0,0.0,2.0115221078676373,12,Full History,Cluster_2,Financially Healthy & Highly Engaged,Model-based
KH00118530,57.21666666666667,78.52499999999999,0.5040515948037059,0.19023166019995041,0.992775,0.21551666666666666,13.75,0.0,2.2487644182805604,12,Full History,Cluster_3,Low Engagement & Financially Vulnerable,Model-based
KH00118565,70.175,78.00833333333334,0.5215770868665175,0.16551870248344075,0.5755666666666667,0.118325,13.916666666666666,0.08333333333333333,2.0257858501867547,12,Full History,Cluster_2,Financially Healthy but Disengaged,Model-based
KH00118570,57.38333333333333,79.36666666666666,0.47597400821689456,0.1871955606606224,0.8638750000000001,0.31420833333333337,14.0,0.0,2.6703715893068654,12,Full History,Cluster_3,Financially Stretched but Highly Engaged,Model-based
KH00118605,73.65833333333333,78.73333333333333,0.5346580603487934,0.18172451974575474,0.461325,0.11631666666666667,13.833333333333334,0.0,1.4573748236370465,12,Full History,Cluster_2,Financially Healthy & Highly Engaged,Model-based
KH00118610,66.64166666666667,73.98333333333333,0.448216345815488,0.1990485617694143,0.7103333333333334,0.26253333333333334,13.333333333333334,0.16666666666666666,0.8766838909511142,12,Full History,Cluster_0,Financially Healthy but Disengaged,Model-based
KH00118645,65.59166666666667,79.02499999999999,0.37947665868351527,0.18412418146663992,0.6887583333333334,0.2828583333333333,14.0,0.0,0.9050069276369926,12,Full History,Cluster_1,Financially Stretched but Highly Engaged,Model-based
KH00118650,75.39166666666667,79.36666666666666,0.5013400702980587,0.18808418355416143,0.34496666666666664,0.0998,14.0,0.0,2.4225267043104726,12,Full History,Cluster_2,Financially Healthy & Highly Engaged,Model-based
KH00118685,74.00833333333334,77.74166666666666,0.4440629305518751,0.19780749435251702,0.551125,0.11699166666666666,13.75,0.0,0.820849298376897,12,Full History,Cluster_1,Financially Healthy but Disengaged,Model-based
KH00118690,67.14999999999999,77.35833333333333,0.38205391653143256,0.189757781454027,0.7176583333333334,0.23465,13.916666666666666,0.0,0.8923490246566992,12,Full History,Cluster_1,Financially Healthy but Disengaged,Model-based
KH00118725,68.8,70.89999999999999,0.5687028024075166,0.15664775196198405,0.6572916666666667,0.23370833333333332,12.833333333333334,0.16666666666666666,1.1328079295396292,12,Full History,Cluster_0,Essential-Spend-Focused Customers,Model-based
KH00118730,67.47500000000001,73.8,0.5126122057442357,0.21423868300432705,0.6926666666666668,0.176125,13.0,0.25,1.3660150074625559,12,Full History,Cluster_0,Financially Healthy but Disengaged,Model-based
KH00118770,64.50833333333334,76.51666666666667,0.43662403872190997,0.2558342818956746,0.7139166666666666,0.21230833333333332,13.166666666666666,0.25,1.4064186646503218,12,Full History,Cluster_0,Emerging Digital Customers,Model-based
KH00118805,65.96666666666667,74.075,0.40087290275846477,0.214631306245599,0.7440000000000001,0.2459916666666667,13.083333333333334,0.16666666666666666,0.8776709746879211,12,Full History,Cluster_0,Low Engagement & Financially Vulnerable,Model-based
KH00118810,61.43333333333334,83.30833333333334,0.4411405283983434,0.26805517465316847,0.9333583333333334,0.20195833333333335,14.0,0.0,1.3186431511660104,12,Full History,Cluster_1,Financially Stretched but Highly Engaged,Model-based
KH00118845,75.55833333333334,81.89999999999999,0.4451235980450927,0.2760159604534095,0.39055,0.08795000000000001,14.0,0.0,1.4053380495906718,12,Full History,Cluster_1,Financially Healthy & Highly Engaged,Model-based
KH00118850,63.50833333333333,77.60000000000001,0.5284110722554455,0.17360283645776534,0.8441916666666667,0.19858333333333333,13.75,0.0,1.4353295482802169,12,Full History,Cluster_3,Low Engagement & Financially Vulnerable,Model-based
KH00118885,68.68333333333334,73.46666666666667,0.5002690227414784,0.20050400834378215,0.672675,0.13643333333333332,13.25,0.3333333333333333,1.589550612241671,12,Full History,Cluster_0,Financially Healthy but Disengaged,Model-based
KH00118890,64.05833333333334,79.51666666666667,0.53557043243849,0.19854117696214132,0.7885166666666666,0.20350833333333332,13.833333333333334,0.08333333333333333,1.6267515514809372,12,Full History,Cluster_3,Financially Stretched but Highly Engaged,Model-based
KH00118930,66.03333333333333,71.76666666666667,0.5075964108997635,0.15481912463534908,0.8139833333333333,0.17842499999999997,13.416666666666666,0.08333333333333333,1.1960469736914767,12,Full History,Cluster_0,Low Engagement & Financially Vulnerable,Model-based
KH00118965,69.50833333333334,74.05,0.48811812600656684,0.129856444176747,0.570125,0.17324166666666665,13.583333333333334,0.0,1.4305221520869893,12,Full History,Cluster_2,Financially Healthy but Disengaged,Model-based
KH00118970,68.21666666666667,71.325,0.47935744533223335,0.1568542281523091,0.7017416666666666,0.17843333333333333,13.083333333333334,0.16666666666666666,1.3637912368730216,12,Full History,Cluster_0,Financially Healthy but Disengaged,Model-based
KH00119005,72.22500000000001,73.75833333333334,0.5016120706207748,0.1968962233596583,0.50885,0.110525,13.583333333333334,0.3333333333333333,1.5296359790861267,12,Full History,Cluster_0,Financially Healthy but Disengaged,Model-based
KH00119010,59.36666666666667,72.64166666666667,0.49861557123878536,0.1789342255534168,0.7756666666666666,0.29335,13.083333333333334,0.08333333333333333,1.3328577736810054,12,Full History,Cluster_0,Low Engagement & Financially Vulnerable,Model-based
KH00119045,70.19166666666666,75.60833333333333,0.5450687488274252,0.1637352776610296,0.5704333333333333,0.18610000000000002,13.583333333333334,0.25,1.763227919407276,12,Full History,Cluster_0,Financially Healthy but Disengaged,Model-based
KH00119050,64.81666666666666,79.85833333333333,0.424419253723679,0.1971285436564533,0.6680666666666667,0.14140833333333333,14.0,0.0,2.5447203827331975,12,Full History,Cluster_2,Financially Stretched but Highly Engaged,Model-based
KH00119085,59.98333333333333,71.175,0.4589888602530046,0.15486037512017883,1.0561583333333333,0.24304166666666668,12.916666666666666,0.08333333333333333,1.6859721280085556,12,Full History,Cluster_0,Low Engagement & Financially Vulnerable,Model-based
KH00119090,67.76666666666667,83.43333333333334,0.2527114412543994,0.2685781225457769,0.6118416666666667,0.169925,14.0,0.0,1.6510494514348493,12,Full History,Cluster_1,Financially Healthy & Highly Engaged,Model-based
KH00119125,67.69166666666666,82.85833333333333,0.4359085062378101,0.2571611599850249,0.6382916666666666,0.17355,14.0,0.0,1.3514401114698051,12,Full History,Cluster_1,Financially Healthy & Highly Engaged,Model-based
KH00119130,68.24166666666666,73.88333333333334,0.5328081442564618,0.2023552130550611,0.6409666666666667,0.20626666666666668,13.416666666666666,0.16666666666666666,1.347936131660205,12,Full History,Cluster_0,Financially Healthy but Disengaged,Model-based
KH00119165,69.45833333333333,79.08333333333333,0.5056384946503559,0.22953475282681457,0.6380666666666667,0.13309166666666666,13.833333333333334,0.16666666666666666,1.3382380929661746,12,Full History,Cluster_2,Financially Healthy & Highly Engaged,Model-based
KH00119170,60.324999999999996,80.98333333333333,0.5021968650827271,0.23187817004969638,0.9550833333333334,0.2506,14.0,0.0,1.8489153001321637,12,Full History,Cluster_3,Financially Stretched but Highly Engaged,Model-based
KH00119205,62.99166666666667,79.45,0.5231539515429116,0.20159619007812427,0.7561249999999999,0.26174166666666665,14.0,0.0,1.7832871888847006,12,Full History,Cluster_3,Financially Stretched but Highly Engaged,Model-based
KH00119210,63.291666666666664,77.31666666666666,0.47957765217671944,0.18416505428823213,0.8049666666666666,0.20911666666666665,13.916666666666666,0.0,2.093812667516012,12,Full History,Cluster_3,Low Engagement & Financially Vulnerable,Model-based
KH00119245,63.89166666666666,78.75833333333334,0.43597051091783373,0.18964754223021996,0.6636666666666667,0.24005,14.0,0.0,2.3492096158614912,12,Full History,Cluster_3,Financially Stretched but Highly Engaged,Model-based
KH00119250,57.15,74.01666666666667,0.5384295058329835,0.21302390278989122,1.0538833333333333,0.23053333333333334,13.25,0.4166666666666667,1.26820221578689,12,Full History,Cluster_0,Low Engagement & Financially Vulnerable,Model-based
KH00119285,71.95,74.45833333333333,0.4955479459519361,0.21662490441420643,0.5457083333333334,0.15721666666666667,13.083333333333334,0.08333333333333333,1.2312868336290037,12,Full History,Cluster_0,Financially Healthy but Disengaged,Model-based
KH00119290,66.08333333333333,79.96666666666667,0.4882428637147241,0.2147741372737688,0.7185916666666667,0.16864166666666666,14.0,0.0,1.6041289204013092,12,Full History,Cluster_2,Financially Stretched but Highly Engaged,Model-based
KH00119330,65.15833333333333,74.85000000000001,0.4417046593386187,0.22259882362679298,0.6887833333333333,0.261,13.333333333333334,0.16666666666666666,1.150437689271074,12,Full History,Cluster_0,Low Engagement & Financially Vulnerable,Model-based
KH00119365,60.94166666666666,79.10833333333333,0.44360163746633713,0.22998565409644356,0.7615833333333333,0.21893333333333334,13.833333333333334,0.08333333333333333,2.217227378010518,12,Full History,Cluster_3,Financially Stretched but Highly Engaged,Model-based
KH00119370,62.175000000000004,78.11666666666666,0.5456023625334209,0.17540760835603866,0.90085,0.18465833333333334,14.0,0.0,1.8258776171479978,12,Full History,Cluster_3,Low Engagement & Financially Vulnerable,Model-based
KH00119405,65.99166666666666,81.69166666666666,0.465766074128324,0.24962846842764055,0.7779916666666667,0.15606666666666666,13.833333333333334,0.0,1.2578136969161922,12,Full History,Cluster_1,Financially Stretched but Highly Engaged,Model-based
KH00119410,66.93333333333334,76.20833333333333,0.466651548928458,0.26211858475166766,0.7172833333333334,0.20323333333333335,13.166666666666666,0.25,1.1389326303773872,12,Full History,Cluster_0,Emerging Digital Customers,Model-based
KH00119445,67.46666666666667,76.98333333333333,0.5455759694092822,0.15274703348726137,0.6328166666666667,0.20845,13.916666666666666,0.0,1.56218689562278,12,Full History,Cluster_2,Financially Healthy but Disengaged,Model-based
KH00119450,61.26666666666667,79.75,0.4942889611627657,0.23071020323352895,0.8634916666666667,0.24983333333333332,13.916666666666666,0.0,1.443628146227078,12,Full History,Cluster_3,Financially Stretched but Highly Engaged,Model-based
KH00119485,73.60833333333333,70.90833333333333,0.5686029823501693,0.14199626509883506,0.4553416666666667,0.17173333333333332,13.083333333333334,0.0,1.2940530533077081,12,Full History,Cluster_0,Essential-Spend-Focused Customers,Model-based
KH00119490,77.16666666666667,80.075,0.49004796108586574,0.21216550222994016,0.30996666666666667,0.06560833333333334,13.666666666666666,0.0,1.8992714554051127,12,Full History,Cluster_2,Financially Healthy & Highly Engaged,Model-based
KH00119525,60.15833333333333,77.25833333333334,0.47147984872583065,0.18732354657453773,1.1443166666666666,0.24945000000000003,13.833333333333334,0.0,2.0427612452211092,12,Full History,Cluster_3,Low Engagement & Financially Vulnerable,Model-based
KH00119530,69.34166666666667,81.60000000000001,0.3977823555863538,0.2539125172452716,0.542125,0.11229166666666666,14.0,0.0,2.644613201355423,12,Full History,Cluster_2,Financially Healthy & Highly Engaged,Model-based
KH00119565,61.175000000000004,73.40833333333333,0.5357406134757509,0.2139657663544435,1.1378333333333333,0.26215,12.75,0.16666666666666666,1.573137256098562,12,Full History,Cluster_0,Low Engagement & Financially Vulnerable,Model-based
KH00119570,65.23333333333333,79.55,0.5342504494966941,0.1948666835850973,0.7222583333333334,0.20877500000000002,14.0,0.0,1.519437176828286,12,Full History,Cluster_3,Financially Stretched but Highly Engaged,Model-based
KH00119605,71.675,82.01666666666667,0.4301603485468141,0.24320959824908261,0.49225,0.11391666666666667,14.0,0.0,1.6350068378920193,12,Full History,Cluster_1,Financially Healthy & Highly Engaged,Model-based
KH00119610,71.21666666666667,77.6,0.5197189571112587,0.211920736755057,0.542275,0.15774166666666667,13.416666666666666,0.08333333333333333,1.2970173653665629,12,Full History,Cluster_2,Financially Healthy but Disengaged,Model-based
KH00119645,72.68333333333334,77.90833333333333,0.5325972514646276,0.20505809727535032,0.4827166666666667,0.15958333333333333,13.75,0.0,1.3207244576190809,12,Full History,Cluster_2,Financially Healthy but Disengaged,Model-based
KH00119650,73.96666666666667,77.75833333333334,0.4889841212802726,0.16873573607706915,0.4485333333333333,0.10360000000000001,14.0,0.08333333333333333,1.5297129016406241,12,Full History,Cluster_2,Financially Healthy but Disengaged,Model-based
KH00119690,67.31666666666666,78.79166666666667,0.528753082083888,0.17763685505560856,0.6589583333333333,0.13636666666666666,14.0,0.0,1.9133608002801274,12,Full History,Cluster_2,Financially Healthy & Highly Engaged,Model-based
KH00119725,68.45833333333333,73.325,0.40217871967079066,0.19100481161320412,0.6317166666666667,0.18571666666666667,13.083333333333334,0.08333333333333333,0.9059554861738305,12,Full History,Cluster_0,Financially Healthy but Disengaged,Model-based
KH00119730,59.50833333333333,78.13333333333334,0.48789056414217263,0.20604470878665135,0.849025,0.28514999999999996,13.75,0.0,1.7462559718349724,12,Full History,Cluster_3,Low Engagement & Financially Vulnerable,Model-based
KH00119765,64.56666666666666,75.5,0.4916674806329604,0.16992497065973702,0.7520083333333334,0.21829166666666666,13.416666666666666,0.08333333333333333,1.3262641911427837,12,Full History,Cluster_0,Low Engagement & Financially Vulnerable,Model-based
KH00119770,75.69166666666666,74.84166666666667,0.35915135979919194,0.22084240243661388,0.3957583333333334,0.14479166666666668,13.333333333333334,0.16666666666666666,0.8757141666893404,12,Full History,Cluster_0,Financially Healthy but Disengaged,Model-based
KH00119805,63.083333333333336,79.20833333333333,0.4955303135130246,0.19481772344232487,0.7512416666666667,0.2523,14.0,0.0,2.065231643977731,12,Full History,Cluster_3,Financially Stretched but Highly Engaged,Model-based
KH00119810,73.59166666666667,74.84166666666667,0.5133158538895564,0.22855518343204717,0.538425,0.12413333333333333,13.0,0.08333333333333333,1.2354658645741938,12,Full History,Cluster_0,Financially Healthy but Disengaged,Model-based
KH00119845,75.36666666666666,78.63333333333334,0.5437699176817224,0.1836332697132649,0.3872,0.08006666666666666,14.0,0.0,1.7582865402043508,12,Full History,Cluster_2,Financially Healthy & Highly Engaged,Model-based
KH00119850,62.90833333333333,82.14999999999999,0.4422791016536933,0.3599805078897311,0.8024,0.177725,13.583333333333334,0.16666666666666666,1.83568994649184,12,Full History,Cluster_3,Emerging Digital Customers,Model-based
KH00119885,68.49166666666666,77.47500000000001,0.5225825962322914,0.18739583487346675,0.6539666666666667,0.12979166666666667,14.0,0.0,1.69146413172231,12,Full History,Cluster_2,Financially Healthy but Disengaged,Model-based
KH00119890,63.1,80.06666666666666,0.45208072406512373,0.31910104144771506,0.7818333333333333,0.27523333333333333,13.25,0.0,1.1556895502350077,12,Full History,Cluster_1,Emerging Digital Customers,Model-based
KH00119925,67.10000000000001,75.5,0.4771700602462849,0.24869124160266745,0.6974,0.20956666666666668,12.916666666666666,0.16666666666666666,1.2342169707794768,12,Full History,Cluster_0,Emerging Digital Customers,Model-based
KH00119965,70.10000000000001,80.075,0.48951637660358416,0.20288589215934005,0.49005000000000004,0.15995833333333334,14.0,0.0,2.036830059379838,12,Full History,Cluster_2,Financially Healthy & Highly Engaged,Model-based
KH00119970,60.525,79.96666666666667,0.503069294997062,0.19975478054856585,0.8276,0.2722583333333333,14.0,0.0,2.3116446481667867,12,Full History,Cluster_3,Financially Stretched but Highly Engaged,Model-based
KH00100090,67.85,49.25,0.00116747606268695,0.8608831819260898,0.51925,0.161,3.5,15.0,0.8092470540779033,2,Short History,Cluster_0,Emerging Digital Customers,Provisional
KH00100165,56.85,32.75,0.0555190492220902,0.3607761115858533,0.7908999999999999,0.1845,3.0,15.0,0.8836212026763299,2,Short History,Cluster_0,Emerging Digital Customers,Provisional
KH00100205,55.7,49.6,0.001490457202586,0.7817206070225697,0.8359,0.1846,4.0,10.0,0.408628733327846,1,Short History,Cluster_0,Emerging Digital Customers,Provisional
KH00100365,57.8,48.6,0.0734161371076449,0.8767764298093588,0.7773,0.2207,5.0,28.0,0.4975071491011784,1,Short History,Cluster_0,Emerging Digital Customers,Provisional
KH00100650,72.7,47.4,0.4573875696057133,0.5426124303942867,0.5594,0.1426,2.0,4.0,0.6299032616895269,1,Short History,Cluster_0,Emerging Digital Customers,Provisional
KH00100685,74.4,46.1,0.1952906958754912,0.3885701909093721,0.4708,0.0976,6.0,5.0,0.6777644291074743,1,Short History,Cluster_0,Emerging Digital Customers,Provisional
KH00101610,60.3,55.3,0.0447985463186218,0.6771615939243573,0.6821,0.2553,5.0,9.0,0.61028674937331,1,Short History,Cluster_0,Emerging Digital Customers,Provisional
KH00102005,63.5,37.7,0.1918301891779965,0.3998554951493951,0.6735,0.1628,5.0,22.0,0.8059151215585951,1,Short History,Cluster_0,Emerging Digital Customers,Provisional
KH00102085,65.4,48.1,0.0901965392637856,0.7697464672875232,0.6514,0.1436,5.0,19.0,0.5099633253833495,1,Short History,Cluster_0,Emerging Digital Customers,Provisional
KH00102490,65.5,54.6,0.0032437476951328,0.8244236891421002,0.5951,0.1848,4.0,2.0,0.6219245264281286,1,Short History,Cluster_0,Emerging Digital Customers,Provisional
KH00103685,58.7,50.0,0.1321191752202743,0.6651660005450086,0.7711,0.1824,6.0,20.0,0.680670161981653,1,Short History,Cluster_0,Emerging Digital Customers,Provisional
KH00103930,76.8,12.8,1.0,0.0,0.5881,0.1385,2.0,28.0,0.6558292673627972,1,Short History,Cluster_0,Essential-Spend-Focused Customers,Provisional
KH00103965,70.8,45.4,0.1028826279356888,0.4864608043059081,0.5053,0.1379,7.0,28.0,0.8141620220749275,1,Short History,Cluster_0,Emerging Digital Customers,Provisional
KH00104330,75.2,48.3,0.2378037674975282,0.4184706249674767,0.4718,0.1006,5.0,1.0,0.5763558135282361,1,Short History,Cluster_0,Emerging Digital Customers,Provisional
KH00104490,68.8,49.3,0.2210294779573499,0.5698901901502348,0.5862,0.113,7.0,27.0,0.8440503389376623,1,Short History,Cluster_0,Emerging Digital Customers,Provisional
KH00104610,74.7,54.6,0.0439544782631925,0.6737727593842574,0.4552,0.1129,4.0,2.0,0.3122025971173781,1,Short History,Cluster_0,Emerging Digital Customers,Provisional
KH00104685,69.6,46.4,0.158892582212663,0.5071802559256121,0.5749,0.1172,5.0,19.0,0.6300398067970423,1,Short History,Cluster_0,Emerging Digital Customers,Provisional
KH00105210,62.3,56.5,0.0958094807780018,0.9006184969373532,0.6673,0.2117,6.0,11.0,0.6685059254904442,1,Short History,Cluster_0,Emerging Digital Customers,Provisional
KH00105325,63.0,36.8,0.2956502208579771,0.3416560604926256,0.684,0.2101,6.0,16.0,0.7907115799111621,1,Short History,Cluster_0,Emerging Digital Customers,Provisional
KH00105450,75.6,51.1,0.1798081301072778,0.6627978496513272,0.3861,0.1001,7.0,22.0,0.8080322292360357,1,Short History,Cluster_0,Emerging Digital Customers,Provisional
KH00105565,75.0,48.0,0.1876044242464746,0.6069387823297467,0.4,0.0906,5.0,20.0,0.9162376940591718,1,Short History,Cluster_0,Emerging Digital Customers,Provisional
KH00105770,69.2,46.0,0.0391911332172373,0.8094899736163125,0.5491,0.1954,4.0,18.0,0.3097776580361638,1,Short History,Cluster_0,Emerging Digital Customers,Provisional
KH00105965,68.0,47.4,0.1496001220336028,0.8419011091982828,0.5616,0.1176,5.0,28.0,1.0653750374246778,1,Short History,Cluster_0,Emerging Digital Customers,Provisional
KH00106085,65.3,54.1,0.1192064691413597,0.8810587913766217,0.577,0.2298,6.0,8.0,0.8290936473344064,1,Short History,Cluster_0,Emerging Digital Customers,Provisional
KH00106130,56.3,57.3,0.0383411799872958,0.8594935171692262,0.7676,0.2962,5.0,2.0,0.417977560560732,1,Short History,Cluster_0,Emerging Digital Customers,Provisional
KH00106205,60.8,56.8,0.0854898644889966,0.676931977481587,0.6868,0.21,6.0,2.0,0.7870876666855412,1,Short History,Cluster_0,Emerging Digital Customers,Provisional
KH00106210,54.5,53.8,0.289940689135756,0.7057443670369673,0.8473,0.2316,5.0,7.0,0.8902349077439645,1,Short History,Cluster_0,Emerging Digital Customers,Provisional
KH00106285,74.8,49.6,0.0876112548432219,0.7552145872275108,0.3756,0.1083,6.0,18.0,0.7885102382682994,1,Short History,Cluster_0,Emerging Digital Customers,Provisional
KH00106330,64.5,50.0,0.0148828342051311,0.8871884041309804,0.6365,0.1631,6.0,15.0,0.5870112620510589,1,Short History,Cluster_0,Emerging Digital Customers,Provisional
KH00106370,71.4,40.5,0.0735903855783675,0.4434001001502253,0.4902,0.1829,5.0,25.0,0.5031256448929673,1,Short History,Cluster_0,Emerging Digital Customers,Provisional
KH00106490,63.4,17.4,0.7323880995461691,0.0,0.7414,0.2537,5.0,26.0,0.8529006795025609,1,Short History,Cluster_0,Essential-Spend-Focused Customers,Provisional
KH00106890,60.6,44.7,0.1078827957367476,0.4614522142882268,0.7286,0.1541,7.0,22.0,0.7763036060429355,1,Short History,Cluster_0,Emerging Digital Customers,Provisional
KH00107370,67.1,49.1,0.111223820036995,0.6049361537084551,0.5937,0.1301,6.0,23.0,0.8081087458967683,1,Short History,Cluster_0,Emerging Digital Customers,Provisional
KH00107810,69.7,48.8,0.0550939765659897,0.6338521801876095,0.5184,0.2099,5.0,28.0,0.4483077019362196,1,Short History,Cluster_0,Emerging Digital Customers,Provisional
KH00107890,65.1,50.5,0.0955518420246964,0.7208388611082763,0.6088,0.219,5.0,11.0,0.5875034069286643,1,Short History,Cluster_0,Emerging Digital Customers,Provisional
KH00108770,65.0,55.3,0.0697625737305323,0.8204882496325103,0.6165,0.2441,4.0,2.0,0.3612883449132348,1,Short History,Cluster_0,Emerging Digital Customers,Provisional
KH00109050,55.9,57.2,0.1316468072105102,0.8590528567063855,0.7046,0.2823,7.0,6.0,1.3206937514898924,1,Short History,Cluster_0,Emerging Digital Customers,Provisional
KH00109485,68.3,52.4,0.0902864224579107,0.797418491039962,0.5838,0.1283,5.0,25.0,0.6181845046026817,1,Short History,Cluster_0,Emerging Digital Customers,Provisional
KH00109725,64.0,54.4,0.1786674707042391,0.7323777238130939,0.6811,0.1494,5.0,5.0,0.6722291386732181,1,Short History,Cluster_0,Emerging Digital Customers,Provisional
KH00109810,64.6,56.7,0.0997023218892637,0.8973738175563934,0.6025,0.1334,5.0,1.0,1.1884914264361088,1,Short History,Cluster_0,Emerging Digital Customers,Provisional
KH00110245,68.9,53.1,0.1179207099015278,0.7341660603949135,0.5598,0.1488,5.0,8.0,0.6756407270515558,1,Short History,Cluster_0,Emerging Digital Customers,Provisional
KH00110285,60.9,49.25,0.11690885072655215,0.869526958867723,0.6298,0.2142,4.0,14.5,1.131881584551481,2,Short History,Cluster_0,Emerging Digital Customers,Provisional
KH00110650,71.4,54.5,0.060418408656274,0.7330844185411165,0.5102,0.1057,5.0,5.0,0.7185811190807445,1,Short History,Cluster_0,Emerging Digital Customers,Provisional
KH00110730,63.6,53.9,0.1383376689150302,0.531532724049817,0.6708,0.2073,5.0,6.0,0.4770459252475233,1,Short History,Cluster_0,Emerging Digital Customers,Provisional
KH00110765,61.3,58.4,0.113565068967108,0.7168696467838416,0.7479,0.1474,5.0,6.0,0.5047211267971106,1,Short History,Cluster_0,Emerging Digital Customers,Provisional
KH00110925,52.6,55.1,0.135831052014079,0.8807587016034415,0.8538,0.2286,7.0,9.0,0.9245106012577722,1,Short History,Cluster_0,Emerging Digital Customers,Provisional
KH00111085,73.2,50.5,0.2225098787300722,0.6712204600792668,0.5112,0.1012,6.0,15.0,0.7037566300931937,1,Short History,Cluster_0,Emerging Digital Customers,Provisional
KH00111210,70.0,47.8,0.2562704926591901,0.7456195309399996,0.5743,0.1265,3.0,23.0,0.7184742339847139,1,Short History,Cluster_0,Emerging Digital Customers,Provisional
KH00111365,67.25,47.5,0.22414783808513533,0.649671160075302,0.66425,0.15095,3.5,15.0,0.9158538038895891,2,Short History,Cluster_0,Emerging Digital Customers,Provisional
KH00111450,70.6,55.4,0.1395951417004048,0.6032729597272534,0.4902,0.1346,6.0,6.0,1.027374836120602,1,Short History,Cluster_0,Emerging Digital Customers,Provisional
KH00111690,64.4,50.9,0.0029022956222147,0.7540257648953301,0.6142,0.2125,4.0,6.0,0.5384973713648327,1,Short History,Cluster_0,Emerging Digital Customers,Provisional
KH00111885,66.4,46.7,0.1638892914070424,0.5805401669769152,0.5727,0.1482,5.0,25.0,1.1508082956153838,1,Short History,Cluster_0,Emerging Digital Customers,Provisional
KH00112045,60.3,57.1,0.070246379537333,0.7004795937558774,0.6608,0.264,5.0,0.0,0.8182870954719667,1,Short History,Cluster_0,Emerging Digital Customers,Provisional
KH00112370,73.8,46.9,0.0770536505218566,0.9240647903913058,0.4796,0.0999,4.0,25.0,0.4954288626023431,1,Short History,Cluster_0,Emerging Digital Customers,Provisional
KH00112725,48.2,39.7,0.5480904539058153,0.4436790260824034,0.9391,0.3782,5.0,22.0,1.109017516846448,1,Short History,Cluster_0,Emerging Digital Customers,Provisional
KH00112730,67.6,52.9,0.0900231188770101,0.7638809058512472,0.5592,0.1888,6.0,10.0,0.6921635249219581,1,Short History,Cluster_0,Emerging Digital Customers,Provisional
KH00112965,64.2,47.4,0.1885931429928579,0.6011671501518313,0.6737,0.1567,5.0,19.0,0.6848876664734853,1,Short History,Cluster_0,Emerging Digital Customers,Provisional
KH00113050,71.6,57.3,0.2622386599404633,0.6629589280633947,0.544,0.1233,5.0,2.0,0.6983249682977326,1,Short History,Cluster_0,Emerging Digital Customers,Provisional
KH00113530,56.5,43.0,0.1043107331160745,0.4776249900643828,0.8122,0.1979,6.0,18.0,0.618215195163517,1,Short History,Cluster_0,Emerging Digital Customers,Provisional
KH00113685,54.9,61.6,0.2195134678697141,0.7770756838300173,0.8272,0.2158,7.0,2.0,0.9377610823230498,1,Short History,Cluster_0,Emerging Digital Customers,Provisional
KH00113690,77.3,51.3,0.3157650948194434,0.7168222771198139,0.3606,0.1096,5.0,27.0,0.8244494272147702,1,Short History,Cluster_0,Emerging Digital Customers,Provisional
KH00113925,59.1,59.2,0.0714906695113183,0.6869175787252639,0.7419,0.2084,6.0,1.0,0.6134526227182028,1,Short History,Cluster_0,Emerging Digital Customers,Provisional
KH00114210,77.0,48.4,0.1107367033313,0.7733072942287637,0.3623,0.0938,5.0,16.0,0.5426012401893108,1,Short History,Cluster_0,Emerging Digital Customers,Provisional
KH00114285,59.2,52.1,0.044305353017319,0.698011393117159,0.7293,0.2457,5.0,18.0,0.4594708164433316,1,Short History,Cluster_0,Emerging Digital Customers,Provisional
KH00114605,74.7,44.6,0.1256754330117374,0.664103694271675,0.4376,0.1423,3.0,15.0,0.4102154507686369,1,Short History,Cluster_0,Emerging Digital Customers,Provisional
KH00114725,68.95,33.15,0.5318565956152027,0.43187259667706596,0.52935,0.1129,3.5,13.5,1.1800207851378213,2,Short History,Cluster_0,Emerging Digital Customers,Provisional
KH00114810,58.1,58.1,0.0447455649842678,0.6213004144769682,0.7438,0.2586,6.0,2.0,0.4758860203045638,1,Short History,Cluster_0,Emerging Digital Customers,Provisional
KH00115370,56.0,52.7,0.0557531973588075,0.7455906151629578,0.7608,0.2598,6.0,10.0,0.7719283607091334,1,Short History,Cluster_0,Emerging Digital Customers,Provisional
KH00115605,72.9,53.7,0.1028041558176341,0.7496809108081891,0.4632,0.1543,5.0,6.0,0.5406830662384137,1,Short History,Cluster_0,Emerging Digital Customers,Provisional
KH00115645,62.4,48.0,0.0311185507427107,0.8619234218894639,0.6562,0.2417,5.0,21.0,0.4731782292979807,1,Short History,Cluster_0,Emerging Digital Customers,Provisional
KH00115765,77.2,46.3,0.2612796625649712,0.7387203374350289,0.3928,0.0943,4.0,16.0,0.6566315266116475,1,Short History,Cluster_0,Emerging Digital Customers,Provisional
KH00116125,60.2,45.8,0.2032589281259666,0.8520610275701728,0.7613,0.2025,4.0,16.0,0.4971777931858008,1,Short History,Cluster_0,Emerging Digital Customers,Provisional
KH00116370,76.5,51.3,0.1924989689721258,0.8075010310278742,0.3954,0.085,3.0,5.0,0.680212320801764,1,Short History,Cluster_0,Emerging Digital Customers,Provisional
KH00116445,73.5,44.5,0.2294195862580784,0.3896595442035931,0.4535,0.09,5.0,6.0,1.0427673466387133,1,Short History,Cluster_0,Emerging Digital Customers,Provisional
KH00116485,56.0,17.6,0.2393072852637768,0.0,0.8405,0.1901,3.0,17.0,0.7569907250377726,1,Short History,Cluster_0,Low Engagement & Financially Vulnerable,Provisional
KH00116605,72.3,29.1,0.198704341133786,0.1947547804906927,0.4814,0.1264,6.0,22.0,0.8993809692392257,1,Short History,Cluster_0,Financially Healthy but Disengaged,Provisional
KH00116645,57.9,47.8,0.0957137070231404,0.732296571978328,0.7926,0.1864,5.0,15.0,0.5543072810508487,1,Short History,Cluster_0,Emerging Digital Customers,Provisional
KH00116725,63.3,48.1,0.0870500217879719,0.6750705986881943,0.668,0.1924,5.0,26.0,0.5301231994574662,1,Short History,Cluster_0,Emerging Digital Customers,Provisional
KH00116805,59.1,53.4,0.3073732012493054,0.6926267987506946,0.728,0.2337,4.0,5.0,1.0718733913380187,1,Short History,Cluster_0,Emerging Digital Customers,Provisional
KH00117285,69.5,48.9,0.0943279452453764,0.7967862603757099,0.5422,0.1714,5.0,20.0,0.554074144797991,1,Short History,Cluster_0,Emerging Digital Customers,Provisional
KH00117410,66.9,54.6,0.0,0.6394476534588495,0.6188,0.1335,5.0,6.0,0.3898289314616843,1,Short History,Cluster_0,Emerging Digital Customers,Provisional
KH00117445,66.0,38.4,0.2505879627979902,0.2248066849588426,0.6087,0.2135,5.0,1.0,0.7454765214836149,1,Short History,Cluster_0,Low Engagement & Financially Vulnerable,Provisional
KH00117890,57.9,49.9,0.2080596036439624,0.6388065613177267,0.7678,0.2577,4.0,10.0,0.6337251985633412,1,Short History,Cluster_0,Emerging Digital Customers,Provisional
KH00118130,66.2,45.6,0.0509524044598339,0.6005049400912559,0.6461,0.1499,4.0,15.0,0.3023918498812319,1,Short History,Cluster_0,Emerging Digital Customers,Provisional
KH00118165,62.7,57.2,0.1949913181696455,0.8073670297773823,0.6802,0.1867,5.0,1.0,0.8009939175476546,1,Short History,Cluster_0,Emerging Digital Customers,Provisional
KH00118250,77.3,45.3,0.0298552079900048,0.7885645738638541,0.3854,0.0887,3.0,15.0,0.237724791371009,1,Short History,Cluster_0,Emerging Digital Customers,Provisional
KH00118765,64.2,57.7,0.0393829522199483,0.648322804519975,0.6573,0.1945,5.0,0.0,0.3492164006000138,1,Short History,Cluster_0,Emerging Digital Customers,Provisional
KH00118925,63.6,55.0,0.1337386018237082,0.6587141215692268,0.6495,0.2202,6.0,7.0,0.5935805860823975,1,Short History,Cluster_0,Emerging Digital Customers,Provisional
KH00119325,60.4,49.0,0.0510719489803252,0.7344075693123975,0.708,0.2576,4.0,23.0,0.3534636398575418,1,Short History,Cluster_0,Emerging Digital Customers,Provisional
KH00119685,64.8,52.0,0.1078379544980576,0.4452225870439257,0.6532,0.1955,4.0,1.0,0.4005909790925021,1,Short History,Cluster_0,Emerging Digital Customers,Provisional
KH00119930,61.7,52.0,0.0490483965691937,0.9509516034308064,0.6666,0.2489,4.0,11.0,0.5127404826497141,1,Short History,Cluster_0,Emerging Digital Customers,Provisional
