consumer_id,segment_label,age,gender,occupation,province_city,financial_health_segment,engagement_segment,monthly_income_vnd,credit_limit_vnd,average_transaction_value_vnd,transaction_count,active_transaction_days
KH00100010,Financially Healthy but Disengaged,27,Nam,Kỹ sư sản xuất,Đồng Nai,Ổn định,Tương tác cao,988895833.3333334,3780600000.0,2399368.5833333335,243.5,30.333333333333332
KH00100045,Financially Healthy but Disengaged,62,Nữ,Chuyên viên sinh lý vận động,Nghệ An,Khỏe mạnh,Tương tác cao,339306666.6666667,1478400000.0,1755498.4166666667,122.33333333333333,29.416666666666668
KH00100050,Financially Stretched but Highly Engaged,81,Nữ,Nhà thiết kế dệt may,Cần Thơ,Cần theo dõi,Tương tác rất cao,251587500.0,665100000.0,1706454.0,122.33333333333333,29.666666666666668
KH00100085,Financially Healthy & Highly Engaged,32,Nữ,Nhà địa vật lý,Thành phố Hồ Chí Minh,Ổn định,Tương tác rất cao,597105000.0,2353600000.0,2153895.75,182.33333333333334,30.083333333333332
KH00100125,Financially Stretched but Highly Engaged,48,Nữ,Chuyên viên trắc địa,An Giang,Ổn định,Tương tác rất cao,890210833.3333334,4134900000.0,2265450.3333333335,304.5833333333333,30.416666666666668
KH00100130,Financially Healthy & Highly Engaged,46,Nữ,Chuyên viên phân tích rủi ro,Thành phố Hồ Chí Minh,Ổn định,Tương tác cao,819580833.3333334,2095700000.0,1436776.6666666667,304.5833333333333,30.416666666666668
KH00100170,Financially Healthy but Disengaged,63,Nữ,Nhà khoa học thính học,Sơn La,Ổn định,Tương tác trung bình,143450000.0,516600000.0,1616239.0,61.583333333333336,24.916666666666668
KH00100210,Financially Healthy & Highly Engaged,31,Nam,Kỹ sư trắc địa,Thanh Hóa,Ổn định,Tương tác cao,669481666.6666666,2801600000.0,1466236.5,243.41666666666666,30.25
KH00100245,Financially Healthy but Disengaged,52,Nữ,Kỹ sư y sinh,Đồng Tháp,Khỏe mạnh,Tương tác cao,317449166.6666667,1564600000.0,1697790.0833333333,122.66666666666667,29.25
KH00100250,Financially Healthy but Disengaged,78,Nữ,Giáo viên trung học,Thành phố Hồ Chí Minh,Ổn định,Tương tác rất cao,335254166.6666667,1101300000.0,1743625.3333333333,122.0,29.416666666666668
KH00100285,Financially Healthy but Disengaged,57,Nam,Chuyên viên giám sát xây dựng,Tây Ninh,Ổn định,Tương tác cao,310667500.0,1364900000.0,1857978.5,122.16666666666667,29.583333333333332
KH00100290,Low Engagement & Financially Vulnerable,29,Nữ,Giáo viên tiếng anh,Hà Tĩnh,Khỏe mạnh,Tương tác cao,120280833.33333333,468800000.0,1476889.9166666667,61.416666666666664,25.75
KH00100325,Financially Healthy & Highly Engaged,46,Nữ,Quản lý trung tâm giải trí,Phú Thọ,Ổn định,Tương tác rất cao,1561339166.6666667,5930800000.0,2196124.1666666665,365.1666666666667,30.416666666666668
KH00100330,Financially Healthy & Highly Engaged,34,Nam,Nhà sản xuất truyền hình,Khánh Hòa,Ổn định,Tương tác cao,825739166.6666666,3347900000.0,2316219.1666666665,244.25,30.333333333333332
KH00100370,Low Engagement & Financially Vulnerable,44,Nam,Cán bộ ứng phó khẩn cấp,Tây Ninh,Ổn định,Tương tác cao,210474166.66666666,702100000.0,1471555.0,122.25,29.416666666666668
KH00100405,Emerging Digital Customers,20,Nam,Kế toán công chứng,Thành phố Hồ Chí Minh,Ổn định,Tương tác cao,184504166.66666666,711000000.0,1835265.6666666667,61.333333333333336,24.25
KH00100410,Financially Healthy & Highly Engaged,53,Nữ,Kế toán công tài chính công,Thành phố Hồ Chí Minh,Cần theo dõi,Tương tác rất cao,465653333.3333333,1721400000.0,1675662.25,182.91666666666666,30.25
KH00100445,Financially Stretched but Highly Engaged,56,Nữ,Nghiên cứu viên lâm sàng,Ninh Bình,Ổn định,Tương tác cao,367908333.3333333,1680000000.0,1629505.5833333333,182.66666666666666,30.166666666666668
KH00100450,Financially Stretched but Highly Engaged,28,Nữ,Giáo viên trung học,An Giang,Ổn định,Tương tác rất cao,522860833.3333333,1846400000.0,2190993.0,182.58333333333334,29.916666666666668
KH00100485,Financially Healthy & Highly Engaged,78,Nữ,Lập trình viên ứng dụng,Vĩnh Long,Ổn định,Tương tác cao,596010000.0,1941900000.0,1522883.1666666667,242.41666666666666,30.333333333333332
KH00100490,Emerging Digital Customers,44,Nữ,Chuyên viên trị liệu bằng làm vườn,Đồng Nai,Ổn định,Tương tác cao,165844166.66666666,638900000.0,2283726.5833333335,61.5,25.75
KH00100525,Financially Healthy but Disengaged,51,Nam,Chuyên viên tư vấn quan hệ công chúng,Bắc Ninh,Khỏe mạnh,Tương tác cao,321183333.3333333,1030100000.0,1770018.0,122.08333333333333,29.083333333333332
KH00100530,Financially Healthy but Disengaged,67,Nam,Kỹ sư điều khiển và tự động hóa,Quảng Trị,Ổn định,Tương tác cao,493416666.6666667,2015400000.0,1560825.0833333333,182.33333333333334,30.083333333333332
KH00100565,Financially Healthy but Disengaged,65,Nữ,Cán bộ quản lý thị trường,Hà Nội,Khỏe mạnh,Tương tác cao,310168333.3333333,1069600000.0,1480064.25,121.83333333333333,29.25
KH00100570,Financially Stretched but Highly Engaged,50,Nam,Nhà khảo cổ học,Thái Nguyên,Ổn định,Tương tác cao,275374166.6666667,977600000.0,1537657.1666666667,182.66666666666666,30.0
KH00100605,Financially Healthy but Disengaged,35,Nữ,Chuyên viên khảo sát công trình,Thành phố Hồ Chí Minh,Ổn định,Tương tác rất cao,256441666.66666666,788700000.0,2345075.5,61.25,24.5
KH00100610,Financially Stretched but Highly Engaged,48,Nữ,Nhà thiết kế triển lãm,Thành phố Hồ Chí Minh,Ổn định,Tương tác rất cao,1238363333.3333333,3164900000.0,2231902.5833333335,364.8333333333333,30.416666666666668
KH00100645,Financially Healthy but Disengaged,59,Nữ,Nhà tâm lý học pháp y,An Giang,Khỏe mạnh,Tương tác cao,175381666.66666666,639400000.0,1798389.6666666667,61.75,25.25
KH00100690,Financially Healthy & Highly Engaged,64,Nữ,Kỹ sư bảo trì,Huế,Ổn định,Tương tác cao,591450000.0,1640200000.0,1592434.0,183.16666666666666,30.333333333333332
KH00100725,Emerging Digital Customers,41,Nữ,Nhà môi giới bảo hiểm,Bắc Ninh,Ổn định,Tương tác cao,206214166.66666666,644200000.0,2317946.1666666665,60.833333333333336,25.416666666666668
KH00100730,Financially Healthy but Disengaged,36,Nữ,Nhà khoa học nghiên cứu khoa học tự nhiên,Sơn La,Ổn định,Tương tác cao,830129166.6666666,3736000000.0,1409262.3333333333,365.0,30.416666666666668
KH00100765,Low Engagement & Financially Vulnerable,61,Nữ,Chuyên viên giám sát xây dựng,Huế,Có dấu hiệu căng thẳng tài chính,Tương tác rất cao,263786666.66666666,671400000.0,1798032.9166666667,122.16666666666667,29.0
KH00100770,Low Engagement & Financially Vulnerable,59,Nam,Nhà văn khoa học,Phú Thọ,Ổn định,Tương tác cao,133693333.33333333,556300000.0,1730589.3333333333,61.416666666666664,25.916666666666668
KH00100805,Financially Healthy but Disengaged,57,Nam,Giáo viên dạy nhạc,Thành phố Hồ Chí Minh,Ổn định,Tương tác cao,274077500.0,1153500000.0,1578670.5833333333,122.08333333333333,29.583333333333332
KH00100810,Financially Healthy but Disengaged,63,Nam,Nhà tâm lý học pháp y,Nghệ An,Ổn định,Tương tác cao,307520833.3333333,813000000.0,1512918.5833333333,121.91666666666667,29.166666666666668
KH00100845,Essential-Spend-Focused Customers,58,Nam,Kỹ sư cơ khí,Tây Ninh,Ổn định,Tương tác cao,496594166.6666667,1612900000.0,1506799.0,182.25,30.0
KH00100850,Financially Healthy but Disengaged,89,Nam,Bác sĩ tâm thần,Thành phố Hồ Chí Minh,Khỏe mạnh,Tương tác cao,676744166.6666666,2285400000.0,1537757.6666666667,183.0,30.0
KH00100885,Financially Healthy & Highly Engaged,49,Nam,Chuyên viên dựng phim,Hưng Yên,Ổn định,Tương tác cao,474212500.0,2035600000.0,1573061.0,182.41666666666666,30.416666666666668
KH00100890,Financially Healthy but Disengaged,65,Nữ,Kỹ sư xây dựng dân dụng,Tây Ninh,Khỏe mạnh,Tương tác cao,142025833.33333334,688500000.0,1627547.3333333333,61.5,25.166666666666668
KH00100925,Financially Stretched but Highly Engaged,36,Nữ,Họa sĩ,Đồng Nai,Ổn định,Tương tác rất cao,985755833.3333334,3509100000.0,2193471.9166666665,364.25,30.416666666666668
KH00100930,Financially Stretched but Highly Engaged,42,Nữ,Chuyên viên tư vấn môi trường,Thanh Hóa,Ổn định,Tương tác cao,516470833.3333333,1860500000.0,2253557.6666666665,183.08333333333334,30.416666666666668
KH00100965,Financially Healthy & Highly Engaged,23,Nữ,Chuyên viên phân tích địa chấn,Hải Phòng,Ổn định,Tương tác cao,365301666.6666667,1101400000.0,1163060.0,182.5,30.083333333333332
KH00100970,Financially Healthy but Disengaged,38,Nam,Chuyên viên trị liệu bằng làm vườn,Thành phố Hồ Chí Minh,Ổn định,Tương tác cao,415095000.0,1779700000.0,2461750.75,122.66666666666667,29.0
KH00101005,Low Engagement & Financially Vulnerable,42,Nam,Cán bộ quan hệ sắc tộc,Lào Cai,Ổn định,Tương tác cao,337423333.3333333,1486100000.0,2421899.9166666665,122.41666666666667,29.416666666666668
KH00101010,Financially Stretched but Highly Engaged,38,Nam,Chuyên viên hoạch định quảng cáo,Bắc Ninh,Ổn định,Tương tác cao,723800833.3333334,2523900000.0,1615608.0833333333,304.0,30.416666666666668
KH00101045,Financially Stretched but Highly Engaged,36,Nữ,Chuyên viên trị liệu âm nhạc,Hà Nội,Ổn định,Tương tác rất cao,1024652500.0,4070800000.0,2320688.25,303.5833333333333,30.416666666666668
KH00101050,Financially Healthy but Disengaged,57,Nữ,Nhà khoa học sinh lý,Đồng Nai,Ổn định,Tương tác cao,576811666.6666666,2113900000.0,1657812.0833333333,182.83333333333334,30.416666666666668
KH00101085,Financially Healthy but Disengaged,52,Nữ,Giáo viên tiểu học,Thành phố Hồ Chí Minh,Khỏe mạnh,Tương tác cao,446783333.3333333,1824600000.0,1695621.4166666667,182.83333333333334,30.083333333333332
KH00101090,Financially Stretched but Highly Engaged,50,Nữ,Chuyên viên dinh dưỡng vật nuôi,Thành phố Hồ Chí Minh,Ổn định,Tương tác cao,371065833.3333333,1195200000.0,1510031.9166666667,183.25,30.0
KH00101125,Financially Healthy but Disengaged,34,Nam,Chuyên viên thẩm định bồi thường,Đồng Nai,Ổn định,Tương tác cao,447054166.6666667,1495500000.0,2370873.25,121.91666666666667,29.333333333333332
KH00101130,Financially Healthy & Highly Engaged,61,Nam,Bác sĩ đa khoa,Quảng Trị,Ổn định,Tương tác rất cao,733204166.6666666,2036000000.0,1657553.8333333333,182.41666666666666,30.0
KH00101165,Financially Healthy & Highly Engaged,51,Nam,Bác sĩ chuyên khoa bàn chân,Lâm Đồng,Khỏe mạnh,Tương tác cao,740540000.0,3064900000.0,1587272.8333333333,183.33333333333334,30.333333333333332
KH00101170,Financially Stretched but Highly Engaged,66,Nữ,Nhà vật lý y khoa,Lào Cai,Ổn định,Tương tác rất cao,389043333.3333333,1555400000.0,1548965.9166666667,182.66666666666666,30.083333333333332
KH00101205,Financially Healthy & Highly Engaged,27,Nam,Giảng viên đại học,Lai Châu,Khỏe mạnh,Tương tác cao,800140833.3333334,3805900000.0,1530874.8333333333,243.5,30.333333333333332
KH00101210,Financially Stretched but Highly Engaged,44,Nam,Nhân viên giao dịch,Thành phố Hồ Chí Minh,Ổn định,Tương tác cao,564816666.6666666,1608200000.0,2355760.0833333335,182.91666666666666,30.333333333333332
KH00101245,Financially Healthy & Highly Engaged,69,Nữ,Chuyên viên trị liệu nghề nghiệp,Huế,Ổn định,Tương tác rất cao,517579166.6666667,2329400000.0,1495109.75,243.5,30.333333333333332
KH00101250,Financially Healthy but Disengaged,48,Nữ,Giám đốc tiếp thị,Khánh Hòa,Khỏe mạnh,Tương tác cao,468251666.6666667,2041000000.0,1353769.3333333333,121.83333333333333,29.333333333333332
KH00101285,Essential-Spend-Focused Customers,69,Nam,Giám đốc vận hành,Thành phố Hồ Chí Minh,Khỏe mạnh,Tương tác cao,311015000.0,1506700000.0,1559407.3333333333,61.166666666666664,25.916666666666668
KH00101290,Financially Healthy but Disengaged,47,Nam,Nhà giao dịch hợp đồng tương lai,Thành phố Hồ Chí Minh,Khỏe mạnh,Tương tác cao,315300000.0,1147400000.0,2571738.0,61.416666666666664,24.75
KH00101325,Financially Stretched but Highly Engaged,16,Nam,Kế toán viên tài chính công,Khánh Hòa,Ổn định,Tương tác cao,331560000.0,1139700000.0,1162820.1666666667,182.5,29.75
KH00101330,Financially Healthy & Highly Engaged,26,Nam,Kỹ sư điện,Khánh Hòa,Ổn định,Tương tác cao,1129109166.6666667,5607400000.0,2334867.6666666665,243.0,30.333333333333332
KH00101365,Financially Stretched but Highly Engaged,51,Nam,Chuyên viên làm vườn thương mại,Hưng Yên,Ổn định,Tương tác cao,378310833.3333333,1031500000.0,1587595.3333333333,183.0,30.0
KH00101370,Low Engagement & Financially Vulnerable,29,Nam,Cán bộ bình đẳng và đa dạng,Hà Nội,Ổn định,Tương tác cao,173935000.0,580500000.0,2577998.5,61.166666666666664,24.583333333333332
KH00101405,Financially Healthy & Highly Engaged,76,Nam,Chuyên viên tư vấn hưu trí,Nghệ An,Ổn định,Tương tác rất cao,410440000.0,1898500000.0,1549388.6666666667,182.66666666666666,30.0
KH00101410,Financially Healthy & Highly Engaged,48,Nữ,Chuyên viên thu mua công nghiệp,Bắc Ninh,Khỏe mạnh,Tương tác rất cao,358773333.3333333,1764200000.0,1376137.6666666667,183.0,30.0
KH00101445,Essential-Spend-Focused Customers,33,Nữ,Chuyên viên ngân hàng đầu tư vận hành,Nghệ An,Khỏe mạnh,Tương tác cao,173444166.66666666,538900000.0,1324573.1666666667,61.083333333333336,25.416666666666668
KH00101450,Financially Healthy but Disengaged,57,Nữ,Kỹ sư đóng tàu,Cần Thơ,Khỏe mạnh,Tương tác cao,171778333.33333334,741800000.0,1696169.0,61.083333333333336,24.583333333333332
KH00101485,Low Engagement & Financially Vulnerable,41,Nữ,Nhà di truyền học phân tử,Phú Thọ,Ổn định,Tương tác cao,163020000.0,473800000.0,2220946.25,62.083333333333336,25.416666666666668
KH00101490,Financially Healthy & Highly Engaged,36,Nam,Chuyên viên vệ sinh lao động,Hà Nội,Ổn định,Tương tác cao,759592500.0,2397400000.0,2317885.8333333335,183.08333333333334,30.166666666666668
KH00101525,Financially Healthy but Disengaged,62,Nam,Chuyên viên trị liệu nghề nghiệp,Hải Phòng,Khỏe mạnh,Tương tác cao,148176666.66666666,639000000.0,1710158.4166666667,62.0,25.75
KH00101530,Low Engagement & Financially Vulnerable,63,Nữ,Chuyên viên trị liệu thảo dược,Hải Phòng,Ổn định,Tương tác cao,143521666.66666666,478600000.0,1753862.3333333333,61.75,25.583333333333332
KH00101565,Financially Healthy but Disengaged,60,Nữ,Nhà vật lý y khoa,Thành phố Hồ Chí Minh,Ổn định,Tương tác cao,403050833.3333333,1874100000.0,1645230.8333333333,183.0,29.916666666666668
KH00101570,Low Engagement & Financially Vulnerable,57,Nữ,Chuyên viên giám sát xây dựng,Khánh Hòa,Ổn định,Tương tác cao,124634166.66666667,386000000.0,1582823.5,61.5,25.416666666666668
KH00101605,Financially Stretched but Highly Engaged,40,Nữ,Nhà tâm lý học giáo dục,Đồng Nai,Ổn định,Tương tác cao,504423333.3333333,1440800000.0,1507589.25,243.66666666666666,30.416666666666668
KH00101645,Financially Stretched but Highly Engaged,24,Nam,Chuyên viên tư vấn hưu trí,Thanh Hóa,Ổn định,Tương tác rất cao,776815000.0,2197300000.0,1766524.5,364.75,30.416666666666668
KH00101650,Financially Healthy but Disengaged,60,Nữ,Kỹ sư cơ khí,Tây Ninh,Khỏe mạnh,Tương tác cao,314775000.0,913300000.0,1648656.6666666667,122.5,28.75
KH00101685,Essential-Spend-Focused Customers,58,Nam,Nhà khoa học phát triển sản phẩm,Lạng Sơn,Ổn định,Tương tác cao,606190833.3333334,1662300000.0,1429762.1666666667,242.91666666666666,30.333333333333332
KH00101690,Financially Stretched but Highly Engaged,29,Nam,Cán bộ phát triển nghệ thuật,Hà Nội,Ổn định,Tương tác cao,774442500.0,2059600000.0,2320090.5833333335,243.58333333333334,30.416666666666668
KH00101725,Financially Healthy & Highly Engaged,33,Nữ,Nhà tâm lý học giáo dục,Cao Bằng,Ổn định,Tương tác cao,672117500.0,3180100000.0,2104272.0833333335,182.58333333333334,30.166666666666668
KH00101730,Financially Healthy & Highly Engaged,44,Nữ,Chuyên viên thẩm định bảo hiểm,Thành phố Hồ Chí Minh,Ổn định,Tương tác rất cao,771750833.3333334,3080300000.0,1469646.25,304.3333333333333,30.333333333333332
KH00101765,Low Engagement & Financially Vulnerable,72,Nam,Chuyên viên gây quỹ từ thiện,Quảng Trị,Ổn định,Tương tác cao,264974166.66666666,1209100000.0,1766663.6666666667,122.16666666666667,29.5
KH00101770,Low Engagement & Financially Vulnerable,94,Nữ,Kỹ thuật viên kế toán,Thái Nguyên,Cần theo dõi,Tương tác cao,151686666.66666666,403000000.0,1975748.8333333333,61.5,26.166666666666668
KH00101805,Financially Healthy & Highly Engaged,25,Nam,Chuyên viên quản lý đất đai,Đà Nẵng,Ổn định,Tương tác cao,865530833.3333334,3263400000.0,1491017.0833333333,304.1666666666667,30.416666666666668
KH00101810,Financially Stretched but Highly Engaged,48,Nam,Người phụ trách bảo tàng,Thái Nguyên,Ổn định,Tương tác cao,406778333.3333333,1742000000.0,1455604.75,242.58333333333334,30.416666666666668
KH00101845,Emerging Digital Customers,35,Nữ,Kỹ thuật viên phòng thí nghiệm giảng dạy,Thành phố Hồ Chí Minh,Cần theo dõi,Tương tác cao,164140000.0,607400000.0,2249915.25,60.833333333333336,24.416666666666668
KH00101850,Financially Stretched but Highly Engaged,62,Nữ,Chuyên viên châm cứu,Hà Tĩnh,Ổn định,Tương tác rất cao,414534166.6666667,1232400000.0,1759124.0,183.16666666666666,29.916666666666668
KH00101885,Emerging Digital Customers,88,Nam,Kỹ sư vật liệu,Thanh Hóa,Ổn định,Tương tác cao,170967500.0,845300000.0,1747528.9166666667,61.333333333333336,25.083333333333332
KH00101890,Low Engagement & Financially Vulnerable,53,Nữ,Chuyên viên quy hoạch giao thông,Hưng Yên,Ổn định,Tương tác cao,126892500.0,622300000.0,1737459.0833333333,61.0,25.666666666666668
KH00101925,Financially Stretched but Highly Engaged,23,Nữ,Cán bộ trại giam,Đắk Lắk,Ổn định,Tương tác rất cao,495776666.6666667,1493100000.0,1285379.5833333333,303.8333333333333,30.416666666666668
KH00101930,Low Engagement & Financially Vulnerable,51,Nam,Biên tập viên hiệu đính,Ninh Bình,Cần theo dõi,Tương tác cao,124063333.33333333,511900000.0,1747533.5,61.416666666666664,24.75
KH00101965,Low Engagement & Financially Vulnerable,32,Nam,Cán bộ triển lãm bảo tàng,Cao Bằng,Cần theo dõi,Tương tác cao,192688333.33333334,545900000.0,1637709.6666666667,122.25,29.0
KH00101970,Low Engagement & Financially Vulnerable,70,Nữ,Chuyên viên tư vấn nông nghiệp,Sơn La,Ổn định,Tương tác cao,475666666.6666667,1387400000.0,1732031.6666666667,182.91666666666666,30.25
KH00102010,Low Engagement & Financially Vulnerable,53,Nữ,Cán bộ tổ chức từ thiện,Đồng Tháp,Ổn định,Tương tác cao,118789166.66666667,392500000.0,1752297.25,61.666666666666664,25.166666666666668
KH00102045,Financially Stretched but Highly Engaged,39,Nữ,Thầy thuốc đông y,Thành phố Hồ Chí Minh,Ổn định,Tương tác cao,517152500.0,1821800000.0,2088280.9166666667,182.91666666666666,29.833333333333332
KH00102050,Financially Healthy & Highly Engaged,52,Nam,Kỹ sư cơ khí,Hải Phòng,Ổn định,Tương tác cao,536437500.0,1975900000.0,1663442.3333333333,183.41666666666666,30.083333333333332
KH00102090,Financially Stretched but Highly Engaged,21,Nữ,Trình dược viên,Đồng Nai,Ổn định,Tương tác rất cao,396967500.0,1923600000.0,1247209.3333333333,244.08333333333334,30.166666666666668
KH00102125,Financially Healthy & Highly Engaged,60,Nữ,Kiến trúc sư cảnh quan,Thành phố Hồ Chí Minh,Ổn định,Tương tác cao,841636666.6666666,3235600000.0,1591586.4166666667,243.91666666666666,30.416666666666668
KH00102130,Low Engagement & Financially Vulnerable,59,Nam,Cán bộ quản chế,Hà Tĩnh,Ổn định,Tương tác rất cao,337855833.3333333,1636100000.0,1598007.9166666667,183.25,29.916666666666668
KH00102165,Low Engagement & Financially Vulnerable,80,Nam,Giáo viên mầm non,Hải Phòng,Ổn định,Tương tác cao,125900833.33333333,325600000.0,1689526.1666666667,61.583333333333336,25.5
KH00102170,Financially Stretched but Highly Engaged,74,Nam,Chuyên viên tổ chức sự kiện,Tuyên Quang,Cần theo dõi,Tương tác rất cao,436825000.0,1497100000.0,1714539.25,183.16666666666666,30.083333333333332
KH00102205,Financially Healthy & Highly Engaged,39,Nam,Điều dưỡng nhi khoa,Vĩnh Long,Khỏe mạnh,Tương tác cao,282389166.6666667,1165700000.0,1512293.5833333333,122.33333333333333,28.833333333333332
KH00102210,Low Engagement & Financially Vulnerable,96,Nam,Chuyên viên phục chế đồ gỗ,Quảng Trị,Cần theo dõi,Tương tác cao,136589166.66666666,669100000.0,1993035.0833333333,61.25,25.833333333333332
KH00102245,Financially Healthy & Highly Engaged,64,Nam,Nhà khoa học thính học,Bắc Ninh,Ổn định,Tương tác rất cao,713884166.6666666,2494200000.0,1514057.5,244.25,30.416666666666668
KH00102250,Financially Healthy & Highly Engaged,33,Nam,Chuyên viên khảo sát thủy văn,Hưng Yên,Khỏe mạnh,Tương tác cao,274127500.0,842900000.0,1463476.6666666667,122.41666666666667,29.083333333333332
KH00102285,Low Engagement & Financially Vulnerable,33,Nam,Chuyên viên giám định rủi ro bảo hiểm,Lâm Đồng,Ổn định,Tương tác cao,171798333.33333334,744200000.0,2490362.0833333335,61.583333333333336,25.25
KH00102290,Financially Stretched but Highly Engaged,27,Nam,Chuyên viên trắc địa,Quảng Ninh,Ổn định,Tương tác cao,542005000.0,1887200000.0,2418968.4166666665,183.08333333333334,30.333333333333332
KH00102325,Low Engagement & Financially Vulnerable,64,Nam,Nhà sản xuất phát thanh,Cần Thơ,Cần theo dõi,Tương tác rất cao,292746666.6666667,1165600000.0,1702165.5833333333,122.25,29.5
KH00102330,Financially Healthy but Disengaged,61,Nam,Kế toán công tài chính công,Thành phố Hồ Chí Minh,Ổn định,Tương tác cao,512880833.3333333,2528900000.0,1874343.6666666667,182.5,30.333333333333332
KH00102365,Emerging Digital Customers,26,Nữ,Cán bộ trại giam,Thành phố Hồ Chí Minh,Ổn định,Tương tác cao,196902500.0,506700000.0,2511210.0833333335,61.833333333333336,25.666666666666668
KH00102370,Financially Healthy but Disengaged,74,Nam,Cán bộ quản lý thị trường,Nghệ An,Ổn định,Tương tác cao,380147500.0,1714000000.0,1701079.0833333333,121.83333333333333,29.5
KH00102405,Financially Stretched but Highly Engaged,32,Nữ,Nhà tâm lý học tư vấn,Đắk Lắk,Ổn định,Tương tác rất cao,728238333.3333334,2457900000.0,2244494.25,243.91666666666666,30.416666666666668
KH00102410,Financially Healthy & Highly Engaged,42,Nam,Kỹ thuật viên kế toán,Lâm Đồng,Ổn định,Tương tác cao,747678333.3333334,3102000000.0,2414714.3333333335,182.91666666666666,30.083333333333332
KH00102445,Financially Stretched but Highly Engaged,43,Nữ,Nhà thiết kế đồ gỗ,Thành phố Hồ Chí Minh,Ổn định,Tương tác rất cao,1147330833.3333333,4440100000.0,2261555.0,364.3333333333333,30.333333333333332
KH00102450,Financially Healthy but Disengaged,56,Nữ,Lập trình viên đa phương tiện,Hà Nội,Khỏe mạnh,Tương tác cao,615825000.0,1571200000.0,1613997.8333333333,182.91666666666666,30.166666666666668
KH00102485,Emerging Digital Customers,25,Nữ,Quản lý công viên giải trí,Nghệ An,Ổn định,Tương tác cao,193087500.0,826600000.0,1900190.1666666667,61.583333333333336,24.166666666666668
KH00102525,Financially Healthy but Disengaged,80,Nữ,Dược sĩ bệnh viện,Đà Nẵng,Ổn định,Tương tác cao,382443333.3333333,1449300000.0,1700820.3333333333,122.5,29.5
KH00102530,Financially Healthy & Highly Engaged,40,Nam,Điều phối viên tình nguyện,Hưng Yên,Ổn định,Tương tác rất cao,754214166.6666666,3740600000.0,2346873.8333333335,243.0,30.416666666666668
KH00102565,Financially Healthy & Highly Engaged,23,Nam,Kỹ sư điện tử,Lào Cai,Ổn định,Tương tác rất cao,939077500.0,3902500000.0,1281196.5,364.5,30.416666666666668
KH00102570,Financially Healthy & Highly Engaged,46,Nữ,Bác sĩ giải phẫu bệnh,Tuyên Quang,Khỏe mạnh,Tương tác cao,665550000.0,1760200000.0,2320619.0,122.25,29.75
KH00102605,Financially Healthy but Disengaged,93,Nữ,Nhà tâm lý học thể thao,Lâm Đồng,Ổn định,Tương tác rất cao,412423333.3333333,1120700000.0,1690136.6666666667,122.33333333333333,29.333333333333332
KH00102610,Emerging Digital Customers,49,Nữ,Chuyên viên nhân sự,Lạng Sơn,Ổn định,Tương tác cao,214042500.0,973500000.0,2226134.8333333335,61.916666666666664,25.916666666666668
KH00102645,Financially Healthy & Highly Engaged,41,Nam,Kỹ thuật viên sản xuất bia,Đồng Tháp,Ổn định,Tương tác cao,759458333.3333334,3648300000.0,2310643.75,243.33333333333334,30.416666666666668
KH00102650,Financially Stretched but Highly Engaged,50,Nam,Nhà luyện kim,Lâm Đồng,Ổn định,Tương tác cao,442673333.3333333,1257300000.0,1444056.25,243.83333333333334,30.416666666666668
KH00102685,Financially Healthy & Highly Engaged,27,Nam,Dược sĩ cộng đồng,Ninh Bình,Ổn định,Tương tác cao,975207500.0,4489200000.0,2343493.6666666665,243.66666666666666,30.333333333333332
KH00102690,Low Engagement & Financially Vulnerable,45,Nam,Nhà luyện kim,Lâm Đồng,Khỏe mạnh,Tương tác cao,412645000.0,1309400000.0,2465480.9166666665,122.66666666666667,29.416666666666668
KH00102725,Financially Healthy but Disengaged,44,Nam,Quản lý tour du lịch,Hà Nội,Ổn định,Tương tác cao,147582500.0,530800000.0,1498761.75,61.583333333333336,25.166666666666668
KH00102730,Financially Stretched but Highly Engaged,35,Nữ,Nhân viên cấp cứu,Cà Mau,Ổn định,Tương tác rất cao,623560833.3333334,3006700000.0,2170782.0833333335,304.1666666666667,30.416666666666668
KH00102765,Financially Healthy & Highly Engaged,27,Nữ,Chuyên viên chăm sóc cây,Đà Nẵng,Ổn định,Tương tác rất cao,900947500.0,4074300000.0,2208565.1666666665,244.41666666666666,30.25
KH00102770,Financially Healthy & Highly Engaged,86,Nữ,Phi công hàng không,Đồng Nai,Khỏe mạnh,Tương tác cao,674110000.0,2701000000.0,1756588.1666666667,182.91666666666666,30.333333333333332
KH00102805,Financially Healthy & Highly Engaged,49,Nữ,Chuyên viên quản lý khách hàng quảng cáo,Hà Nội,Ổn định,Tương tác cao,424600833.3333333,1411500000.0,2132009.3333333335,121.66666666666667,29.166666666666668
KH00102810,Financially Stretched but Highly Engaged,33,Nữ,Chuyên viên kính thuốc,Đà Nẵng,Ổn định,Tương tác rất cao,370080833.3333333,966300000.0,2128679.3333333335,122.41666666666667,29.25
KH00102845,Financially Healthy & Highly Engaged,27,Nam,Kỹ sư khoan,Đà Nẵng,Ổn định,Tương tác cao,642624166.6666666,3104600000.0,1498640.8333333333,243.41666666666666,30.416666666666668
KH00102850,Financially Stretched but Highly Engaged,26,Nữ,Nhà thiết kế sản phẩm công nghiệp,Đồng Tháp,Ổn định,Tương tác rất cao,867051666.6666666,2980400000.0,2152940.3333333335,304.4166666666667,30.416666666666668
KH00102885,Financially Healthy & Highly Engaged,28,Nữ,Kỹ sư sản xuất,Lâm Đồng,Ổn định,Tương tác rất cao,833439166.6666666,3812900000.0,2171592.3333333335,183.0,30.083333333333332
KH00102890,Financially Healthy but Disengaged,40,Nữ,Kỹ sư điều khiển và tự động hóa,Huế,Khỏe mạnh,Tương tác cao,465463333.3333333,1746200000.0,1528068.9166666667,182.75,30.083333333333332
KH00102925,Emerging Digital Customers,78,Nam,Chuyên viên phôi học lâm sàng,Hải Phòng,Khỏe mạnh,Tương tác cao,269675000.0,1147000000.0,1607767.9166666667,122.41666666666667,29.666666666666668
KH00102930,Financially Stretched but Highly Engaged,54,Nam,Điều dưỡng nhi khoa,Ninh Bình,Ổn định,Tương tác cao,345700833.3333333,1101700000.0,1516490.3333333333,182.91666666666666,30.166666666666668
KH00102965,Financially Stretched but Highly Engaged,58,Nữ,Nhà sản xuất phát thanh,Quảng Ngãi,Ổn định,Tương tác cao,323678333.3333333,894600000.0,1603233.0,182.91666666666666,30.25
KH00102970,Financially Healthy & Highly Engaged,54,Nữ,Lập trình viên ứng dụng,Nghệ An,Ổn định,Tương tác cao,729134166.6666666,2670700000.0,1550687.6666666667,243.08333333333334,30.416666666666668
KH00103005,Low Engagement & Financially Vulnerable,67,Nữ,Cán bộ chính quyền địa phương,Hà Nội,Ổn định,Tương tác cao,100942500.0,392400000.0,1455130.1666666667,61.0,25.666666666666668
KH00103010,Financially Healthy & Highly Engaged,33,Nữ,Giám đốc chiến lược,Tây Ninh,Ổn định,Tương tác cao,1450474166.6666667,6452500000.0,2223992.1666666665,243.25,30.416666666666668
KH00103045,Financially Stretched but Highly Engaged,43,Nữ,Biên tập viên hiệu đính,Vĩnh Long,Ổn định,Tương tác rất cao,856885833.3333334,3160700000.0,2114667.9166666665,304.8333333333333,30.416666666666668
KH00103050,Financially Healthy & Highly Engaged,46,Nam,Chuyên viên chỉnh thị,Lào Cai,Ổn định,Tương tác cao,583031666.6666666,2923400000.0,2341517.5,182.75,30.25
KH00103085,Financially Stretched but Highly Engaged,42,Nam,Nhà trị liệu tâm lý trẻ em,Khánh Hòa,Ổn định,Tương tác rất cao,615603333.3333334,2656800000.0,1450935.0,304.0833333333333,30.416666666666668
KH00103090,Financially Stretched but Highly Engaged,43,Nam,Nhà biên soạn từ điển,Điện Biên,Khỏe mạnh,Tương tác cao,498958333.3333333,1643600000.0,1939846.75,182.91666666666666,30.333333333333332
KH00103125,Financially Stretched but Highly Engaged,40,Nam,Nhà thiết kế triển lãm,Thành phố Hồ Chí Minh,Ổn định,Tương tác rất cao,623717500.0,1870400000.0,1483993.0,304.1666666666667,30.416666666666668
KH00103130,Financially Healthy & Highly Engaged,44,Nữ,Biên tập viên hiệu đính báo chí,Hải Phòng,Ổn định,Tương tác rất cao,760792500.0,3314100000.0,1378358.5,364.0833333333333,30.416666666666668
KH00103165,Low Engagement & Financially Vulnerable,62,Nam,Kỹ thuật viên sản xuất bia,Thành phố Hồ Chí Minh,Ổn định,Tương tác cao,286265000.0,811400000.0,1602457.5,122.0,29.583333333333332
KH00103170,Financially Healthy but Disengaged,67,Nam,Giám đốc vận hành,Thành phố Hồ Chí Minh,Khỏe mạnh,Tương tác cao,528537500.0,2166900000.0,1553849.75,122.08333333333333,29.25
KH00103205,Financially Healthy & Highly Engaged,59,Nam,Nhà khoa học địa chất,Thành phố Hồ Chí Minh,Khỏe mạnh,Tương tác cao,631043333.3333334,1819400000.0,1544862.75,183.0,29.916666666666668
KH00103210,Financially Healthy but Disengaged,44,Nữ,Giám đốc vận hành,Điện Biên,Khỏe mạnh,Tương tác cao,608679166.6666666,2220600000.0,1433378.3333333333,182.41666666666666,30.333333333333332
KH00103245,Financially Stretched but Highly Engaged,48,Nữ,Chuyên viên tư vấn môi trường,Đồng Tháp,Ổn định,Tương tác rất cao,696785833.3333334,1949900000.0,1413353.75,366.0,30.416666666666668
KH00103250,Financially Stretched but Highly Engaged,20,Nam,Chuyên viên thông tin hướng nghiệp,Phú Thọ,Ổn định,Tương tác rất cao,816605833.3333334,2896900000.0,1786758.6666666667,364.5833333333333,30.333333333333332
KH00103285,Financially Healthy but Disengaged,59,Nam,Biên tập viên đặt bài,Hà Nội,Khỏe mạnh,Tương tác cao,517506666.6666667,2211600000.0,1715282.8333333333,182.33333333333334,29.833333333333332
KH00103290,Essential-Spend-Focused Customers,66,Nữ,Nhà di truyền tế bào học,Khánh Hòa,Cần theo dõi,Tương tác rất cao,415931666.6666667,1810900000.0,1612312.8333333333,182.66666666666666,29.916666666666668
KH00103325,Low Engagement & Financially Vulnerable,58,Nam,Chuyên viên viết nội dung quảng cáo,Thanh Hóa,Ổn định,Tương tác cao,387641666.6666667,1216400000.0,1718827.25,182.83333333333334,30.416666666666668
KH00103330,Essential-Spend-Focused Customers,53,Nữ,Chuyên viên pháp lý được cấp chứng chỉ,Tây Ninh,Ổn định,Tương tác cao,271396666.6666667,861000000.0,1528717.8333333333,122.0,29.416666666666668
KH00103365,Low Engagement & Financially Vulnerable,53,Nam,Công chức diện đào tạo nhanh,Tây Ninh,Ổn định,Tương tác cao,103570000.0,372700000.0,1550615.9166666667,61.416666666666664,25.083333333333332
KH00103370,Low Engagement & Financially Vulnerable,58,Nữ,Người dẫn chương trình phát sóng,Hưng Yên,Ổn định,Tương tác cao,136970000.0,471600000.0,1719792.4166666667,61.25,25.416666666666668
KH00103405,Financially Stretched but Highly Engaged,38,Nam,Quản lý trung tâm thể hình,Cà Mau,Ổn định,Tương tác rất cao,328304166.6666667,1103900000.0,1402187.9166666667,183.0,30.333333333333332
KH00103410,Low Engagement & Financially Vulnerable,59,Nam,Nhân viên phát triển cộng đồng,Hải Phòng,Ổn định,Tương tác cao,197483333.33333334,805900000.0,1502915.0,122.08333333333333,29.416666666666668
KH00103445,Financially Healthy but Disengaged,64,Nam,Nhà địa chất hiện trường,Quảng Ngãi,Ổn định,Tương tác trung bình,156191666.66666666,604600000.0,1748929.25,61.166666666666664,25.5
KH00103450,Financially Healthy but Disengaged,92,Nữ,Chuyên viên trưng bày bán lẻ,Phú Thọ,Ổn định,Tương tác cao,307983333.3333333,1139400000.0,1664874.9166666667,122.25,29.25
KH00103485,Financially Stretched but Highly Engaged,27,Nữ,Nhân viên xe cứu thương,Đồng Tháp,Cần theo dõi,Tương tác cao,317404166.6666667,1261600000.0,2315634.8333333335,122.08333333333333,29.833333333333332
KH00103490,Financially Stretched but Highly Engaged,29,Nữ,Nhà trị liệu tâm lý,Lạng Sơn,Cần theo dõi,Tương tác rất cao,415414166.6666667,1755900000.0,1536532.1666666667,243.41666666666666,30.333333333333332
KH00103525,Low Engagement & Financially Vulnerable,47,Nam,Chuyên viên vệ sinh lao động,Hà Nội,Ổn định,Tương tác cao,116562500.0,483200000.0,2097059.8333333333,61.5,25.333333333333332
KH00103530,Financially Stretched but Highly Engaged,51,Nam,Người dẫn chương trình phát sóng,Nghệ An,Ổn định,Tương tác cao,252286666.66666666,910000000.0,1804551.3333333333,122.16666666666667,29.166666666666668
KH00103565,Financially Healthy & Highly Engaged,38,Nam,Chủ nhiệm ánh sáng trường quay,An Giang,Ổn định,Tương tác cao,837135833.3333334,3307000000.0,2402412.0,243.33333333333334,30.416666666666668
KH00103570,Low Engagement & Financially Vulnerable,25,Nữ,Trợ lý phát thanh,Vĩnh Long,Ổn định,Tương tác cao,122133333.33333333,525700000.0,1826027.3333333333,61.5,25.333333333333332
KH00103605,Financially Stretched but Highly Engaged,39,Nữ,Cán bộ đào tạo và phát triển,Thành phố Hồ Chí Minh,Ổn định,Tương tác cao,490543333.3333333,1588000000.0,2275247.9166666665,183.16666666666666,29.916666666666668
KH00103610,Essential-Spend-Focused Customers,27,Nữ,Chuyên viên phân tích địa chấn,Vĩnh Long,Ổn định,Tương tác cao,109534166.66666667,485400000.0,1390465.75,61.666666666666664,26.583333333333332
KH00103645,Essential-Spend-Focused Customers,65,Nữ,Chuyên viên tư vấn tâm lý,Vĩnh Long,Ổn định,Tương tác cao,283502500.0,1179400000.0,1488481.5833333333,122.5,29.25
KH00103650,Low Engagement & Financially Vulnerable,67,Nam,Thủ thư thư viện công cộng,Quảng Ngãi,Ổn định,Tương tác cao,131058333.33333333,462000000.0,1675022.8333333333,61.333333333333336,24.25
KH00103690,Financially Stretched but Highly Engaged,47,Nữ,Biên tập viên chuyên đề tạp chí,Thành phố Hồ Chí Minh,Ổn định,Tương tác rất cao,478863333.3333333,2346000000.0,1460919.25,243.91666666666666,30.416666666666668
KH00103725,Financially Healthy but Disengaged,55,Nam,Chuyên viên tư vấn làm vườn,Thành phố Hồ Chí Minh,Ổn định,Tương tác cao,164430000.0,699900000.0,1742246.3333333333,61.583333333333336,25.25
KH00103730,Financially Healthy but Disengaged,45,Nữ,Chuyên viên thu mua bán lẻ,Thanh Hóa,Khỏe mạnh,Tương tác cao,147184166.66666666,525200000.0,1644072.1666666667,61.166666666666664,25.0
KH00103765,Financially Stretched but Highly Engaged,41,Nữ,Kỹ sư hàng không,Tuyên Quang,Ổn định,Tương tác cao,427006666.6666667,1239200000.0,1488320.5833333333,183.41666666666666,30.25
KH00103770,Low Engagement & Financially Vulnerable,30,Nam,Cán bộ giáo dục bảo tàng,Thành phố Hồ Chí Minh,Ổn định,Tương tác cao,100663333.33333333,462700000.0,1606568.75,61.333333333333336,25.833333333333332
KH00103805,Financially Healthy but Disengaged,65,Nam,Nhà khoa học nghiên cứu y học,Hải Phòng,Ổn định,Tương tác cao,352391666.6666667,1468800000.0,1845647.4166666667,122.5,29.75
KH00103810,Financially Stretched but Highly Engaged,47,Nữ,Nhà độc chất học,Đồng Tháp,Ổn định,Tương tác rất cao,859041666.6666666,3203200000.0,2224187.25,303.1666666666667,30.416666666666668
KH00103845,Financially Stretched but Highly Engaged,54,Nam,Chuyên viên quy hoạch đô thị,Phú Thọ,Ổn định,Tương tác cao,317828333.3333333,1238800000.0,1551231.9166666667,182.91666666666666,30.166666666666668
KH00103850,Financially Healthy & Highly Engaged,22,Nữ,Nhà khoa học nghiên cứu toán học,Sơn La,Ổn định,Tương tác cao,559698333.3333334,2212900000.0,1205615.25,243.0,30.25
KH00103885,Financially Healthy but Disengaged,75,Nam,Nhà thiết kế trang sức,Tây Ninh,Ổn định,Tương tác cao,165299166.66666666,701900000.0,1812079.3333333333,61.333333333333336,25.666666666666668
KH00103890,Financially Healthy but Disengaged,33,Nam,Quản lý khách sạn,Thái Nguyên,Ổn định,Tương tác cao,138685000.0,434000000.0,1349483.4166666667,61.416666666666664,25.916666666666668
KH00103925,Financially Healthy but Disengaged,86,Nữ,Chuyên viên chăm sóc cây,Quảng Ninh,Ổn định,Tương tác cao,290934166.6666667,1064300000.0,1667512.1666666667,121.91666666666667,29.583333333333332
KH00103970,Financially Healthy & Highly Engaged,49,Nữ,Quản lý hồ sơ,Bắc Ninh,Ổn định,Tương tác rất cao,829043333.3333334,3221900000.0,2356643.3333333335,183.25,30.25
KH00104005,Financially Healthy & Highly Engaged,40,Nam,Bác sĩ bệnh viện,Hưng Yên,Ổn định,Tương tác rất cao,888811666.6666666,2945300000.0,1428348.6666666667,304.0,30.416666666666668
KH00104010,Financially Healthy but Disengaged,85,Nam,Kỹ sư vận hành phát sóng,Đồng Nai,Ổn định,Tương tác cao,353985833.3333333,891400000.0,1595431.3333333333,122.08333333333333,29.333333333333332
KH00104045,Low Engagement & Financially Vulnerable,61,Nam,Chuyên viên công nghệ màu sắc,An Giang,Ổn định,Tương tác cao,232154166.66666666,698700000.0,1486674.0833333333,122.66666666666667,28.75
KH00104050,Financially Stretched but Highly Engaged,81,Nam,Quản trị viên giáo dục,Đà Nẵng,Có dấu hiệu căng thẳng tài chính,Tương tác rất cao,379385833.3333333,960500000.0,1663722.5,183.58333333333334,30.0
KH00104085,Emerging Digital Customers,21,Nữ,Kỹ sư ô tô,Lào Cai,Có dấu hiệu căng thẳng tài chính,Tương tác rất cao,177021666.66666666,729500000.0,1994037.25,61.666666666666664,24.75
KH00104090,Financially Stretched but Highly Engaged,42,Nam,Chuyên viên y tế môi trường,Hà Nội,Ổn định,Tương tác cao,576802500.0,1605100000.0,2351522.4166666665,183.25,30.25
KH00104125,Financially Healthy & Highly Engaged,30,Nữ,Quản lý nhà hát,Phú Thọ,Ổn định,Tương tác cao,689529166.6666666,1821300000.0,2200693.1666666665,182.25,30.083333333333332
KH00104130,Low Engagement & Financially Vulnerable,50,Nữ,Nhà thiết kế trang sức,Lào Cai,Khỏe mạnh,Tương tác cao,119590000.0,301200000.0,1574882.4166666667,61.916666666666664,25.416666666666668
KH00104165,Financially Stretched but Highly Engaged,33,Nữ,Kiểm soát viên tài chính,Thành phố Hồ Chí Minh,Ổn định,Tương tác cao,835738333.3333334,3108500000.0,1483156.3333333333,365.1666666666667,30.416666666666668
KH00104170,Financially Healthy but Disengaged,58,Nữ,Quản lý tổng đài,Sơn La,Ổn định,Tương tác cao,490122500.0,2252200000.0,1696296.8333333333,182.91666666666666,30.0
KH00104205,Financially Stretched but Highly Engaged,49,Nữ,Chuyên viên kính thuốc,Đà Nẵng,Có dấu hiệu căng thẳng tài chính,Tương tác cao,272255833.3333333,1176300000.0,1702099.3333333333,122.08333333333333,29.75
KH00104210,Financially Healthy & Highly Engaged,71,Nữ,Chuyên viên chăm sóc bàn chân,Thành phố Hồ Chí Minh,Ổn định,Tương tác rất cao,503050000.0,2469500000.0,1632082.1666666667,183.0,30.25
KH00104245,Financially Stretched but Highly Engaged,45,Nam,Chuyên viên nghiên cứu xã hội,Lâm Đồng,Ổn định,Tương tác rất cao,342712500.0,1630700000.0,1543067.5833333333,183.08333333333334,30.416666666666668
KH00104250,Financially Healthy but Disengaged,64,Nữ,Nhà địa chất hiện trường,Bắc Ninh,Ổn định,Tương tác cao,275207500.0,1130100000.0,1619870.1666666667,122.25,29.25
KH00104285,Low Engagement & Financially Vulnerable,53,Nữ,Chuyên viên tư vấn thuế,Đồng Nai,Ổn định,Tương tác cao,364997500.0,1648600000.0,1606296.5833333333,182.66666666666666,29.833333333333332
KH00104290,Financially Healthy & Highly Engaged,34,Nữ,Chuyên viên tư vấn môi trường,Thành phố Hồ Chí Minh,Ổn định,Tương tác rất cao,1413734166.6666667,5483300000.0,2253488.8333333335,365.4166666666667,30.416666666666668
KH00104325,Low Engagement & Financially Vulnerable,60,Nam,Trợ lý sản xuất phát thanh,Thành phố Hồ Chí Minh,Ổn định,Tương tác cao,208889166.66666666,1019700000.0,1480731.8333333333,122.16666666666667,29.416666666666668
KH00104365,Financially Healthy & Highly Engaged,36,Nam,Nhà giao dịch tài chính,Sơn La,Ổn định,Tương tác cao,689489166.6666666,2936800000.0,1394186.5833333333,243.41666666666666,30.416666666666668
KH00104370,Financially Healthy & Highly Engaged,70,Nam,Kỹ sư sản xuất,Đồng Tháp,Khỏe mạnh,Tương tác cao,598012500.0,2872000000.0,1707774.4166666667,183.16666666666666,30.0
KH00104405,Financially Stretched but Highly Engaged,35,Nữ,Chuyên viên pháp chế,Thanh Hóa,Ổn định,Tương tác cao,690285000.0,2723000000.0,1393404.0,364.8333333333333,30.416666666666668
KH00104410,Financially Healthy but Disengaged,59,Nữ,Dược sĩ bệnh viện,Hưng Yên,Ổn định,Tương tác cao,219323333.33333334,1111300000.0,2104919.6666666665,61.583333333333336,25.083333333333332
KH00104445,Financially Healthy but Disengaged,37,Nam,Nhà khoa học thính học,Đà Nẵng,Cần theo dõi,Tương tác rất cao,193856666.66666666,695700000.0,1702307.8333333333,61.583333333333336,25.583333333333332
KH00104450,Financially Healthy & Highly Engaged,29,Nữ,Nhà thống kê,Thành phố Hồ Chí Minh,Ổn định,Tương tác rất cao,1063217500.0,4371600000.0,2109116.6666666665,303.75,30.416666666666668
KH00104485,Low Engagement & Financially Vulnerable,47,Nam,Cán bộ hành chính địa phương,Cà Mau,Ổn định,Tương tác cao,319242500.0,1132800000.0,2366411.5,122.16666666666667,29.25
KH00104525,Low Engagement & Financially Vulnerable,25,Nam,Nhà biên soạn từ điển,Đồng Tháp,Ổn định,Tương tác cao,96621666.66666667,317800000.0,1348678.6666666667,61.916666666666664,23.25
KH00104530,Financially Healthy but Disengaged,72,Nam,Sĩ quan hậu cần quân đội,Hà Nội,Ổn định,Tương tác cao,158322500.0,454300000.0,1726442.25,61.5,24.833333333333332
KH00104565,Financially Healthy but Disengaged,63,Nam,Quản trị viên cơ sở dữ liệu,Khánh Hòa,Ổn định,Tương tác cao,288616666.6666667,1308100000.0,1694433.3333333333,121.75,29.416666666666668
KH00104570,Essential-Spend-Focused Customers,70,Nữ,Chuyên viên nghiên cứu viễn thông,Thành phố Hồ Chí Minh,Ổn định,Tương tác rất cao,482138333.3333333,2120700000.0,1487515.25,243.5,30.416666666666668
KH00104605,Financially Healthy & Highly Engaged,36,Nam,Nhà tâm lý học pháp y,Điện Biên,Cần theo dõi,Tương tác rất cao,661776666.6666666,2592000000.0,2468189.75,183.08333333333334,30.083333333333332
KH00104645,Emerging Digital Customers,37,Nam,Nhân viên y tế cộng đồng,Nghệ An,Cần theo dõi,Tương tác cao,111910833.33333333,400300000.0,1691456.75,61.25,26.083333333333332
KH00104650,Financially Healthy & Highly Engaged,21,Nam,Chuyên viên công nghệ dệt may,An Giang,Ổn định,Tương tác rất cao,887945833.3333334,3943700000.0,1868632.0,303.8333333333333,30.333333333333332
KH00104690,Financially Healthy but Disengaged,68,Nữ,Nhà tâm lý học giáo dục,Đồng Tháp,Ổn định,Tương tác trung bình,186309166.66666666,534100000.0,1901939.3333333333,61.416666666666664,25.5
KH00104725,Financially Stretched but Highly Engaged,41,Nam,Chuyên viên nghiên cứu chương trình,Đồng Nai,Ổn định,Tương tác cao,447519166.6666667,1410500000.0,1512709.3333333333,242.75,30.416666666666668
KH00104730,Financially Stretched but Highly Engaged,21,Nữ,Nhà tâm lý học tư vấn,Huế,Ổn định,Tương tác rất cao,527989166.6666667,2358100000.0,1360940.6666666667,244.25,30.333333333333332
KH00104765,Financially Stretched but Highly Engaged,44,Nam,Nhà địa chất hiện trường,Đồng Nai,Ổn định,Tương tác rất cao,679720833.3333334,2280700000.0,1508193.4166666667,304.6666666666667,30.416666666666668
KH00104770,Financially Healthy but Disengaged,72,Nữ,Nhà khoa học y sinh,Hà Nội,Ổn định,Tương tác cao,562080000.0,1835900000.0,1644073.4166666667,182.58333333333334,30.083333333333332
KH00104805,Financially Healthy & Highly Engaged,28,Nam,Chuyên viên viết nội dung quảng cáo,Điện Biên,Khỏe mạnh,Tương tác cao,429332500.0,1459800000.0,1481532.3333333333,182.83333333333334,30.083333333333332
KH00104810,Low Engagement & Financially Vulnerable,31,Nam,Chánh văn phòng,Tây Ninh,Ổn định,Tương tác cao,388910833.3333333,1843700000.0,2479620.75,121.66666666666667,29.416666666666668
KH00104845,Financially Healthy but Disengaged,61,Nữ,Họa sĩ,Đồng Nai,Ổn định,Tương tác rất cao,419501666.6666667,2059200000.0,1509883.1666666667,182.91666666666666,30.166666666666668
KH00104850,Financially Healthy & Highly Engaged,19,Nam,Kỹ sư viễn thông,Phú Thọ,Ổn định,Tương tác cao,417932500.0,2027800000.0,1367589.1666666667,182.5,29.916666666666668
KH00104885,Financially Healthy but Disengaged,29,Nam,Kỹ sư sản xuất,Gia Lai,Ổn định,Tương tác cao,280735000.0,1003800000.0,1461541.0833333333,122.33333333333333,29.666666666666668
KH00104890,Financially Healthy but Disengaged,60,Nữ,Kỹ sư khai thác mỏ,Đắk Lắk,Cần theo dõi,Tương tác cao,188011666.66666666,732800000.0,1633334.0833333333,61.5,25.0
KH00104925,Financially Stretched but Highly Engaged,47,Nam,Trợ lý sản xuất truyền hình,Cần Thơ,Cần theo dõi,Tương tác rất cao,493456666.6666667,2243700000.0,1515683.3333333333,302.3333333333333,30.333333333333332
KH00104930,Financially Healthy & Highly Engaged,35,Nam,Chuyên viên trắc địa,Đắk Lắk,Ổn định,Tương tác cao,436328333.3333333,2010200000.0,1352503.8333333333,243.16666666666666,30.416666666666668
KH00104965,Emerging Digital Customers,84,Nữ,Nhà hóa sinh lâm sàng,Nghệ An,Cần theo dõi,Tương tác cao,140490833.33333334,679300000.0,1941127.8333333333,61.5,25.083333333333332
KH00104970,Financially Healthy but Disengaged,54,Nữ,Nhà khoa học lâm sàng miễn dịch di truyền,Thanh Hóa,Khỏe mạnh,Tương tác cao,319760833.3333333,1227100000.0,1557485.25,122.25,29.25
KH00105005,Financially Healthy & Highly Engaged,65,Nữ,Chuyên viên tư vấn tài chính,Nghệ An,Ổn định,Tương tác rất cao,622225833.3333334,1827900000.0,1448658.6666666667,243.25,30.333333333333332
KH00105010,Financially Healthy & Highly Engaged,53,Nam,Kỹ sư đóng tàu,Thành phố Hồ Chí Minh,Khỏe mạnh,Tương tác rất cao,865763333.3333334,2669500000.0,1604709.1666666667,243.5,30.25
KH00105045,Low Engagement & Financially Vulnerable,68,Nam,Nhà di truyền tế bào học,Cần Thơ,Ổn định,Tương tác cao,422196666.6666667,2055600000.0,1763171.3333333333,182.5,30.333333333333332
KH00105050,Financially Stretched but Highly Engaged,30,Nữ,Thư ký y khoa,Hà Tĩnh,Ổn định,Tương tác rất cao,268311666.66666666,1213300000.0,1510229.0,182.91666666666666,30.25
KH00105085,Essential-Spend-Focused Customers,79,Nam,Kế toán công tài chính công,Phú Thọ,Ổn định,Tương tác cao,287665000.0,1108200000.0,1531407.5833333333,121.83333333333333,29.083333333333332
KH00105090,Financially Healthy & Highly Engaged,50,Nữ,Lập trình viên hệ thống,Phú Thọ,Ổn định,Tương tác rất cao,1221739166.6666667,3801100000.0,2213569.6666666665,303.6666666666667,30.416666666666668
KH00105125,Financially Healthy & Highly Engaged,24,Nữ,Bác sĩ bệnh viện,Thành phố Hồ Chí Minh,Ổn định,Tương tác rất cao,1038062500.0,3985800000.0,1288653.3333333333,304.5,30.25
KH00105130,Financially Healthy & Highly Engaged,31,Nam,Quản lý bối cảnh quay,Tây Ninh,Ổn định,Tương tác rất cao,446730000.0,2021000000.0,1438569.6666666667,182.75,30.0
KH00105165,Financially Stretched but Highly Engaged,59,Nam,Điều dưỡng sức khỏe tâm thần,Điện Biên,Ổn định,Tương tác cao,231695000.0,685000000.0,1671361.0,122.25,29.916666666666668
KH00105170,Financially Healthy & Highly Engaged,91,Nữ,Nhà khoa học thính học,Hà Nội,Khỏe mạnh,Tương tác rất cao,668755833.3333334,3199500000.0,1571726.6666666667,182.91666666666666,30.083333333333332
KH00105205,Financially Stretched but Highly Engaged,19,Nam,Nhân viên giao nhận vận tải,Lâm Đồng,Ổn định,Tương tác rất cao,301355000.0,1291400000.0,1992628.6666666667,123.08333333333333,29.083333333333332
KH00105245,Financially Healthy & Highly Engaged,45,Nữ,Lính cứu hỏa,Tây Ninh,Ổn định,Tương tác cao,1248555833.3333333,4395300000.0,2188326.4166666665,364.25,30.416666666666668
KH00105250,Low Engagement & Financially Vulnerable,42,Nam,Điều dưỡng sức khỏe tâm thần,Hưng Yên,Ổn định,Tương tác cao,564063333.3333334,2158700000.0,2420956.1666666665,182.91666666666666,29.916666666666668
KH00105285,Essential-Spend-Focused Customers,50,Nữ,Kỹ sư khoan,Lào Cai,Ổn định,Tương tác rất cao,568767500.0,2254700000.0,1356125.3333333333,244.33333333333334,30.416666666666668
KH00105290,Financially Stretched but Highly Engaged,30,Nam,Chuyên viên trị liệu kịch nghệ,Đồng Tháp,Ổn định,Tương tác rất cao,585766666.6666666,2576600000.0,1556200.25,242.75,30.333333333333332
KH00105330,Financially Stretched but Highly Engaged,34,Nữ,Thủ thư thư viện công cộng,Hải Phòng,Ổn định,Tương tác rất cao,491866666.6666667,2230600000.0,2151702.0833333335,182.75,30.166666666666668
KH00105365,Financially Stretched but Highly Engaged,36,Nam,Nhân viên cấp cứu,Thái Nguyên,Ổn định,Tương tác rất cao,507230833.3333333,1322000000.0,1478035.3333333333,304.3333333333333,30.416666666666668
KH00105370,Low Engagement & Financially Vulnerable,30,Nam,Chuyên viên dựng phim,Lai Châu,Cần theo dõi,Tương tác rất cao,371791666.6666667,1060400000.0,2518854.6666666665,122.33333333333333,29.333333333333332
KH00105405,Financially Stretched but Highly Engaged,65,Nam,Nhà thiết kế đồ gỗ,Hà Nội,Ổn định,Tương tác cao,550723333.3333334,1429800000.0,1521681.8333333333,243.75,30.416666666666668
KH00105410,Financially Healthy but Disengaged,55,Nữ,Chuyên viên công nghệ màu sắc,Hà Nội,Khỏe mạnh,Tương tác cao,161985000.0,641300000.0,1821666.6666666667,61.666666666666664,25.833333333333332
KH00105445,Low Engagement & Financially Vulnerable,46,Nữ,Chuyên viên nghiên cứu xã hội,Quảng Ninh,Ổn định,Tương tác cao,629523333.3333334,1572900000.0,1452086.75,304.5,30.333333333333332
KH00105485,Low Engagement & Financially Vulnerable,80,Nữ,Chuyên viên sinh lý vận động,Lâm Đồng,Ổn định,Tương tác cao,256422500.0,724700000.0,1705670.8333333333,122.25,29.333333333333332
KH00105490,Financially Healthy & Highly Engaged,33,Nữ,Kiểm lâm,Thành phố Hồ Chí Minh,Ổn định,Tương tác cao,428834166.6666667,2189700000.0,2133736.6666666665,121.58333333333333,29.666666666666668
KH00105525,Low Engagement & Financially Vulnerable,34,Nữ,Nhà khảo cổ học,Thanh Hóa,Ổn định,Tương tác cao,300612500.0,1001700000.0,1394129.9166666667,183.08333333333334,30.0
KH00105530,Essential-Spend-Focused Customers,35,Nữ,Quản lý công ty du lịch,Hưng Yên,Ổn định,Tương tác cao,295758333.3333333,1441100000.0,1348558.8333333333,122.66666666666667,29.0
KH00105570,Financially Healthy but Disengaged,57,Nam,Kỹ sư hóa học,Cần Thơ,Ổn định,Tương tác cao,162714166.66666666,680700000.0,1812026.4166666667,61.666666666666664,25.333333333333332
KH00105605,Financially Healthy & Highly Engaged,45,Nữ,Nhà khoa học biển,Cần Thơ,Ổn định,Tương tác cao,1196183333.3333333,4004100000.0,2256979.4166666665,303.9166666666667,30.416666666666668
KH00105610,Low Engagement & Financially Vulnerable,56,Nam,Nghệ sĩ,Hà Nội,Ổn định,Tương tác cao,133991666.66666667,428100000.0,1727479.75,61.5,24.833333333333332
KH00105645,Financially Stretched but Highly Engaged,26,Nữ,Giảng viên công nghệ thông tin,Quảng Ninh,Khỏe mạnh,Tương tác cao,558481666.6666666,1538800000.0,1420787.25,243.5,30.333333333333332
KH00105650,Low Engagement & Financially Vulnerable,69,Nam,Nhân viên giao dịch,Phú Thọ,Ổn định,Tương tác cao,185435833.33333334,925100000.0,1549014.9166666667,122.41666666666667,29.333333333333332
KH00105685,Financially Healthy & Highly Engaged,23,Nam,Kỹ sư vật liệu,Phú Thọ,Khỏe mạnh,Tương tác cao,684043333.3333334,3072400000.0,1197419.9166666667,303.6666666666667,30.25
KH00105690,Low Engagement & Financially Vulnerable,80,Nữ,Chuyên viên khảo sát khoáng sản,Lâm Đồng,Ổn định,Tương tác cao,332185833.3333333,1288300000.0,1631741.9166666667,183.58333333333334,30.083333333333332
KH00105725,Financially Healthy but Disengaged,53,Nam,Luật sư sáng chế,Nghệ An,Khỏe mạnh,Tương tác trung bình,195489166.66666666,886600000.0,1981800.5,61.916666666666664,25.333333333333332
KH00105730,Financially Healthy & Highly Engaged,42,Nam,Chuyên viên giám định tổn thất công chứng,Hà Nội,Ổn định,Tương tác cao,998798333.3333334,3850000000.0,2467492.5,243.5,30.333333333333332
KH00105765,Financially Stretched but Highly Engaged,36,Nữ,Kỹ thuật viên phòng thí nghiệm,Thanh Hóa,Ổn định,Tương tác cao,197260833.33333334,712000000.0,1492007.8333333333,122.25,29.5
KH00105805,Low Engagement & Financially Vulnerable,40,Nam,Trợ lý phát thanh,Tuyên Quang,Ổn định,Tương tác cao,545381666.6666666,1602600000.0,2377602.4166666665,182.83333333333334,30.416666666666668
KH00105810,Low Engagement & Financially Vulnerable,39,Nam,Nhà thiết kế nội thất,Tây Ninh,Ổn định,Tương tác cao,108328333.33333333,512200000.0,1484420.0,61.666666666666664,25.75
KH00105845,Low Engagement & Financially Vulnerable,65,Nữ,Nhà văn khoa học,Hà Nội,Có dấu hiệu căng thẳng tài chính,Tương tác rất cao,121739166.66666667,551400000.0,1720304.0,61.583333333333336,25.5
KH00105850,Emerging Digital Customers,51,Nữ,Kỹ thuật viên y tế,Đồng Tháp,Cần theo dõi,Tương tác rất cao,130814166.66666667,379500000.0,1659359.8333333333,61.666666666666664,25.25
KH00105885,Essential-Spend-Focused Customers,55,Nữ,Chuyên viên thẩm định bảo hiểm,Tuyên Quang,Ổn định,Tương tác rất cao,410976666.6666667,1794700000.0,1503807.25,182.5,30.25
KH00105890,Financially Healthy but Disengaged,37,Nam,Kỹ sư phát thanh truyền hình,Cần Thơ,Ổn định,Tương tác cao,276660833.3333333,1381600000.0,2397887.0833333335,61.25,24.75
KH00105925,Financially Healthy & Highly Engaged,33,Nam,Giám đốc chiến lược,Vĩnh Long,Khỏe mạnh,Tương tác rất cao,850250833.3333334,2297900000.0,1361427.25,243.58333333333334,30.25
KH00105930,Low Engagement & Financially Vulnerable,28,Nam,Cán bộ thủy sản,An Giang,Ổn định,Tương tác cao,513800000.0,1868500000.0,2435658.0833333335,182.75,30.166666666666668
KH00105970,Financially Healthy but Disengaged,79,Nữ,Kỹ sư vật liệu,Đồng Nai,Khỏe mạnh,Tương tác cao,186100000.0,825800000.0,1677636.1666666667,61.833333333333336,25.25
KH00106005,Financially Healthy & Highly Engaged,17,Nam,Chuyên viên khảo sát bất động sản,Thành phố Hồ Chí Minh,Ổn định,Tương tác rất cao,809340000.0,3654800000.0,1820715.25,303.5833333333333,30.416666666666668
KH00106010,Financially Healthy but Disengaged,81,Nữ,Kỹ thuật viên kế toán,Đồng Nai,Có dấu hiệu căng thẳng tài chính,Tương tác rất cao,201723333.33333334,985000000.0,1981242.4166666667,61.833333333333336,26.166666666666668
KH00106045,Essential-Spend-Focused Customers,57,Nam,Kỹ sư kết cấu,Lào Cai,Ổn định,Tương tác cao,130900000.0,425900000.0,1472874.0833333333,61.5,24.916666666666668
KH00106050,Financially Healthy but Disengaged,52,Nam,Kỹ sư viễn thông,Gia Lai,Ổn định,Tương tác cao,143010833.33333334,475500000.0,1499421.0,61.833333333333336,25.916666666666668
KH00106090,Financially Stretched but Highly Engaged,43,Nữ,Giáo viên tiếng anh,Cần Thơ,Ổn định,Tương tác rất cao,418602500.0,1410100000.0,2285289.0833333335,122.41666666666667,29.25
KH00106125,Financially Stretched but Highly Engaged,48,Nữ,Giáo viên mầm non,Quảng Trị,Cần theo dõi,Tương tác cao,508000833.3333333,1274700000.0,1431647.5833333333,304.0833333333333,30.416666666666668
KH00106165,Financially Healthy but Disengaged,68,Nữ,Nhà báo tạp chí,Thành phố Hồ Chí Minh,Ổn định,Tương tác cao,168610833.33333334,613400000.0,1882425.5833333333,62.0,25.916666666666668
KH00106170,Financially Stretched but Highly Engaged,21,Nam,Kế toán công tài chính công,Hải Phòng,Ổn định,Tương tác cao,723763333.3333334,2735900000.0,1288976.6666666667,363.6666666666667,30.333333333333332
KH00106245,Financially Healthy & Highly Engaged,36,Nam,Bác sĩ đo mắt,Nghệ An,Ổn định,Tương tác rất cao,426575833.3333333,1524000000.0,1541251.0,122.41666666666667,29.333333333333332
KH00106250,Financially Healthy but Disengaged,64,Nữ,Luật sư tranh tụng,Phú Thọ,Khỏe mạnh,Tương tác rất cao,979130833.3333334,2834100000.0,1592621.75,243.0,30.25
KH00106290,Financially Stretched but Highly Engaged,54,Nam,Nhà thiết kế trang sức,Ninh Bình,Ổn định,Tương tác rất cao,372496666.6666667,1254400000.0,1562280.0833333333,182.75,30.166666666666668
KH00106325,Financially Healthy & Highly Engaged,58,Nam,Nhà tâm lý học lâm sàng,Hưng Yên,Ổn định,Tương tác rất cao,412205833.3333333,1838400000.0,1560890.9166666667,183.33333333333334,30.166666666666668
KH00106365,Financially Stretched but Highly Engaged,87,Nam,Chuyên viên trang điểm,Thành phố Hồ Chí Minh,Ổn định,Tương tác cao,427965000.0,1427500000.0,1656980.6666666667,183.0,30.083333333333332
KH00106405,Financially Healthy but Disengaged,37,Nam,Bác sĩ ung bướu,Cà Mau,Ổn định,Tương tác rất cao,259011666.66666666,1102300000.0,2287812.3333333335,61.5,25.166666666666668
KH00106410,Financially Healthy & Highly Engaged,44,Nữ,Chuyên viên giám định tổn thất công chứng,Đồng Tháp,Ổn định,Tương tác rất cao,1113068333.3333333,5280200000.0,2135629.5833333335,364.5,30.333333333333332
KH00106445,Essential-Spend-Focused Customers,73,Nữ,Nhân viên cứu trợ quốc tế,Đà Nẵng,Ổn định,Tương tác cao,92659166.66666667,329000000.0,1358809.75,61.083333333333336,25.25
KH00106450,Low Engagement & Financially Vulnerable,55,Nam,Chuyên viên thu mua bán lẻ,Hưng Yên,Ổn định,Tương tác cao,414292500.0,1831400000.0,1693066.25,182.58333333333334,30.083333333333332
KH00106485,Financially Stretched but Highly Engaged,36,Nữ,Chuyên viên nghiên cứu chính trị,Gia Lai,Ổn định,Tương tác cao,623344166.6666666,2595200000.0,1327543.75,365.0833333333333,30.416666666666668
KH00106525,Low Engagement & Financially Vulnerable,50,Nam,Nghệ nhân thổi thủy tinh,Thành phố Hồ Chí Minh,Ổn định,Tương tác cao,190652500.0,695600000.0,2455939.3333333335,61.833333333333336,24.5
KH00106530,Low Engagement & Financially Vulnerable,72,Nam,Tiếp viên hàng không,Đồng Nai,Ổn định,Tương tác cao,269285000.0,1238000000.0,1861910.0,121.91666666666667,29.166666666666668
KH00106565,Financially Healthy & Highly Engaged,21,Nam,Nhà giao dịch hợp đồng tương lai,Gia Lai,Ổn định,Tương tác cao,627401666.6666666,2738800000.0,1295133.9166666667,305.0833333333333,30.333333333333332
KH00106570,Emerging Digital Customers,16,Nữ,Giảng viên đại học,Thành phố Hồ Chí Minh,Ổn định,Tương tác cao,274750833.3333333,739100000.0,1904412.5833333333,61.666666666666664,24.583333333333332
KH00106605,Financially Healthy & Highly Engaged,89,Nữ,Chuyên viên chăm sóc bàn chân,Hải Phòng,Ổn định,Tương tác rất cao,493171666.6666667,2194600000.0,1707656.4166666667,182.58333333333334,30.333333333333332
KH00106610,Financially Healthy but Disengaged,63,Nam,Nhà địa chất công trình,Thành phố Hồ Chí Minh,Ổn định,Tương tác rất cao,352283333.3333333,1470000000.0,1679268.8333333333,122.16666666666667,28.5
KH00106645,Financially Healthy but Disengaged,46,Nam,Nhà độc chất học,Bắc Ninh,Ổn định,Tương tác cao,819367500.0,3579500000.0,2415341.5,243.08333333333334,30.333333333333332
KH00106650,Financially Healthy & Highly Engaged,29,Nữ,Quản lý công viên giải trí,Thành phố Hồ Chí Minh,Khỏe mạnh,Tương tác cao,683913333.3333334,3369400000.0,2253038.0833333335,182.58333333333334,30.0
KH00106685,Financially Healthy but Disengaged,35,Nam,Quản lý hoạt động ngoài trời,Cần Thơ,Ổn định,Tương tác cao,527068333.3333333,2289800000.0,2386572.1666666665,122.16666666666667,29.416666666666668
KH00106690,Financially Healthy but Disengaged,90,Nữ,Nhà thiết kế dệt may,Lào Cai,Ổn định,Tương tác cao,124309166.66666667,452900000.0,1582691.5833333333,61.25,25.333333333333332
KH00106725,Financially Stretched but Highly Engaged,65,Nam,Thủ thư học thuật,Đắk Lắk,Ổn định,Tương tác rất cao,467427500.0,1659100000.0,1513868.25,243.25,30.25
KH00106730,Financially Healthy but Disengaged,67,Nam,Chuyên viên phôi học lâm sàng,Tuyên Quang,Ổn định,Tương tác cao,134401666.66666666,465700000.0,1400514.4166666667,61.166666666666664,26.083333333333332
KH00106765,Financially Stretched but Highly Engaged,65,Nam,Người hướng dẫn học tập,Thành phố Hồ Chí Minh,Ổn định,Tương tác cao,402344166.6666667,1164700000.0,1650392.5,182.91666666666666,30.083333333333332
KH00106770,Financially Stretched but Highly Engaged,51,Nữ,Nhà di truyền tế bào học,Hà Nội,Ổn định,Tương tác cao,522585833.3333333,1345200000.0,1536214.25,242.91666666666666,30.333333333333332
KH00106805,Financially Stretched but Highly Engaged,31,Nữ,Chuyên viên dựng phim,Đồng Tháp,Ổn định,Tương tác rất cao,718750000.0,2764500000.0,1384466.0833333333,365.0833333333333,30.416666666666668
KH00106810,Low Engagement & Financially Vulnerable,43,Nam,Chuyên viên khảo sát khoáng sản,Lào Cai,Có dấu hiệu căng thẳng tài chính,Tương tác cao,117684166.66666667,336900000.0,2014287.25,61.666666666666664,25.916666666666668
KH00106845,Financially Stretched but Highly Engaged,36,Nam,Nhà hóa sinh lâm sàng,Cà Mau,Ổn định,Tương tác rất cao,457318333.3333333,1137000000.0,2333362.0833333335,182.41666666666666,30.333333333333332
KH00106850,Emerging Digital Customers,53,Nam,Chuyên viên nghiên cứu chính trị,Đồng Nai,Cần theo dõi,Tương tác rất cao,113864166.66666667,287900000.0,1791605.1666666667,61.833333333333336,25.916666666666668
KH00106885,Financially Healthy but Disengaged,58,Nữ,Kỹ sư bảo trì,Lâm Đồng,Khỏe mạnh,Tương tác cao,398625000.0,1410400000.0,1705331.5833333333,122.33333333333333,29.416666666666668
KH00106925,Financially Healthy & Highly Engaged,43,Nam,Nhà khoa học nghiên cứu khoa học tự nhiên,Đồng Nai,Ổn định,Tương tác cao,246330000.0,824300000.0,1404255.5,122.25,29.75
KH00106930,Essential-Spend-Focused Customers,58,Nữ,Nhà khoa học nghiên cứu y học,Cà Mau,Ổn định,Tương tác cao,314171666.6666667,1402200000.0,1556089.3333333333,121.83333333333333,29.333333333333332
KH00106965,Financially Stretched but Highly Engaged,61,Nam,Sĩ quan huấn luyện quân đội,Phú Thọ,Ổn định,Tương tác cao,399730000.0,2010000000.0,1538933.9166666667,243.25,30.333333333333332
KH00106970,Financially Healthy but Disengaged,70,Nữ,Chuyên viên ngân hàng đầu tư doanh nghiệp,Lâm Đồng,Ổn định,Tương tác cao,313272500.0,1494700000.0,1791842.9166666667,122.08333333333333,29.583333333333332
KH00107005,Financially Healthy but Disengaged,53,Nam,Kỹ sư vật liệu,Tuyên Quang,Khỏe mạnh,Tương tác trung bình,209867500.0,960900000.0,1665592.9166666667,61.583333333333336,25.333333333333332
KH00107010,Financially Healthy but Disengaged,82,Nam,Kỹ sư năng lượng,Đắk Lắk,Ổn định,Tương tác cao,366689166.6666667,934400000.0,1703105.9166666667,121.75,29.166666666666668
KH00107045,Low Engagement & Financially Vulnerable,57,Nam,Thư ký y khoa,Quảng Ninh,Ổn định,Tương tác cao,134838333.33333334,463100000.0,1753621.4166666667,61.583333333333336,26.166666666666668
KH00107050,Emerging Digital Customers,47,Nam,Chuyên viên nghiên cứu thị trường,Khánh Hòa,Ổn định,Tương tác cao,107526666.66666667,474200000.0,1570823.5833333333,61.583333333333336,26.083333333333332
KH00107085,Financially Stretched but Highly Engaged,49,Nữ,Nhà vật lý y tế,Lâm Đồng,Ổn định,Tương tác rất cao,1149315000.0,3850900000.0,2334436.3333333335,364.5,30.416666666666668
KH00107090,Low Engagement & Financially Vulnerable,56,Nam,Chuyên viên quan hệ công chúng,Quảng Trị,Ổn định,Tương tác cao,114609166.66666667,373100000.0,1566574.75,61.083333333333336,25.25
KH00107125,Low Engagement & Financially Vulnerable,29,Nam,Chuyên viên quy hoạch giao thông,Quảng Ngãi,Ổn định,Tương tác cao,370743333.3333333,1343400000.0,2463282.75,122.25,29.916666666666668
KH00107130,Financially Healthy but Disengaged,58,Nữ,Nhà khoa học y sinh,Thành phố Hồ Chí Minh,Ổn định,Tương tác cao,373169166.6666667,1349500000.0,1745524.6666666667,122.25,29.5
KH00107165,Financially Healthy & Highly Engaged,22,Nam,Quản lý công ty du lịch,Đồng Nai,Cần theo dõi,Tương tác rất cao,664623333.3333334,2440200000.0,1259875.5,304.6666666666667,30.25
KH00107170,Financially Stretched but Highly Engaged,62,Nữ,Nhà sản xuất phát thanh,Đà Nẵng,Ổn định,Tương tác cao,462184166.6666667,1823700000.0,1575712.8333333333,243.91666666666666,30.416666666666668
KH00107205,Financially Healthy & Highly Engaged,26,Nam,Kỹ sư y sinh,Lâm Đồng,Ổn định,Tương tác cao,678246666.6666666,2043200000.0,1526444.0833333333,243.33333333333334,30.416666666666668
KH00107210,Financially Healthy but Disengaged,46,Nam,Cán bộ quản lý thị trường,Đồng Tháp,Khỏe mạnh,Tương tác cao,835011666.6666666,2924100000.0,2441477.5,183.08333333333334,29.916666666666668
KH00107245,Financially Healthy but Disengaged,53,Nam,Phó giáo sư,Sơn La,Ổn định,Tương tác cao,166709166.66666666,470400000.0,1672574.5,61.166666666666664,25.25
KH00107250,Financially Stretched but Highly Engaged,30,Nữ,Chuyên viên kinh doanh công nghệ thông tin,Sơn La,Cần theo dõi,Tương tác rất cao,416652500.0,1991500000.0,1516286.0833333333,243.83333333333334,30.416666666666668
KH00107285,Low Engagement & Financially Vulnerable,51,Nữ,Lập trình viên hệ thống,Cao Bằng,Ổn định,Tương tác cao,282629166.6666667,856800000.0,1515701.25,122.0,28.666666666666668
KH00107290,Financially Healthy & Highly Engaged,19,Nữ,Người phụ trách bảo tàng,Thành phố Hồ Chí Minh,Khỏe mạnh,Tương tác cao,431065000.0,1926400000.0,1435312.3333333333,183.5,29.333333333333332
KH00107325,Financially Healthy & Highly Engaged,31,Nữ,Kỹ sư điện tử,Nghệ An,Ổn định,Tương tác rất cao,910385000.0,2807000000.0,1419322.5833333333,365.0,30.416666666666668
KH00107330,Financially Stretched but Highly Engaged,16,Nữ,Giáo viên trung học,Đồng Nai,Ổn định,Tương tác rất cao,589267500.0,2119700000.0,1262108.5833333333,305.3333333333333,30.333333333333332
KH00107365,Essential-Spend-Focused Customers,55,Nam,Kỹ sư xây dựng tư vấn,Thành phố Hồ Chí Minh,Ổn định,Tương tác cao,167253333.33333334,510500000.0,1575625.0,61.166666666666664,24.833333333333332
KH00107405,Financially Healthy but Disengaged,30,Nam,Chuyên viên tư vấn tài chính,Vĩnh Long,Ổn định,Tương tác cao,205225833.33333334,809900000.0,2482646.0,61.416666666666664,25.5
KH00107410,Financially Stretched but Highly Engaged,39,Nữ,Nhà thầu,Thành phố Hồ Chí Minh,Ổn định,Tương tác rất cao,1016640000.0,4513500000.0,2139006.3333333335,363.8333333333333,30.416666666666668
KH00107445,Essential-Spend-Focused Customers,28,Nữ,Kỹ sư vật liệu,Hải Phòng,Khỏe mạnh,Tương tác cao,161565000.0,559400000.0,1378804.9166666667,60.916666666666664,26.083333333333332
KH00107450,Financially Healthy & Highly Engaged,37,Nữ,Kỹ sư y sinh,Ninh Bình,Ổn định,Tương tác rất cao,937955833.3333334,3104200000.0,2325062.0,243.5,30.416666666666668
KH00107485,Financially Healthy but Disengaged,91,Nam,Chuyên viên thu mua công nghiệp,Hưng Yên,Khỏe mạnh,Tương tác cao,143356666.66666666,487500000.0,1626754.8333333333,61.333333333333336,25.583333333333332
KH00107490,Essential-Spend-Focused Customers,52,Nam,Nhà tâm lý học tư vấn,Thái Nguyên,Ổn định,Tương tác cao,135588333.33333334,594100000.0,1622156.9166666667,61.25,24.583333333333332
KH00107525,Low Engagement & Financially Vulnerable,26,Nữ,Chuyên viên trưng bày sản phẩm,Thái Nguyên,Ổn định,Tương tác cao,234495000.0,1175800000.0,1473059.9166666667,122.5,29.416666666666668
KH00107530,Financially Healthy but Disengaged,45,Nam,Giảng viên công nghệ thông tin,Đồng Tháp,Khỏe mạnh,Tương tác cao,291180000.0,1284400000.0,2319824.9166666665,61.416666666666664,25.083333333333332
KH00107565,Low Engagement & Financially Vulnerable,56,Nam,Quản lý tổng đài,Nghệ An,Ổn định,Tương tác cao,129901666.66666667,456000000.0,1948040.5833333333,61.083333333333336,24.416666666666668
KH00107570,Financially Healthy but Disengaged,63,Nữ,Quản lý sản xuất,Thanh Hóa,Ổn định,Tương tác cao,162111666.66666666,667800000.0,1734738.0833333333,61.5,25.75
KH00107605,Financially Stretched but Highly Engaged,54,Nam,Biên tập viên chuyên đề tạp chí,Thành phố Hồ Chí Minh,Ổn định,Tương tác rất cao,527373333.3333333,1950000000.0,1646608.9166666667,243.41666666666666,30.333333333333332
KH00107610,Emerging Digital Customers,59,Nữ,Cán bộ giáo dục bảo tàng,Khánh Hòa,Cần theo dõi,Tương tác cao,126569166.66666667,447700000.0,1970629.75,61.75,24.833333333333332
KH00107645,Essential-Spend-Focused Customers,42,Nữ,Chuyên viên trắc địa,Đồng Tháp,Ổn định,Tương tác rất cao,247134166.66666666,732100000.0,1439337.5833333333,121.66666666666667,29.333333333333332
KH00107650,Financially Healthy & Highly Engaged,35,Nữ,Kỹ sư kết cấu,Đồng Nai,Ổn định,Tương tác rất cao,1614900833.3333333,7436500000.0,2252228.0833333335,365.0,30.416666666666668
KH00107685,Financially Stretched but Highly Engaged,50,Nữ,Chuyên viên cây xanh cảnh quan,Đà Nẵng,Ổn định,Tương tác rất cao,447950000.0,1537200000.0,1454869.9166666667,243.16666666666666,30.416666666666668
KH00107690,Low Engagement & Financially Vulnerable,57,Nam,Nhà văn khoa học,Thanh Hóa,Ổn định,Tương tác cao,299679166.6666667,1378100000.0,1951485.8333333333,122.08333333333333,29.5
KH00107725,Financially Stretched but Highly Engaged,22,Nam,Thủ thư thư viện công cộng,An Giang,Cần theo dõi,Tương tác rất cao,347675000.0,1246000000.0,1403105.1666666667,182.83333333333334,29.916666666666668
KH00107730,Financially Healthy & Highly Engaged,36,Nữ,Chuyên viên nắn chỉnh xương,Thành phố Hồ Chí Minh,Ổn định,Tương tác cao,1106457500.0,5265200000.0,2287476.25,304.25,30.416666666666668
KH00107765,Financially Stretched but Highly Engaged,26,Nam,Cán bộ hành chính địa phương,Cà Mau,Cần theo dõi,Tương tác cao,309930833.3333333,1558800000.0,2505978.0833333335,122.41666666666667,29.75
KH00107770,Financially Healthy & Highly Engaged,46,Nam,Chuyên viên công nghệ dệt may,Sơn La,Ổn định,Tương tác cao,628109166.6666666,2952800000.0,2408671.1666666665,183.0,30.25
KH00107805,Financially Stretched but Highly Engaged,23,Nữ,Giáo viên mầm non,Cần Thơ,Ổn định,Tương tác rất cao,533113333.3333333,2701800000.0,1855048.5833333333,243.58333333333334,30.25
KH00107845,Financially Stretched but Highly Engaged,36,Nam,Phóng viên ảnh,Sơn La,Cần theo dõi,Tương tác rất cao,742951666.6666666,3103300000.0,1623386.25,304.4166666666667,30.416666666666668
KH00107850,Financially Stretched but Highly Engaged,48,Nữ,Nhân viên cứu trợ quốc tế,Lâm Đồng,Ổn định,Tương tác cao,558135833.3333334,1430700000.0,1555909.25,305.0,30.416666666666668
KH00107885,Financially Healthy & Highly Engaged,45,Nữ,Nhà khoa học thính học,Thành phố Hồ Chí Minh,Ổn định,Tương tác rất cao,1760517500.0,6467900000.0,2248238.1666666665,364.3333333333333,30.416666666666668
KH00107925,Financially Stretched but Highly Engaged,33,Nam,Nhà thiết kế bối cảnh,Hà Tĩnh,Ổn định,Tương tác cao,347005833.3333333,893300000.0,1454831.0,182.41666666666666,30.416666666666668
KH00107930,Emerging Digital Customers,85,Nữ,Quản lý thu mua,Tây Ninh,Ổn định,Tương tác cao,151480833.33333334,681800000.0,1808636.9166666667,61.5,25.75
KH00107965,Financially Healthy but Disengaged,85,Nam,Thư ký luật sư tranh tụng,Hải Phòng,Ổn định,Tương tác cao,423876666.6666667,1689600000.0,1891614.8333333333,122.33333333333333,29.083333333333332
KH00107970,Financially Stretched but Highly Engaged,61,Nữ,Chuyên viên trang điểm,Quảng Trị,Ổn định,Tương tác rất cao,428070000.0,1919400000.0,1546800.5,243.5,30.416666666666668
KH00108005,Low Engagement & Financially Vulnerable,56,Nam,Giáo viên tiếng anh,Hà Tĩnh,Ổn định,Tương tác rất cao,104946666.66666667,415500000.0,1582067.8333333333,61.583333333333336,24.833333333333332
KH00108010,Low Engagement & Financially Vulnerable,63,Nam,Quản lý trường quay,Hưng Yên,Ổn định,Tương tác cao,147810833.33333334,379600000.0,1584379.5,60.75,25.0
KH00108045,Financially Healthy & Highly Engaged,27,Nam,Nhà khoa học nghiên cứu toán học,Đồng Tháp,Ổn định,Tương tác rất cao,924105833.3333334,3918900000.0,1541202.75,304.5,30.416666666666668
KH00108050,Financially Stretched but Highly Engaged,32,Nữ,Người quay phim,Đồng Nai,Ổn định,Tương tác cao,827227500.0,2297100000.0,1484069.1666666667,364.5833333333333,30.333333333333332
KH00108085,Financially Stretched but Highly Engaged,47,Nam,Nhân viên tư vấn hỗ trợ,Điện Biên,Ổn định,Tương tác rất cao,397732500.0,1629500000.0,1504488.9166666667,242.41666666666666,30.416666666666668
KH00108090,Financially Healthy but Disengaged,68,Nữ,Chuyên viên xử lý bồi thường bảo hiểm,An Giang,Ổn định,Tương tác cao,269460000.0,947100000.0,1558321.8333333333,122.08333333333333,29.166666666666668
KH00108125,Low Engagement & Financially Vulnerable,27,Nam,Chuyên viên phục chế đồ gỗ,Vĩnh Long,Ổn định,Tương tác cao,304895000.0,933600000.0,1532401.75,121.83333333333333,29.166666666666668
KH00108130,Financially Healthy but Disengaged,63,Nam,Nhà khoa học y sinh,Hải Phòng,Ổn định,Tương tác cao,205201666.66666666,924700000.0,1647310.0833333333,61.5,25.833333333333332
KH00108165,Financially Healthy & Highly Engaged,27,Nữ,Kỹ sư hệ thống sản xuất,Cần Thơ,Ổn định,Tương tác rất cao,529037500.0,2569500000.0,2526373.1666666665,122.66666666666667,29.583333333333332
KH00108170,Financially Stretched but Highly Engaged,50,Nữ,Thủ thư thư viện công cộng,Điện Biên,Ổn định,Tương tác rất cao,734587500.0,2183900000.0,2200474.75,304.1666666666667,30.416666666666668
KH00108205,Financially Healthy & Highly Engaged,35,Nam,Quản lý di sản,An Giang,Ổn định,Tương tác cao,663557500.0,2762400000.0,1565870.75,243.41666666666666,30.416666666666668
KH00108210,Emerging Digital Customers,25,Nam,Chuyên viên trắc địa,Thành phố Hồ Chí Minh,Có dấu hiệu căng thẳng tài chính,Tương tác trung bình,127370000.0,335600000.0,1751736.25,61.5,25.166666666666668
KH00108245,Low Engagement & Financially Vulnerable,50,Nam,Chuyên viên biên tập nội dung,Thành phố Hồ Chí Minh,Khỏe mạnh,Tương tác trung bình,148965000.0,478000000.0,2155285.9166666665,61.166666666666664,25.916666666666668
KH00108250,Essential-Spend-Focused Customers,88,Nữ,Chuyên viên giám định rủi ro bảo hiểm,Cao Bằng,Ổn định,Tương tác cao,206426666.66666666,656200000.0,1498362.75,122.58333333333333,29.25
KH00108285,Essential-Spend-Focused Customers,94,Nam,Quản lý cơ sở vật chất,Vĩnh Long,Ổn định,Tương tác cao,659110833.3333334,2639900000.0,1517578.0,243.66666666666666,30.333333333333332
KH00108290,Low Engagement & Financially Vulnerable,71,Nam,Nhà chọn giống cây trồng,Hà Nội,Ổn định,Tương tác cao,313519166.6666667,1276200000.0,2104234.0,122.16666666666667,29.166666666666668
KH00108325,Emerging Digital Customers,44,Nữ,Công chức hành chính,Phú Thọ,Ổn định,Tương tác cao,167572500.0,766600000.0,2140323.5,61.583333333333336,26.083333333333332
KH00108330,Low Engagement & Financially Vulnerable,66,Nam,Nhà địa chất công trình,Lào Cai,Khỏe mạnh,Tương tác cao,120858333.33333333,417300000.0,1626386.6666666667,61.416666666666664,25.333333333333332
KH00108365,Financially Stretched but Highly Engaged,15,Nam,Quản lý cơ sở vật chất,Đồng Nai,Ổn định,Tương tác rất cao,644558333.3333334,2193800000.0,1759177.5,243.5,30.333333333333332
KH00108370,Low Engagement & Financially Vulnerable,29,Nam,Chuyên viên trị liệu nghề nghiệp,Bắc Ninh,Có dấu hiệu căng thẳng tài chính,Tương tác cao,119291666.66666667,412400000.0,1650062.4166666667,61.5,24.833333333333332
KH00108405,Low Engagement & Financially Vulnerable,52,Nam,Kỹ thuật viên chẩn đoán hình ảnh,Đồng Tháp,Ổn định,Tương tác cao,409300833.3333333,1451600000.0,1590488.8333333333,183.16666666666666,30.0
KH00108410,Financially Healthy & Highly Engaged,33,Nữ,Kỹ sư dầu khí,Thành phố Hồ Chí Minh,Ổn định,Tương tác rất cao,1451355000.0,5030500000.0,2188955.1666666665,365.25,30.416666666666668
KH00108445,Emerging Digital Customers,70,Nữ,Chuyên viên phục chế bảo tàng,Hà Nội,Ổn định,Tương tác rất cao,166708333.33333334,737100000.0,1686047.5833333333,61.916666666666664,25.916666666666668
KH00108450,Financially Healthy & Highly Engaged,49,Nữ,Chuyên viên phân tích tình báo,Hà Nội,Ổn định,Tương tác cao,1263811666.6666667,4817600000.0,2224789.8333333335,303.4166666666667,30.416666666666668
KH00108485,Financially Healthy but Disengaged,69,Nam,Kế toán viên tài chính công,Hà Nội,Khỏe mạnh,Tương tác cao,401906666.6666667,1641800000.0,1762791.3333333333,122.25,29.166666666666668
KH00108490,Financially Stretched but Highly Engaged,35,Nữ,Quản trị viên tổ chức từ thiện,Đắk Lắk,Ổn định,Tương tác rất cao,490432500.0,1500400000.0,2218334.0833333335,183.33333333333334,30.083333333333332
KH00108525,Financially Healthy & Highly Engaged,44,Nam,Bác sĩ đa khoa,Đồng Nai,Ổn định,Tương tác cao,411155000.0,1232600000.0,1677159.6666666667,121.91666666666667,29.833333333333332
KH00108530,Financially Stretched but Highly Engaged,36,Nữ,Chuyên viên kính thuốc,Phú Thọ,Ổn định,Tương tác rất cao,937612500.0,2799100000.0,2111377.0,303.6666666666667,30.416666666666668
KH00108565,Financially Stretched but Highly Engaged,17,Nam,Chuyên viên khảo sát nông thôn,Cần Thơ,Ổn định,Tương tác cao,303683333.3333333,1112200000.0,1403731.25,182.5,30.0
KH00108570,Financially Healthy but Disengaged,54,Nam,Quản trị viên giáo dục,Hà Nội,Có dấu hiệu căng thẳng tài chính,Tương tác rất cao,319880000.0,1040500000.0,1706492.1666666667,122.25,29.083333333333332
KH00108605,Financially Stretched but Highly Engaged,46,Nữ,Cán bộ quan hệ sắc tộc,Đồng Nai,Ổn định,Tương tác cao,557295833.3333334,2346400000.0,1433425.4166666667,303.8333333333333,30.416666666666668
KH00108610,Low Engagement & Financially Vulnerable,44,Nữ,Giáo viên mầm non,Đồng Tháp,Khỏe mạnh,Tương tác cao,253583333.33333334,1019600000.0,1458806.6666666667,122.41666666666667,29.416666666666668
KH00108645,Financially Healthy but Disengaged,68,Nam,Bác sĩ đa khoa,Thành phố Hồ Chí Minh,Khỏe mạnh,Tương tác cao,486165833.3333333,2095500000.0,1640771.4166666667,121.66666666666667,29.583333333333332
KH00108650,Financially Healthy but Disengaged,91,Nữ,Cán bộ ứng phó khẩn cấp,Thành phố Hồ Chí Minh,Ổn định,Tương tác cao,135603333.33333334,517600000.0,1568562.4166666667,61.666666666666664,25.166666666666668
KH00108685,Financially Healthy but Disengaged,71,Nam,Lập trình viên đa phương tiện,Cần Thơ,Ổn định,Tương tác rất cao,367270000.0,1528800000.0,1585031.4166666667,121.5,28.666666666666668
KH00108690,Financially Healthy & Highly Engaged,50,Nam,Lập trình viên đa phương tiện,Hà Nội,Ổn định,Tương tác rất cao,501296666.6666667,1912700000.0,1573297.3333333333,183.25,30.083333333333332
KH00108725,Financially Healthy & Highly Engaged,54,Nam,Quản lý di sản,Bắc Ninh,Ổn định,Tương tác rất cao,425493333.3333333,1972300000.0,1703747.5,183.16666666666666,30.166666666666668
KH00108730,Financially Stretched but Highly Engaged,35,Nữ,Điều dưỡng khuyết tật học tập,Sơn La,Ổn định,Tương tác rất cao,996986666.6666666,4790800000.0,2315981.25,364.9166666666667,30.416666666666668
KH00108765,Financially Stretched but Highly Engaged,20,Nữ,Nhà thiết kế gốm sứ,Đà Nẵng,Ổn định,Tương tác rất cao,877031666.6666666,4200000000.0,1794656.5,364.6666666666667,30.416666666666668
KH00108805,Financially Healthy & Highly Engaged,39,Nam,Cán bộ quản lý thị trường,Đắk Lắk,Khỏe mạnh,Tương tác cao,561528333.3333334,2111400000.0,2325118.8333333335,122.33333333333333,29.583333333333332
KH00108810,Low Engagement & Financially Vulnerable,33,Nam,Kiểm soát viên tài chính,Cần Thơ,Có dấu hiệu căng thẳng tài chính,Tương tác rất cao,116401666.66666667,320100000.0,1658103.8333333333,61.5,25.333333333333332
KH00108845,Financially Stretched but Highly Engaged,50,Nữ,Chuyên viên trị liệu thảo dược,Thái Nguyên,Ổn định,Tương tác rất cao,821144166.6666666,2493700000.0,2173601.9166666665,304.0,30.416666666666668
KH00108850,Financially Healthy but Disengaged,50,Nam,Chuyên viên kính thuốc,Thành phố Hồ Chí Minh,Cần theo dõi,Tương tác cao,482710000.0,2149100000.0,1693265.4166666667,182.66666666666666,30.166666666666668
KH00108885,Essential-Spend-Focused Customers,78,Nam,Cán bộ giáo dục bảo tàng,Bắc Ninh,Cần theo dõi,Tương tác cao,189941666.66666666,519700000.0,1487588.0833333333,122.66666666666667,29.083333333333332
KH00108890,Financially Stretched but Highly Engaged,72,Nữ,Nhà thiết kế gốm sứ,Hải Phòng,Ổn định,Tương tác cao,506825000.0,2287800000.0,1542482.0,243.58333333333334,30.416666666666668
KH00108925,Financially Stretched but Highly Engaged,36,Nam,Kỹ thuật viên phân tích mẫu khoan,Thành phố Hồ Chí Minh,Ổn định,Tương tác rất cao,410964166.6666667,1274500000.0,1495056.5833333333,182.41666666666666,30.25
KH00108930,Low Engagement & Financially Vulnerable,93,Nam,Nhà thiết kế triển lãm,An Giang,Ổn định,Tương tác cao,124795833.33333333,553000000.0,1799660.25,61.25,25.166666666666668
KH00108965,Financially Stretched but Highly Engaged,49,Nam,Cảnh sát,Đắk Lắk,Ổn định,Tương tác rất cao,757392500.0,3050600000.0,1629528.1666666667,303.9166666666667,30.416666666666668
KH00108970,Financially Stretched but Highly Engaged,44,Nữ,Chuyên viên nghiên cứu công đoàn,Hà Nội,Ổn định,Tương tác cao,512620000.0,1361100000.0,1380067.5,243.83333333333334,30.416666666666668
KH00109005,Financially Healthy but Disengaged,92,Nam,Chuyên viên thu mua bán lẻ,Đắk Lắk,Khỏe mạnh,Tương tác cao,160720000.0,573100000.0,1908731.25,61.416666666666664,24.833333333333332
KH00109010,Essential-Spend-Focused Customers,53,Nam,Kỹ thuật viên kế toán,Hà Nội,Ổn định,Tương tác rất cao,569910833.3333334,2807200000.0,1501797.75,243.33333333333334,30.25
KH00109045,Financially Stretched but Highly Engaged,34,Nam,Nhà trị liệu tâm lý qua chuyển động,Vĩnh Long,Ổn định,Tương tác cao,653346666.6666666,2050200000.0,2381016.75,243.5,30.333333333333332
KH00109085,Low Engagement & Financially Vulnerable,58,Nam,Cán bộ quản lý chất thải,Quảng Ninh,Cần theo dõi,Tương tác cao,449630833.3333333,2008100000.0,1883005.8333333333,182.75,30.25
KH00109090,Financially Stretched but Highly Engaged,77,Nam,Nhà thiết kế web,Cao Bằng,Cần theo dõi,Tương tác rất cao,343275000.0,1170900000.0,1538444.75,183.08333333333334,30.166666666666668
KH00109125,Low Engagement & Financially Vulnerable,72,Nam,Điều dưỡng sức khỏe tâm thần,Quảng Ninh,Ổn định,Tương tác cao,239220000.0,754400000.0,1611386.4166666667,121.75,29.333333333333332
KH00109130,Financially Healthy & Highly Engaged,47,Nữ,Nhà nghiên cứu bò sát,An Giang,Ổn định,Tương tác cao,541698333.3333334,2634400000.0,1475620.0833333333,243.91666666666666,30.166666666666668
KH00109165,Financially Healthy but Disengaged,51,Nam,Chuyên viên thẩm định bồi thường,Quảng Trị,Ổn định,Tương tác cao,270425833.3333333,1208300000.0,1634337.0,122.0,29.75
KH00109170,Financially Healthy & Highly Engaged,46,Nam,Quản lý trung tâm thông tin du lịch,Đồng Nai,Khỏe mạnh,Tương tác cao,1097780000.0,4153400000.0,2449255.5,243.33333333333334,30.416666666666668
KH00109205,Financially Healthy but Disengaged,59,Nam,Kỹ thuật viên xạ trị,Thành phố Hồ Chí Minh,Ổn định,Tương tác cao,338271666.6666667,1671000000.0,1656945.25,122.0,29.75
KH00109210,Low Engagement & Financially Vulnerable,38,Nữ,Nhà môi giới bảo hiểm,Lâm Đồng,Ổn định,Tương tác rất cao,716184166.6666666,2831200000.0,1401302.1666666667,364.8333333333333,30.416666666666668
KH00109245,Financially Stretched but Highly Engaged,35,Nam,Nhà thiết kế trang sức,Lào Cai,Ổn định,Tương tác cao,483925000.0,2321800000.0,1813093.9166666667,183.16666666666666,30.25
KH00109250,Financially Healthy but Disengaged,63,Nữ,Nhà khoa học sinh lý,Cà Mau,Ổn định,Tương tác cao,146508333.33333334,577400000.0,1674675.25,61.416666666666664,25.0
KH00109285,Financially Healthy & Highly Engaged,46,Nữ,Chuyên viên phân tích đầu tư,Hưng Yên,Ổn định,Tương tác rất cao,846468333.3333334,2540900000.0,1504252.5,304.5,30.333333333333332
KH00109290,Essential-Spend-Focused Customers,55,Nam,Chuyên viên giám định rủi ro bảo hiểm,Lâm Đồng,Ổn định,Tương tác cao,497362500.0,1519800000.0,1432087.4166666667,243.58333333333334,30.25
KH00109325,Financially Stretched but Highly Engaged,54,Nữ,Lập trình viên hệ thống,Thành phố Hồ Chí Minh,Ổn định,Tương tác cao,501493333.3333333,2381800000.0,1539528.5,244.08333333333334,30.416666666666668
KH00109330,Financially Healthy but Disengaged,59,Nữ,Luật sư,Thành phố Hồ Chí Minh,Khỏe mạnh,Tương tác cao,273348333.3333333,1024600000.0,1702551.8333333333,61.416666666666664,25.416666666666668
KH00109365,Financially Healthy & Highly Engaged,62,Nam,Quản lý trung tâm thông tin du lịch,Cà Mau,Khỏe mạnh,Tương tác cao,356102500.0,1445500000.0,1842277.4166666667,121.25,29.166666666666668
KH00109370,Financially Stretched but Highly Engaged,51,Nam,Giáo viên giáo dục đặc biệt,Thái Nguyên,Ổn định,Tương tác rất cao,346550833.3333333,1095100000.0,1520128.9166666667,181.91666666666666,30.25
KH00109405,Low Engagement & Financially Vulnerable,53,Nam,Nhà thiết kế sản phẩm,Đà Nẵng,Ổn định,Tương tác cao,103574166.66666667,455700000.0,1753863.1666666667,61.416666666666664,25.166666666666668
KH00109410,Low Engagement & Financially Vulnerable,56,Nữ,Thủ thư học thuật,Thanh Hóa,Ổn định,Tương tác cao,308532500.0,1335000000.0,1803127.1666666667,122.08333333333333,29.583333333333332
KH00109445,Financially Healthy & Highly Engaged,45,Nam,Kỹ sư khai thác mỏ,Huế,Ổn định,Tương tác rất cao,588949166.6666666,2697300000.0,1417238.9166666667,243.16666666666666,30.166666666666668
KH00109450,Financially Healthy but Disengaged,38,Nam,Chuyên viên thuế cấp cao,Sơn La,Khỏe mạnh,Tương tác cao,186436666.66666666,769000000.0,2330269.0833333335,61.666666666666664,25.75
KH00109490,Financially Healthy but Disengaged,56,Nữ,Nhà khoa học sinh lý,Hải Phòng,Ổn định,Tương tác cao,517913333.3333333,1898500000.0,1704285.0,182.41666666666666,30.25
KH00109525,Low Engagement & Financially Vulnerable,85,Nữ,Chuyên viên khảo sát công trình,Hưng Yên,Ổn định,Tương tác cao,262403333.33333334,990500000.0,1638763.5,122.41666666666667,29.083333333333332
KH00109530,Essential-Spend-Focused Customers,34,Nữ,Luật sư tranh tụng,Nghệ An,Ổn định,Tương tác cao,479420833.3333333,2310300000.0,1368110.0,182.91666666666666,30.333333333333332
KH00109565,Financially Healthy but Disengaged,54,Nam,Giám đốc chiến lược,Đắk Lắk,Khỏe mạnh,Tương tác cao,237458333.33333334,738800000.0,1631941.4166666667,61.25,25.583333333333332
KH00109570,Financially Healthy but Disengaged,90,Nam,Quản lý sân khấu,Thành phố Hồ Chí Minh,Khỏe mạnh,Tương tác cao,355856666.6666667,1088200000.0,1621804.25,121.66666666666667,29.25
KH00109605,Essential-Spend-Focused Customers,74,Nữ,Nhà tâm lý học thể thao,Nghệ An,Ổn định,Tương tác cao,124877500.0,365000000.0,1714664.4166666667,61.583333333333336,25.25
KH00109610,Financially Stretched but Highly Engaged,25,Nữ,Chuyên viên khảo sát công trình,Nghệ An,Ổn định,Tương tác rất cao,491309166.6666667,1992100000.0,1191331.75,304.5833333333333,30.333333333333332
KH00109645,Financially Healthy & Highly Engaged,23,Nữ,Nhà khoa học địa chất,Bắc Ninh,Ổn định,Tương tác cao,447125833.3333333,1937900000.0,1289825.25,182.75,29.583333333333332
KH00109650,Financially Healthy & Highly Engaged,32,Nam,Kỹ sư đóng tàu,Lâm Đồng,Khỏe mạnh,Tương tác cao,1153576666.6666667,3108900000.0,2409596.4166666665,243.75,30.416666666666668
KH00109685,Financially Stretched but Highly Engaged,37,Nữ,Kiểm lâm,Hưng Yên,Ổn định,Tương tác cao,406249166.6666667,1561100000.0,1383457.0833333333,244.16666666666666,30.416666666666668
KH00109690,Financially Stretched but Highly Engaged,31,Nữ,Chuyên viên công nghệ chăn nuôi,Hà Nội,Ổn định,Tương tác rất cao,516548333.3333333,1609500000.0,1541548.5833333333,243.25,30.333333333333332
KH00109730,Emerging Digital Customers,29,Nữ,Chuyên viên thẩm định bồi thường,Huế,Ổn định,Tương tác cao,160203333.33333334,658500000.0,2101155.0,61.0,24.75
KH00109765,Essential-Spend-Focused Customers,52,Nữ,Nhà thiết kế sản phẩm công nghiệp,Phú Thọ,Ổn định,Tương tác rất cao,434408333.3333333,1812100000.0,1494938.5833333333,242.41666666666666,30.333333333333332
KH00109770,Low Engagement & Financially Vulnerable,30,Nữ,Nhà biên soạn từ điển,Lâm Đồng,Ổn định,Tương tác rất cao,482560833.3333333,1344900000.0,1495014.0833333333,243.25,30.333333333333332
KH00109805,Financially Stretched but Highly Engaged,49,Nam,Nghệ nhân thổi thủy tinh,Khánh Hòa,Cần theo dõi,Tương tác rất cao,560107500.0,2208200000.0,2457861.5833333335,183.16666666666666,30.416666666666668
KH00109845,Financially Healthy but Disengaged,58,Nam,Cán bộ bảo tồn thiên nhiên,Thành phố Hồ Chí Minh,Ổn định,Tương tác cao,171050833.33333334,465600000.0,1744554.75,61.25,26.5
KH00109850,Essential-Spend-Focused Customers,41,Nữ,Chuyên viên viết nội dung quảng cáo,Thành phố Hồ Chí Minh,Ổn định,Tương tác cao,351861666.6666667,1485500000.0,1375608.3333333333,182.58333333333334,30.166666666666668
KH00109885,Financially Healthy but Disengaged,62,Nữ,Giảng viên giáo dục thường xuyên,Hưng Yên,Ổn định,Tương tác cao,413864166.6666667,2014300000.0,1678025.8333333333,122.41666666666667,29.416666666666668
KH00109890,Financially Stretched but Highly Engaged,31,Nam,Trợ lý phát thanh,Đồng Nai,Ổn định,Tương tác cao,528651666.6666667,2397000000.0,1635898.4166666667,304.1666666666667,30.416666666666668
KH00109925,Financially Stretched but Highly Engaged,26,Nam,Thầy thuốc đông y,Gia Lai,Ổn định,Tương tác cao,533704166.6666667,1759700000.0,1411358.75,303.1666666666667,30.416666666666668
KH00109930,Financially Stretched but Highly Engaged,52,Nam,Nhà thiết kế sản phẩm công nghiệp,Nghệ An,Ổn định,Tương tác cao,236172500.0,764000000.0,1603097.0833333333,122.16666666666667,29.416666666666668
KH00109965,Financially Stretched but Highly Engaged,37,Nữ,Chuyên viên hoạt hình,Đắk Lắk,Ổn định,Tương tác rất cao,533756666.6666667,2521100000.0,2311272.0,183.25,30.0
KH00109970,Low Engagement & Financially Vulnerable,85,Nữ,Quản trị viên tổ chức từ thiện,Ninh Bình,Cần theo dõi,Tương tác rất cao,199540833.33333334,642800000.0,1589181.4166666667,121.83333333333333,28.916666666666668
KH00110005,Financially Healthy & Highly Engaged,71,Nữ,Kỹ sư bảo trì,Quảng Ngãi,Khỏe mạnh,Tương tác rất cao,522690833.3333333,2336300000.0,1575936.3333333333,182.75,30.416666666666668
KH00110010,Emerging Digital Customers,43,Nữ,Người dẫn chương trình phát sóng,Thành phố Hồ Chí Minh,Ổn định,Tương tác cao,214775000.0,538900000.0,2290458.5,61.833333333333336,25.666666666666668
KH00110045,Financially Healthy & Highly Engaged,37,Nam,Quản trị viên,Vĩnh Long,Ổn định,Tương tác cao,670863333.3333334,2242600000.0,2489615.8333333335,182.83333333333334,30.083333333333332
KH00110050,Financially Healthy but Disengaged,50,Nữ,Quản lý môi trường,Đồng Tháp,Khỏe mạnh,Tương tác cao,207719166.66666666,994400000.0,2155839.6666666665,61.333333333333336,25.416666666666668
KH00110085,Financially Stretched but Highly Engaged,92,Nữ,Quản lý sản phẩm,Đà Nẵng,Ổn định,Tương tác rất cao,313045833.3333333,1240400000.0,1781932.4166666667,121.91666666666667,29.25
KH00110090,Financially Stretched but Highly Engaged,47,Nữ,Chuyên viên khảo sát mỏ,Quảng Ngãi,Ổn định,Tương tác cao,318498333.3333333,1588100000.0,1470957.9166666667,182.58333333333334,30.166666666666668
KH00110125,Low Engagement & Financially Vulnerable,72,Nam,Đạo diễn sân khấu,Đồng Nai,Ổn định,Tương tác cao,502755833.3333333,1386200000.0,1701395.1666666667,182.75,30.166666666666668
KH00110130,Financially Healthy but Disengaged,57,Nữ,Nhà khoa học thính học,Hưng Yên,Ổn định,Tương tác cao,301393333.3333333,1296600000.0,1443809.75,122.0,29.75
KH00110165,Financially Healthy & Highly Engaged,89,Nữ,Quản lý mỏ đá,Cần Thơ,Ổn định,Tương tác rất cao,451331666.6666667,1919600000.0,1579916.5,182.66666666666666,30.333333333333332
KH00110170,Financially Stretched but Highly Engaged,34,Nữ,Trợ lý chính trị gia,Đà Nẵng,Cần theo dõi,Tương tác cao,283787500.0,1183300000.0,1543155.3333333333,183.41666666666666,30.25
KH00110205,Financially Stretched but Highly Engaged,40,Nữ,Biên tập viên hiệu đính,Lai Châu,Ổn định,Tương tác cao,709781666.6666666,3409500000.0,2216454.75,242.75,30.25
KH00110210,Financially Healthy but Disengaged,53,Nữ,Kỹ sư khai thác mỏ,Hà Nội,Khỏe mạnh,Tương tác cao,390965000.0,1199800000.0,1655321.5,121.33333333333333,28.833333333333332
KH00110250,Financially Healthy & Highly Engaged,55,Nam,Chuyên viên vẽ bản đồ,Hà Nội,Ổn định,Tương tác rất cao,563274166.6666666,2705700000.0,1553865.0,243.41666666666666,30.416666666666668
KH00110290,Financially Healthy & Highly Engaged,37,Nữ,Lập trình viên đa phương tiện,Ninh Bình,Ổn định,Tương tác rất cao,788037500.0,3852500000.0,2207056.0833333335,182.33333333333334,30.25
KH00110325,Financially Healthy & Highly Engaged,75,Nam,Kỹ sư y sinh,Quảng Ninh,Ổn định,Tương tác rất cao,715782500.0,1905600000.0,1515743.1666666667,243.83333333333334,30.416666666666668
KH00110330,Financially Stretched but Highly Engaged,45,Nam,Nhà thiết kế gốm sứ,Hưng Yên,Ổn định,Tương tác cao,598224166.6666666,2571600000.0,1694757.5833333333,304.5833333333333,30.333333333333332
KH00110365,Low Engagement & Financially Vulnerable,33,Nam,Cán bộ quản chế,Thành phố Hồ Chí Minh,Ổn định,Tương tác cao,361723333.3333333,911300000.0,1519943.1666666667,182.5,30.166666666666668
KH00110370,Financially Healthy but Disengaged,38,Nam,Kỹ sư dầu khí,Hà Nội,Ổn định,Tương tác cao,257507500.0,1179700000.0,2474659.8333333335,61.666666666666664,25.25
KH00110405,Low Engagement & Financially Vulnerable,32,Nữ,Chuyên viên trị liệu âm nhạc,Tây Ninh,Cần theo dõi,Tương tác cao,256412500.0,1275400000.0,1546758.0,122.16666666666667,28.916666666666668
KH00110410,Essential-Spend-Focused Customers,34,Nữ,Cán bộ giáo dục cộng đồng,Cần Thơ,Ổn định,Tương tác cao,93025833.33333333,237400000.0,1409540.5,61.5,25.5
KH00110445,Financially Healthy but Disengaged,86,Nữ,Giáo viên tiểu học,Thanh Hóa,Cần theo dõi,Tương tác cao,159822500.0,619400000.0,1821622.5,61.416666666666664,25.333333333333332
KH00110450,Low Engagement & Financially Vulnerable,75,Nữ,Chuyên viên lưu trữ,Thái Nguyên,Ổn định,Tương tác cao,377229166.6666667,1438700000.0,1617432.1666666667,182.91666666666666,30.25
KH00110485,Low Engagement & Financially Vulnerable,66,Nữ,Người dẫn chương trình phát sóng,Lâm Đồng,Ổn định,Tương tác cao,102375833.33333333,278200000.0,1880381.75,61.583333333333336,25.583333333333332
KH00110490,Financially Healthy & Highly Engaged,67,Nam,Thư ký luật sư tranh tụng,Sơn La,Khỏe mạnh,Tương tác rất cao,516090000.0,1372800000.0,1523431.5,182.91666666666666,29.916666666666668
KH00110525,Financially Healthy & Highly Engaged,71,Nữ,Kỹ sư sản xuất,Ninh Bình,Ổn định,Tương tác rất cao,721381666.6666666,3296400000.0,1485408.8333333333,243.33333333333334,30.333333333333332
KH00110530,Financially Healthy but Disengaged,48,Nữ,Nhà khoa học thính học,Cà Mau,Khỏe mạnh,Tương tác cao,385393333.3333333,1255900000.0,1543301.6666666667,122.25,29.5
KH00110565,Financially Healthy but Disengaged,59,Nam,Quản lý sản xuất,An Giang,Khỏe mạnh,Tương tác cao,162325833.33333334,746900000.0,1715111.9166666667,61.583333333333336,25.916666666666668
KH00110570,Financially Stretched but Highly Engaged,76,Nam,Chuyên viên an toàn lao động,Thành phố Hồ Chí Minh,Ổn định,Tương tác rất cao,536306666.6666667,1734300000.0,1641866.1666666667,242.91666666666666,30.333333333333332
KH00110605,Financially Stretched but Highly Engaged,31,Nam,Nhân viên giao dịch,Hưng Yên,Ổn định,Tương tác rất cao,670001666.6666666,2667900000.0,2387473.9166666665,243.5,30.333333333333332
KH00110610,Financially Healthy & Highly Engaged,43,Nam,Nhân viên cứu trợ,Thành phố Hồ Chí Minh,Ổn định,Tương tác rất cao,537609166.6666666,2595000000.0,1508695.0,243.08333333333334,30.416666666666668
KH00110645,Financially Healthy & Highly Engaged,37,Nữ,Nhà khoa học nghiên cứu khoa học sự sống,Thành phố Hồ Chí Minh,Ổn định,Tương tác rất cao,876288333.3333334,3042300000.0,1425076.3333333333,243.58333333333334,30.333333333333332
KH00110685,Financially Healthy but Disengaged,41,Nữ,Luật sư tranh tụng,Thành phố Hồ Chí Minh,Khỏe mạnh,Tương tác cao,171556666.66666666,809600000.0,1348205.0833333333,61.583333333333336,26.083333333333332
KH00110690,Financially Healthy but Disengaged,25,Nữ,Nhà khoa học dữ liệu,Hà Nội,Khỏe mạnh,Tương tác cao,175300000.0,869000000.0,1614911.5833333333,61.666666666666664,25.5
KH00110725,Financially Healthy & Highly Engaged,47,Nam,Nhà khoa học biển,Bắc Ninh,Ổn định,Tương tác cao,574184166.6666666,1776100000.0,1345483.9166666667,243.33333333333334,30.416666666666668
KH00110770,Financially Stretched but Highly Engaged,58,Nữ,Quản trị viên cơ sở dữ liệu,Lạng Sơn,Ổn định,Tương tác cao,343264166.6666667,1557200000.0,1593310.4166666667,182.16666666666666,30.333333333333332
KH00110805,Low Engagement & Financially Vulnerable,48,Nữ,Giáo viên giáo dục đặc biệt,Tây Ninh,Ổn định,Tương tác cao,516424166.6666667,1572400000.0,1379247.5,243.41666666666666,30.333333333333332
KH00110810,Financially Stretched but Highly Engaged,27,Nam,Chuyên viên mua quảng cáo,An Giang,Ổn định,Tương tác rất cao,622277500.0,3105600000.0,1581738.9166666667,304.25,30.416666666666668
KH00110845,Low Engagement & Financially Vulnerable,86,Nữ,Cán bộ triển lãm bảo tàng,Khánh Hòa,Ổn định,Tương tác cao,126601666.66666667,645500000.0,1717551.6666666667,61.416666666666664,25.75
KH00110850,Financially Stretched but Highly Engaged,42,Nam,Chuyên viên truyền thông sức khỏe,Cần Thơ,Ổn định,Tương tác cao,477590833.3333333,2326600000.0,1682926.8333333333,243.66666666666666,30.25
KH00110885,Financially Healthy & Highly Engaged,39,Nữ,Chuyên viên làm vườn thương mại,An Giang,Ổn định,Tương tác rất cao,747444166.6666666,2336900000.0,2253514.5833333335,182.5,30.166666666666668
KH00110890,Financially Healthy but Disengaged,38,Nữ,Nhà khoa học thính học,Lào Cai,Ổn định,Tương tác cao,155233333.33333334,729700000.0,1591621.5833333333,61.333333333333336,25.5
KH00110930,Financially Stretched but Highly Engaged,32,Nữ,Chuyên viên trắc địa,Thanh Hóa,Ổn định,Tương tác rất cao,634128333.3333334,2816300000.0,1485943.0,304.75,30.25
KH00110965,Financially Healthy but Disengaged,54,Nữ,Kỹ thuật viên sản xuất bia,Hà Nội,Ổn định,Tương tác rất cao,496717500.0,1898000000.0,1670027.0,182.66666666666666,30.0
KH00110970,Emerging Digital Customers,22,Nam,Nhà tâm lý học giáo dục,Thành phố Hồ Chí Minh,Ổn định,Tương tác cao,115154166.66666667,370100000.0,1419739.9166666667,61.333333333333336,24.916666666666668
KH00111005,Financially Healthy & Highly Engaged,28,Nữ,Quản lý nông trại,Nghệ An,Khỏe mạnh,Tương tác cao,652264166.6666666,2718800000.0,2056420.5833333333,182.91666666666666,30.25
KH00111010,Financially Healthy but Disengaged,57,Nam,Kỹ sư cơ điện công trình,Huế,Khỏe mạnh,Tương tác cao,317158333.3333333,1273500000.0,1624772.3333333333,122.5,29.25
KH00111045,Essential-Spend-Focused Customers,91,Nữ,Chuyên viên sinh lý vận động,Thái Nguyên,Ổn định,Tương tác cao,125018333.33333333,367200000.0,1520480.3333333333,61.166666666666664,25.166666666666668
KH00111050,Financially Stretched but Highly Engaged,49,Nữ,Nhà địa chất công trình,Quảng Ninh,Khỏe mạnh,Tương tác cao,440214166.6666667,1752200000.0,1445780.0,244.0,30.25
KH00111090,Financially Healthy but Disengaged,38,Nam,Nhà khoa học thính học,Hà Nội,Ổn định,Tương tác cao,553583333.3333334,2555500000.0,2414251.0,122.5,29.25
KH00111125,Financially Healthy but Disengaged,49,Nữ,Quản lý nhà hàng thức ăn nhanh,Phú Thọ,Cần theo dõi,Tương tác cao,144357500.0,688200000.0,1576528.0,61.583333333333336,25.333333333333332
KH00111130,Financially Healthy & Highly Engaged,55,Nữ,Chuyên viên phân tích hệ thống,Hải Phòng,Ổn định,Tương tác cao,424832500.0,1455500000.0,1602204.5833333333,183.33333333333334,30.166666666666668
KH00111165,Financially Stretched but Highly Engaged,60,Nam,Chuyên viên tư vấn nông nghiệp,Đà Nẵng,Cần theo dõi,Tương tác rất cao,466361666.6666667,1561700000.0,1727795.6666666667,183.33333333333334,30.083333333333332
KH00111170,Low Engagement & Financially Vulnerable,54,Nữ,Nhà địa chất hiện trường,Lâm Đồng,Cần theo dõi,Tương tác rất cao,256227500.0,812500000.0,1648640.4166666667,122.33333333333333,29.25
KH00111205,Financially Stretched but Highly Engaged,46,Nam,Nhà thiết kế triển lãm,Đà Nẵng,Ổn định,Tương tác cao,780294166.6666666,2372400000.0,2465350.25,244.0,30.416666666666668
KH00111245,Low Engagement & Financially Vulnerable,54,Nam,Chuyên viên vật lý trị liệu,Phú Thọ,Ổn định,Tương tác cao,261637500.0,1138900000.0,1608236.4166666667,121.91666666666667,29.166666666666668
KH00111250,Low Engagement & Financially Vulnerable,35,Nữ,Cán bộ thử nghiệm hiện trường,Cần Thơ,Khỏe mạnh,Tương tác cao,163767500.0,526400000.0,2119173.0833333335,60.833333333333336,24.833333333333332
KH00111285,Low Engagement & Financially Vulnerable,25,Nam,Chuyên viên hoạch định quảng cáo,Thành phố Hồ Chí Minh,Có dấu hiệu căng thẳng tài chính,Tương tác rất cao,117588333.33333333,439900000.0,1429210.1666666667,61.416666666666664,25.833333333333332
KH00111290,Financially Healthy & Highly Engaged,30,Nam,Bác sĩ phẫu thuật,Thành phố Hồ Chí Minh,Ổn định,Tương tác cao,703337500.0,2546800000.0,1464506.4166666667,182.58333333333334,30.25
KH00111325,Financially Healthy & Highly Engaged,29,Nam,Nhà khoa học y sinh,Thành phố Hồ Chí Minh,Khỏe mạnh,Tương tác cao,407799166.6666667,1778900000.0,1517851.0833333333,122.16666666666667,29.416666666666668
KH00111330,Low Engagement & Financially Vulnerable,84,Nam,Giáo viên trung học,Thành phố Hồ Chí Minh,Ổn định,Tương tác rất cao,413844166.6666667,1911900000.0,1777191.1666666667,182.66666666666666,30.166666666666668
KH00111370,Low Engagement & Financially Vulnerable,29,Nam,Chuyên viên pháp lý nhà đất,Ninh Bình,Ổn định,Tương tác cao,188900833.33333334,638800000.0,2507654.6666666665,61.333333333333336,25.5
KH00111405,Financially Stretched but Highly Engaged,81,Nữ,Quản lý trường quay,Gia Lai,Ổn định,Tương tác cao,464708333.3333333,1906900000.0,1721467.25,182.41666666666666,30.0
KH00111410,Low Engagement & Financially Vulnerable,64,Nam,Nhà sản xuất phát thanh,Ninh Bình,Ổn định,Tương tác cao,270208333.3333333,740900000.0,1670393.5,121.75,29.333333333333332
KH00111445,Low Engagement & Financially Vulnerable,68,Nam,Nhà thiết kế nội thất,Cần Thơ,Ổn định,Tương tác cao,279324166.6666667,1028300000.0,1745866.4166666667,121.66666666666667,29.666666666666668
KH00111485,Financially Healthy but Disengaged,52,Nữ,Cán bộ quản chế,Thành phố Hồ Chí Minh,Ổn định,Tương tác cao,307290833.3333333,1282700000.0,1787542.75,122.25,29.416666666666668
KH00111490,Financially Healthy but Disengaged,75,Nam,Kỹ sư mạng,Cần Thơ,Ổn định,Tương tác cao,232888333.33333334,772600000.0,1983220.5,61.75,23.75
KH00111525,Financially Stretched but Highly Engaged,23,Nữ,Cán bộ bảo tồn công trình di tích,Đà Nẵng,Ổn định,Tương tác rất cao,365329166.6666667,1819600000.0,1850938.5,183.25,29.75
KH00111530,Financially Stretched but Highly Engaged,66,Nữ,Nhà vật lý y khoa,Đồng Tháp,Cần theo dõi,Tương tác cao,469640000.0,1347300000.0,1612723.8333333333,243.16666666666666,30.333333333333332
KH00111565,Low Engagement & Financially Vulnerable,64,Nam,Nhà sản xuất truyền hình,Lâm Đồng,Ổn định,Tương tác cao,227833333.33333334,973100000.0,1749998.75,122.5,29.75
KH00111570,Low Engagement & Financially Vulnerable,65,Nữ,Họa sĩ minh họa,Cần Thơ,Ổn định,Tương tác rất cao,379290833.3333333,1580600000.0,1541197.5,182.75,30.166666666666668
KH00111605,Low Engagement & Financially Vulnerable,33,Nữ,Chuyên viên vật lý trị liệu,Ninh Bình,Ổn định,Tương tác rất cao,213005000.0,1067300000.0,1435846.5,122.08333333333333,29.5
KH00111610,Financially Stretched but Highly Engaged,47,Nam,Chuyên viên trị liệu nghệ thuật,Đà Nẵng,Ổn định,Tương tác cao,296919166.6666667,1111300000.0,1395542.3333333333,182.41666666666666,30.333333333333332
KH00111645,Financially Stretched but Highly Engaged,25,Nam,Chuyên viên trị liệu bằng làm vườn,Gia Lai,Ổn định,Tương tác cao,427751666.6666667,1342200000.0,1749692.8333333333,183.0,29.75
KH00111650,Financially Healthy & Highly Engaged,34,Nữ,Nhà khoa học y sinh,Tuyên Quang,Ổn định,Tương tác cao,433305833.3333333,1551500000.0,1374816.75,183.0,30.25
KH00111685,Essential-Spend-Focused Customers,80,Nữ,Cán bộ bình đẳng và đa dạng,Thanh Hóa,Ổn định,Tương tác cao,413905833.3333333,2030100000.0,1475095.8333333333,244.0,30.333333333333332
KH00111725,Financially Stretched but Highly Engaged,42,Nam,Thư ký hành chính,Thành phố Hồ Chí Minh,Ổn định,Tương tác rất cao,784417500.0,2195400000.0,2409765.8333333335,244.25,30.333333333333332
KH00111730,Financially Healthy but Disengaged,56,Nam,Dược sĩ cộng đồng,Quảng Ninh,Khỏe mạnh,Tương tác cao,601482500.0,2784900000.0,1648926.25,182.91666666666666,30.083333333333332
KH00111765,Financially Stretched but Highly Engaged,25,Nam,Thanh tra công trình di tích,Ninh Bình,Ổn định,Tương tác rất cao,498205000.0,1409400000.0,1428369.0,304.3333333333333,30.333333333333332
KH00111770,Financially Healthy & Highly Engaged,61,Nữ,Nhân viên phát triển cộng đồng,Bắc Ninh,Khỏe mạnh,Tương tác cao,318180000.0,1486100000.0,1809069.0833333333,122.0,29.833333333333332
KH00111805,Financially Healthy but Disengaged,60,Nữ,Chuyên viên vệ sinh lao động,Hà Nội,Ổn định,Tương tác cao,340646666.6666667,1589600000.0,1856477.0833333333,122.08333333333333,29.416666666666668
KH00111810,Financially Healthy but Disengaged,39,Nam,Quản lý nông trại,Đồng Tháp,Ổn định,Tương tác trung bình,264247500.0,912600000.0,2565459.8333333335,61.333333333333336,25.333333333333332
KH00111845,Essential-Spend-Focused Customers,51,Nam,Nhân viên nghệ thuật cộng đồng,Hà Tĩnh,Cần theo dõi,Tương tác rất cao,194872500.0,768900000.0,1528378.75,121.75,29.916666666666668
KH00111850,Financially Stretched but Highly Engaged,43,Nam,Thư ký công ty,Hưng Yên,Ổn định,Tương tác cao,200827500.0,898500000.0,1630017.6666666667,122.25,29.333333333333332
KH00111890,Financially Healthy & Highly Engaged,60,Nữ,Giám đốc tài chính,Hà Nội,Khỏe mạnh,Tương tác cao,999840833.3333334,4026200000.0,1525806.9166666667,243.25,30.333333333333332
KH00111925,Financially Healthy & Highly Engaged,39,Nữ,Quản lý hậu cần và phân phối,Hải Phòng,Ổn định,Tương tác rất cao,722595833.3333334,2110200000.0,2166398.0,182.91666666666666,30.083333333333332
KH00111930,Financially Stretched but Highly Engaged,53,Nam,Cán bộ giáo dục bảo tàng,Thành phố Hồ Chí Minh,Ổn định,Tương tác rất cao,440243333.3333333,1920700000.0,1731638.6666666667,243.91666666666666,30.333333333333332
KH00111965,Financially Healthy but Disengaged,22,Nữ,Kỹ sư đóng tàu,Thành phố Hồ Chí Minh,Khỏe mạnh,Tương tác cao,125805833.33333333,430200000.0,1429137.3333333333,61.75,24.833333333333332
KH00111970,Financially Healthy & Highly Engaged,26,Nam,Giảng viên giáo dục thường xuyên,An Giang,Khỏe mạnh,Tương tác cao,623403333.3333334,2376700000.0,1582327.8333333333,182.5,30.333333333333332
KH00112005,Financially Healthy & Highly Engaged,44,Nam,Kỹ sư viễn thông,Đắk Lắk,Khỏe mạnh,Tương tác cao,914161666.6666666,4177900000.0,2350506.25,183.25,30.083333333333332
KH00112010,Financially Healthy but Disengaged,41,Nam,Quản lý hệ thống thông tin,Huế,Ổn định,Tương tác cao,228378333.33333334,1011500000.0,2442568.6666666665,61.416666666666664,25.333333333333332
KH00112050,Financially Stretched but Highly Engaged,51,Nam,Nhà thiết kế triển lãm,Vĩnh Long,Ổn định,Tương tác cao,372859166.6666667,1232100000.0,1632852.3333333333,183.25,30.25
KH00112085,Financially Healthy but Disengaged,48,Nữ,Cán bộ quản lý thể thao,Thành phố Hồ Chí Minh,Khỏe mạnh,Tương tác cao,271513333.3333333,1350600000.0,1445104.1666666667,122.25,29.666666666666668
KH00112090,Financially Stretched but Highly Engaged,23,Nam,Nhà miễn dịch học,An Giang,Ổn định,Tương tác rất cao,567680833.3333334,2777100000.0,1213135.1666666667,365.5,30.416666666666668
KH00112125,Low Engagement & Financially Vulnerable,44,Nam,Chuyên viên trị liệu bằng làm vườn,Đồng Nai,Ổn định,Tương tác cao,427718333.3333333,1099400000.0,2476594.8333333335,122.41666666666667,29.0
KH00112130,Essential-Spend-Focused Customers,48,Nữ,Nhà sản xuất truyền hình,Cần Thơ,Ổn định,Tương tác cao,92086666.66666667,302000000.0,1303851.6666666667,61.333333333333336,25.25
KH00112165,Financially Stretched but Highly Engaged,38,Nam,Nhà địa chất hiện trường,Lai Châu,Cần theo dõi,Tương tác rất cao,436815000.0,1646200000.0,1451689.5833333333,243.66666666666666,30.416666666666668
KH00112170,Financially Healthy but Disengaged,21,Nam,Bác sĩ phẫu thuật,Thành phố Hồ Chí Minh,Ổn định,Tương tác rất cao,460715833.3333333,1928700000.0,1489883.3333333333,182.75,29.75
KH00112205,Financially Stretched but Highly Engaged,46,Nam,Nhân viên pha chế cà phê,Nghệ An,Ổn định,Tương tác cao,272024166.6666667,763300000.0,1524627.4166666667,182.75,30.333333333333332
KH00112210,Financially Stretched but Highly Engaged,33,Nam,Thủ thư học thuật,Khánh Hòa,Ổn định,Tương tác cao,254348333.33333334,1082600000.0,1577867.4166666667,122.25,29.583333333333332
KH00112245,Financially Healthy & Highly Engaged,71,Nữ,Kỹ sư đóng tàu,Thành phố Hồ Chí Minh,Khỏe mạnh,Tương tác cao,708549166.6666666,2083900000.0,1864607.1666666667,182.41666666666666,30.083333333333332
KH00112250,Financially Healthy but Disengaged,54,Nam,Chuyên viên viết nội dung quảng cáo,An Giang,Ổn định,Tương tác cao,333073333.3333333,1510800000.0,1749910.3333333333,122.16666666666667,29.416666666666668
KH00112285,Low Engagement & Financially Vulnerable,38,Nam,Nhà môi giới hàng không,An Giang,Ổn định,Tương tác cao,412400833.3333333,1233400000.0,2538335.9166666665,122.25,29.833333333333332
KH00112290,Financially Healthy but Disengaged,60,Nam,Quản lý dịch vụ ăn uống,Hải Phòng,Ổn định,Tương tác rất cao,161385833.33333334,413000000.0,1701241.4166666667,61.416666666666664,25.083333333333332
KH00112325,Financially Healthy & Highly Engaged,40,Nữ,Điều dưỡng nhi khoa,Thành phố Hồ Chí Minh,Ổn định,Tương tác cao,656628333.3333334,1884000000.0,1519326.4166666667,244.16666666666666,30.166666666666668
KH00112330,Financially Healthy but Disengaged,51,Nam,Chuyên viên trị liệu nghề nghiệp,Thành phố Hồ Chí Minh,Khỏe mạnh,Tương tác cao,322841666.6666667,1445600000.0,1628905.25,121.66666666666667,29.416666666666668
KH00112365,Financially Healthy but Disengaged,71,Nam,Bác sĩ tâm thần,Ninh Bình,Khỏe mạnh,Tương tác cao,222658333.33333334,696200000.0,1865206.0,61.166666666666664,25.916666666666668
KH00112405,Essential-Spend-Focused Customers,63,Nam,Chuyên viên tư vấn nông nghiệp,Hà Nội,Ổn định,Tương tác cao,431105833.3333333,1874700000.0,1421309.0833333333,181.5,29.916666666666668
KH00112410,Financially Healthy & Highly Engaged,63,Nữ,Giáo viên dạy nhạc,Đồng Nai,Ổn định,Tương tác cao,593946666.6666666,2258300000.0,1595741.5833333333,242.41666666666666,30.416666666666668
KH00112445,Financially Healthy but Disengaged,58,Nữ,Kỹ sư khoan,Đà Nẵng,Khỏe mạnh,Tương tác cao,176645000.0,451800000.0,1734711.6666666667,60.833333333333336,25.416666666666668
KH00112450,Low Engagement & Financially Vulnerable,45,Nam,Chuyên viên di truyền tế bào lâm sàng,An Giang,Ổn định,Tương tác cao,109212500.0,477800000.0,1478350.8333333333,61.416666666666664,24.666666666666668
KH00112485,Financially Stretched but Highly Engaged,20,Nữ,Chuyên viên pháp lý nhà đất,Quảng Trị,Ổn định,Tương tác rất cao,249162500.0,655100000.0,1139783.0,183.16666666666666,30.083333333333332
KH00112490,Financially Healthy but Disengaged,77,Nữ,Giám đốc tiếp thị,An Giang,Khỏe mạnh,Tương tác cao,577018333.3333334,2241100000.0,1500803.8333333333,121.91666666666667,29.083333333333332
KH00112525,Financially Stretched but Highly Engaged,74,Nam,Chuyên viên trị liệu nghề nghiệp,Nghệ An,Ổn định,Tương tác cao,349651666.6666667,975100000.0,1833891.1666666667,122.33333333333333,29.75
KH00112530,Financially Healthy & Highly Engaged,81,Nữ,Chuyên viên quan hệ công chúng,Đồng Nai,Ổn định,Tương tác cao,613250833.3333334,2000100000.0,1553645.6666666667,242.91666666666666,30.416666666666668
KH00112565,Low Engagement & Financially Vulnerable,84,Nữ,Nhà hóa sinh lâm sàng,Hà Nội,Ổn định,Tương tác cao,152698333.33333334,573700000.0,2138293.9166666665,61.666666666666664,25.75
KH00112570,Financially Healthy but Disengaged,60,Nữ,Dược sĩ bệnh viện,Khánh Hòa,Ổn định,Tương tác cao,174850833.33333334,739100000.0,1782580.5,61.333333333333336,25.833333333333332
KH00112605,Financially Healthy & Highly Engaged,34,Nam,Nhà địa chất công trình,Đồng Nai,Ổn định,Tương tác rất cao,810947500.0,2492100000.0,2325100.6666666665,243.83333333333334,30.416666666666668
KH00112610,Financially Healthy & Highly Engaged,66,Nữ,Nhà tâm lý học nghề nghiệp,Đồng Tháp,Ổn định,Tương tác cao,531385833.3333333,1863900000.0,1536232.25,243.58333333333334,30.25
KH00112645,Financially Healthy & Highly Engaged,48,Nữ,Nhà tâm lý học nghề nghiệp,Tây Ninh,Ổn định,Tương tác cao,608540000.0,2785600000.0,1657364.8333333333,243.75,30.416666666666668
KH00112650,Financially Healthy & Highly Engaged,21,Nữ,Kỹ sư sản xuất,Hà Nội,Ổn định,Tương tác cao,476324166.6666667,2115000000.0,1811990.6666666667,121.33333333333333,28.416666666666668
KH00112685,Financially Healthy & Highly Engaged,40,Nam,Kỹ sư dầu khí,Thanh Hóa,Ổn định,Tương tác cao,1154760833.3333333,3025800000.0,2377062.9166666665,243.58333333333334,30.416666666666668
KH00112690,Financially Healthy but Disengaged,42,Nữ,Chuyên viên tư vấn tài chính,Hà Nội,Ổn định,Tương tác rất cao,689130000.0,2181400000.0,1375622.5833333333,304.0833333333333,30.416666666666668
KH00112765,Financially Healthy & Highly Engaged,33,Nam,Cán bộ xuất nhập cảnh,Thành phố Hồ Chí Minh,Ổn định,Tương tác cao,900240833.3333334,2495100000.0,2364675.4166666665,243.75,30.333333333333332
KH00112770,Essential-Spend-Focused Customers,75,Nữ,Nhà địa chất thủy văn,Đồng Nai,Khỏe mạnh,Tương tác cao,124729166.66666667,589000000.0,1577831.8333333333,61.5,25.333333333333332
KH00112805,Low Engagement & Financially Vulnerable,30,Nữ,Trợ lý sản xuất truyền hình,Cần Thơ,Ổn định,Tương tác cao,498053333.3333333,1975500000.0,1484885.0833333333,303.8333333333333,30.416666666666668
KH00112810,Financially Healthy but Disengaged,54,Nữ,Cán bộ quản lý chất thải,Thành phố Hồ Chí Minh,Khỏe mạnh,Tương tác cao,404124166.6666667,1427700000.0,1597109.1666666667,121.91666666666667,29.5
KH00112845,Financially Stretched but Highly Engaged,40,Nam,Chuyên viên nghiên cứu thị trường,Đồng Nai,Ổn định,Tương tác cao,387118333.3333333,1892700000.0,1361268.8333333333,243.25,30.416666666666668
KH00112850,Low Engagement & Financially Vulnerable,93,Nam,Chuyên viên thẩm định bảo hiểm,Hà Nội,Ổn định,Tương tác cao,301481666.6666667,1062500000.0,1639943.3333333333,121.58333333333333,28.833333333333332
KH00112885,Financially Healthy & Highly Engaged,93,Nam,Quản lý dịch vụ y tế,Phú Thọ,Ổn định,Tương tác cao,419744166.6666667,1999400000.0,1586495.25,182.75,30.333333333333332
KH00112890,Financially Stretched but Highly Engaged,41,Nam,Biên tập viên đặt bài,Đắk Lắk,Ổn định,Tương tác cao,428317500.0,1679900000.0,1305676.3333333333,243.5,30.25
KH00112925,Financially Healthy but Disengaged,28,Nữ,Nhà giao dịch hợp đồng tương lai,Cần Thơ,Ổn định,Tương tác cao,541459166.6666666,2494500000.0,2164993.8333333335,121.83333333333333,29.416666666666668
KH00112930,Financially Healthy & Highly Engaged,45,Nam,Giáo viên tiếng anh,Hà Nội,Khỏe mạnh,Tương tác cao,285851666.6666667,1019700000.0,1404404.25,122.33333333333333,29.5
KH00112970,Financially Healthy & Highly Engaged,74,Nữ,Kỹ sư cơ điện công trình,Thành phố Hồ Chí Minh,Ổn định,Tương tác cao,514498333.3333333,1687700000.0,1523411.8333333333,182.5,30.166666666666668
KH00113005,Financially Healthy but Disengaged,91,Nữ,Kỹ sư hóa học,Hà Nội,Ổn định,Tương tác cao,547795833.3333334,2289200000.0,1749882.1666666667,183.0,30.166666666666668
KH00113010,Financially Stretched but Highly Engaged,34,Nữ,Giáo viên dạy nhạc,Thanh Hóa,Ổn định,Tương tác cao,355800833.3333333,1015300000.0,2284197.1666666665,122.41666666666667,29.083333333333332
KH00113045,Low Engagement & Financially Vulnerable,34,Nam,Nhân viên tư vấn hỗ trợ,Vĩnh Long,Có dấu hiệu căng thẳng tài chính,Tương tác rất cao,199652500.0,690600000.0,2600373.75,61.5,24.833333333333332
KH00113085,Financially Stretched but Highly Engaged,28,Nữ,Kỹ thuật viên chẩn đoán hình ảnh,Phú Thọ,Ổn định,Tương tác cao,360505833.3333333,1245700000.0,2140202.1666666665,122.0,29.5
KH00113090,Financially Healthy but Disengaged,65,Nam,Bác sĩ bệnh viện,Cần Thơ,Khỏe mạnh,Tương tác cao,450280000.0,1134700000.0,2152571.5,121.75,29.583333333333332
KH00113125,Financially Stretched but Highly Engaged,55,Nam,Giáo viên dạy nhạc,Ninh Bình,Ổn định,Tương tác cao,461369166.6666667,1465900000.0,1504264.1666666667,243.91666666666666,30.333333333333332
KH00113130,Low Engagement & Financially Vulnerable,30,Nam,Người bán sách,Cần Thơ,Ổn định,Tương tác cao,180480000.0,799900000.0,2606645.3333333335,61.666666666666664,25.25
KH00113165,Low Engagement & Financially Vulnerable,94,Nữ,Nhà thủy văn học,Hưng Yên,Ổn định,Tương tác rất cao,367138333.3333333,1024800000.0,1803462.5,183.16666666666666,29.833333333333332
KH00113170,Financially Stretched but Highly Engaged,41,Nữ,Chuyên viên công nghệ dệt may,Lâm Đồng,Ổn định,Tương tác rất cao,469997500.0,1930600000.0,2206480.25,182.5,30.0
KH00113205,Low Engagement & Financially Vulnerable,87,Nữ,Chuyên viên dự toán xây dựng,Thanh Hóa,Ổn định,Tương tác cao,311225833.3333333,916300000.0,1811438.4166666667,122.08333333333333,29.416666666666668
KH00113210,Financially Healthy & Highly Engaged,94,Nữ,Kỹ sư kinh doanh kỹ thuật,Hải Phòng,Ổn định,Tương tác cao,706451666.6666666,3356000000.0,1542628.5833333333,243.58333333333334,30.333333333333332
KH00113245,Financially Healthy & Highly Engaged,48,Nữ,Bác sĩ phẫu thuật thần kinh,Vĩnh Long,Ổn định,Tương tác rất cao,401115833.3333333,1151100000.0,1472762.1666666667,122.41666666666667,29.833333333333332
KH00113250,Financially Stretched but Highly Engaged,37,Nữ,Chuyên viên cắt tỉa cây,Bắc Ninh,Ổn định,Tương tác cao,692764166.6666666,2323400000.0,1419681.75,365.3333333333333,30.416666666666668
KH00113285,Financially Healthy & Highly Engaged,32,Nữ,Phi công hàng không,Hà Nội,Ổn định,Tương tác rất cao,1250099166.6666667,3395900000.0,2184324.3333333335,242.41666666666666,30.25
KH00113290,Financially Stretched but Highly Engaged,27,Nam,Kỹ thuật viên phòng thí nghiệm giảng dạy,Ninh Bình,Ổn định,Tương tác cao,200108333.33333334,959200000.0,1455840.6666666667,122.25,29.833333333333332
KH00113325,Financially Stretched but Highly Engaged,48,Nam,Thanh tra công trình di tích,Thành phố Hồ Chí Minh,Ổn định,Tương tác rất cao,640874166.6666666,2469100000.0,1412257.0833333333,304.4166666666667,30.416666666666668
KH00113330,Financially Healthy & Highly Engaged,53,Nam,Lập trình viên đa phương tiện,Tây Ninh,Ổn định,Tương tác rất cao,573815833.3333334,2453900000.0,1686469.9166666667,183.16666666666666,30.333333333333332
KH00113365,Low Engagement & Financially Vulnerable,52,Nữ,Phóng viên ảnh,An Giang,Ổn định,Tương tác rất cao,415441666.6666667,1152400000.0,1793704.5,183.08333333333334,30.166666666666668
KH00113370,Low Engagement & Financially Vulnerable,38,Nam,Chuyên viên an toàn lao động,Hải Phòng,Cần theo dõi,Tương tác cao,176255000.0,635300000.0,2635494.0833333335,61.833333333333336,26.083333333333332
KH00113405,Financially Stretched but Highly Engaged,28,Nữ,Cán bộ triển lãm bảo tàng,Nghệ An,Ổn định,Tương tác rất cao,555383333.3333334,1839300000.0,2328533.3333333335,182.75,30.0
KH00113410,Financially Healthy & Highly Engaged,48,Nữ,Bác sĩ chuyên khoa bàn chân,Lào Cai,Ổn định,Tương tác rất cao,1242017500.0,4829700000.0,2194707.75,243.75,30.416666666666668
KH00113445,Essential-Spend-Focused Customers,32,Nữ,Chuyên viên phục chế bảo tàng,Lâm Đồng,Ổn định,Tương tác rất cao,256313333.33333334,1243500000.0,1320549.1666666667,122.66666666666667,29.416666666666668
KH00113450,Financially Stretched but Highly Engaged,32,Nam,Chuyên viên trị liệu nghệ thuật,An Giang,Ổn định,Tương tác cao,687206666.6666666,2752400000.0,1496681.0,304.1666666666667,30.416666666666668
KH00113485,Low Engagement & Financially Vulnerable,52,Nữ,Chuyên viên tư vấn tài chính,Thành phố Hồ Chí Minh,Ổn định,Tương tác cao,276138333.3333333,694400000.0,1680211.75,122.58333333333333,29.333333333333332
KH00113490,Financially Stretched but Highly Engaged,49,Nam,Chuyên viên hoạch định truyền thông,Lâm Đồng,Ổn định,Tương tác cao,250783333.33333334,960600000.0,1609735.1666666667,122.58333333333333,29.25
KH00113525,Financially Stretched but Highly Engaged,32,Nữ,Chuyên viên làm vườn thương mại,Thanh Hóa,Ổn định,Tương tác rất cao,354895833.3333333,1196400000.0,2192612.5,121.58333333333333,29.166666666666668
KH00113565,Financially Stretched but Highly Engaged,45,Nữ,Nhà thiết kế gốm sứ,Đà Nẵng,Ổn định,Tương tác rất cao,446469166.6666667,1229200000.0,2116625.0833333335,182.5,30.333333333333332
KH00113570,Financially Stretched but Highly Engaged,48,Nữ,Chuyên viên trắc địa,Lào Cai,Cần theo dõi,Tương tác rất cao,357482500.0,1700200000.0,1419282.8333333333,183.41666666666666,30.166666666666668
KH00113605,Financially Healthy & Highly Engaged,67,Nữ,Kiến trúc sư,Ninh Bình,Ổn định,Tương tác rất cao,855757500.0,3314400000.0,1612557.0,243.75,30.25
KH00113610,Financially Healthy & Highly Engaged,23,Nữ,Chuyên viên kinh doanh công nghệ thông tin,Hà Nội,Ổn định,Tương tác rất cao,1132844166.6666667,5264000000.0,1835774.25,365.3333333333333,30.416666666666668
KH00113645,Financially Healthy but Disengaged,44,Nữ,Nhà giao dịch tài chính,Bắc Ninh,Ổn định,Tương tác rất cao,716853333.3333334,2984300000.0,1445104.5833333333,244.25,30.416666666666668
KH00113650,Financially Stretched but Highly Engaged,16,Nữ,Nhà trị liệu tâm lý trẻ em,Hà Nội,Ổn định,Tương tác rất cao,904855000.0,4542300000.0,1823845.4166666667,364.4166666666667,30.416666666666668
KH00113725,Financially Stretched but Highly Engaged,23,Nữ,Chủ nhiệm ánh sáng trường quay,Ninh Bình,Ổn định,Tương tác rất cao,257422500.0,1236700000.0,1897318.5,122.91666666666667,28.5
KH00113730,Financially Healthy but Disengaged,56,Nữ,Nhà địa hóa học,Nghệ An,Ổn định,Tương tác cao,305411666.6666667,1457100000.0,1672674.75,122.16666666666667,28.833333333333332
KH00113765,Low Engagement & Financially Vulnerable,51,Nam,Quản trị viên nghệ thuật,Cà Mau,Ổn định,Tương tác cao,117542500.0,349500000.0,1783497.6666666667,61.333333333333336,25.75
KH00113770,Financially Stretched but Highly Engaged,30,Nam,Chuyên viên tư vấn thuế,Thành phố Hồ Chí Minh,Ổn định,Tương tác cao,258867500.0,816300000.0,1648938.5833333333,122.16666666666667,29.083333333333332
KH00113805,Financially Healthy but Disengaged,61,Nam,Kỹ sư khoan,Gia Lai,Ổn định,Tương tác cao,213572500.0,996400000.0,1895914.8333333333,61.5,25.666666666666668
KH00113810,Financially Healthy but Disengaged,35,Nữ,Chuyên viên cây xanh cảnh quan,Hải Phòng,Ổn định,Tương tác cao,357895000.0,1577900000.0,1369916.5833333333,182.75,30.166666666666668
KH00113845,Financially Healthy & Highly Engaged,31,Nam,Chuyên viên công nghệ dệt may,Vĩnh Long,Ổn định,Tương tác cao,557377500.0,2774600000.0,2328349.3333333335,182.75,30.333333333333332
KH00113850,Emerging Digital Customers,24,Nữ,Chuyên viên phân tích hệ thống,Phú Thọ,Ổn định,Tương tác cao,176839166.66666666,758800000.0,1831899.1666666667,61.166666666666664,24.166666666666668
KH00113885,Financially Healthy & Highly Engaged,32,Nam,Nhà khoa học thổ nhưỡng,Hưng Yên,Ổn định,Tương tác rất cao,749928333.3333334,3048800000.0,2459474.9166666665,182.83333333333334,30.333333333333332
KH00113890,Financially Stretched but Highly Engaged,66,Nam,Quản trị viên,Đồng Tháp,Ổn định,Tương tác rất cao,480135000.0,1639600000.0,1668206.75,243.41666666666666,30.416666666666668
KH00113930,Financially Healthy & Highly Engaged,23,Nữ,Giáo viên giáo dục đặc biệt,Thành phố Hồ Chí Minh,Ổn định,Tương tác cao,336112500.0,1072500000.0,1216930.5833333333,183.41666666666666,30.166666666666668
KH00113965,Low Engagement & Financially Vulnerable,25,Nữ,Điều dưỡng nhi khoa,Lâm Đồng,Ổn định,Tương tác rất cao,91075833.33333333,414400000.0,1693941.25,62.083333333333336,24.833333333333332
KH00113970,Financially Healthy but Disengaged,47,Nữ,Kỹ sư ô tô,Thành phố Hồ Chí Minh,Ổn định,Tương tác rất cao,695475833.3333334,1760500000.0,1464219.0833333333,243.25,30.333333333333332
KH00114005,Financially Healthy & Highly Engaged,37,Nữ,Kế toán công chứng,Hưng Yên,Ổn định,Tương tác rất cao,504913333.3333333,1842500000.0,2197289.8333333335,122.33333333333333,29.416666666666668
KH00114010,Financially Stretched but Highly Engaged,69,Nữ,Cán bộ giáo dục cộng đồng,Phú Thọ,Ổn định,Tương tác cao,469808333.3333333,1252600000.0,1516421.9166666667,243.08333333333334,30.333333333333332
KH00114045,Financially Stretched but Highly Engaged,33,Nữ,Chuyên viên khảo sát khoáng sản,Hưng Yên,Cần theo dõi,Tương tác rất cao,697644166.6666666,2767700000.0,1476247.4166666667,365.5,30.416666666666668
KH00114050,Financially Healthy & Highly Engaged,30,Nam,Giảng viên công nghệ thông tin,Thái Nguyên,Khỏe mạnh,Tương tác cao,626088333.3333334,2442900000.0,1473958.8333333333,243.5,30.333333333333332
KH00114085,Financially Stretched but Highly Engaged,30,Nữ,Chuyên viên dựng phim,Cần Thơ,Ổn định,Tương tác rất cao,848280000.0,2942700000.0,2284372.4166666665,304.5,30.416666666666668
KH00114090,Essential-Spend-Focused Customers,64,Nữ,Chuyên viên dựng phim,Hải Phòng,Ổn định,Tương tác rất cao,251040000.0,645100000.0,1536838.75,122.16666666666667,29.666666666666668
KH00114125,Financially Healthy & Highly Engaged,33,Nam,Nhà tâm lý học lâm sàng,Khánh Hòa,Ổn định,Tương tác cao,243630000.0,913700000.0,1332728.75,121.75,28.75
KH00114130,Financially Stretched but Highly Engaged,21,Nữ,Chuyên viên trị liệu thể thao,Đồng Nai,Ổn định,Tương tác cao,524363333.3333333,2655900000.0,1240433.6666666667,303.9166666666667,30.333333333333332
KH00114165,Financially Healthy but Disengaged,72,Nữ,Quản lý phòng tranh,Đồng Nai,Ổn định,Tương tác rất cao,320555000.0,838700000.0,1687933.5833333333,122.5,29.666666666666668
KH00114170,Low Engagement & Financially Vulnerable,31,Nam,Chuyên viên tư vấn công nghệ thông tin,Nghệ An,Ổn định,Tương tác rất cao,240450000.0,1180900000.0,1675903.75,121.83333333333333,29.666666666666668
KH00114205,Financially Stretched but Highly Engaged,75,Nữ,Lập trình viên hệ thống,Huế,Ổn định,Tương tác cao,585866666.6666666,1747200000.0,1592044.0,243.0,30.25
KH00114245,Financially Healthy but Disengaged,57,Nữ,Nhà địa chất hiện trường,Thành phố Hồ Chí Minh,Khỏe mạnh,Tương tác cao,282085000.0,1055600000.0,1561984.5,122.0,29.25
KH00114250,Financially Healthy but Disengaged,46,Nam,Luật sư tư vấn (Scotland),Tây Ninh,Cần theo dõi,Tương tác rất cao,316716666.6666667,946300000.0,2488654.0833333335,61.666666666666664,24.916666666666668
KH00114290,Financially Healthy but Disengaged,73,Nữ,Quản lý trung tâm thể hình,Đồng Nai,Khỏe mạnh,Tương tác cao,304399166.6666667,908500000.0,1556625.9166666667,122.25,29.583333333333332
KH00114325,Essential-Spend-Focused Customers,65,Nam,Chuyên viên ngân hàng bán lẻ,Bắc Ninh,Ổn định,Tương tác rất cao,602290833.3333334,1707300000.0,1496581.5,243.0,30.25
KH00114330,Financially Healthy & Highly Engaged,43,Nữ,Chuyên viên vật lý trị liệu,Khánh Hòa,Ổn định,Tương tác cao,978040833.3333334,4876100000.0,2240114.4166666665,303.1666666666667,30.416666666666668
KH00114365,Financially Stretched but Highly Engaged,42,Nam,Nhà báo,Tuyên Quang,Ổn định,Tương tác rất cao,599686666.6666666,2626100000.0,1483977.75,304.3333333333333,30.416666666666668
KH00114370,Low Engagement & Financially Vulnerable,59,Nam,Kỹ thuật viên chẩn đoán hình ảnh,Thành phố Hồ Chí Minh,Ổn định,Tương tác cao,126444166.66666667,585700000.0,1579446.0833333333,61.166666666666664,25.333333333333332
KH00114405,Financially Stretched but Highly Engaged,25,Nam,Biên tập viên chuyên đề tạp chí,Cà Mau,Ổn định,Tương tác cao,345705833.3333333,1449600000.0,1668956.5,182.25,30.083333333333332
KH00114410,Low Engagement & Financially Vulnerable,48,Nam,Người dẫn chương trình phát sóng,Quảng Ngãi,Ổn định,Tương tác cao,746304166.6666666,2117400000.0,2386749.5,243.75,30.333333333333332
KH00114445,Low Engagement & Financially Vulnerable,43,Nữ,Nhà kinh tế học,Nghệ An,Ổn định,Tương tác cao,110175000.0,447200000.0,1564390.0833333333,61.666666666666664,24.75
KH00114450,Essential-Spend-Focused Customers,53,Nam,Chuyên viên nhân sự,Hà Nội,Ổn định,Tương tác cao,376209166.6666667,1239600000.0,1538099.5,182.16666666666666,30.25
KH00114485,Low Engagement & Financially Vulnerable,31,Nữ,Giáo viên giáo dục người lớn,Cà Mau,Có dấu hiệu căng thẳng tài chính,Tương tác cao,128099166.66666667,525200000.0,1566950.3333333333,61.416666666666664,25.25
KH00114490,Essential-Spend-Focused Customers,53,Nữ,Nhà tâm lý học tư vấn,Tuyên Quang,Ổn định,Tương tác rất cao,370502500.0,1744300000.0,1448776.6666666667,182.83333333333334,30.25
KH00114525,Financially Healthy & Highly Engaged,82,Nam,Nhà thiết kế gốm sứ,Hà Nội,Ổn định,Tương tác rất cao,529348333.3333333,1882200000.0,1480198.1666666667,243.33333333333334,30.416666666666668
KH00114530,Financially Stretched but Highly Engaged,34,Nam,Chuyên viên nghiên cứu công đoàn,Phú Thọ,Khỏe mạnh,Tương tác cao,249959166.66666666,965900000.0,1545503.5833333333,122.25,29.333333333333332
KH00114565,Financially Healthy & Highly Engaged,56,Nam,Giảng viên giáo dục thường xuyên,Hà Nội,Ổn định,Tương tác cao,514336666.6666667,2020500000.0,1580811.0833333333,183.33333333333334,30.25
KH00114570,Low Engagement & Financially Vulnerable,39,Nam,Nhà thiết kế sản phẩm công nghiệp,Quảng Trị,Ổn định,Tương tác cao,200470000.0,725800000.0,2550523.25,61.416666666666664,26.5
KH00114610,Low Engagement & Financially Vulnerable,79,Nam,Biên tập viên hiệu đính,Hưng Yên,Ổn định,Tương tác cao,341975000.0,1537600000.0,1584491.3333333333,181.66666666666666,30.166666666666668
KH00114645,Essential-Spend-Focused Customers,48,Nữ,Kỹ sư cấp thoát nước,Hà Nội,Ổn định,Tương tác rất cao,848126666.6666666,2716500000.0,1311213.5,363.75,30.416666666666668
KH00114650,Low Engagement & Financially Vulnerable,52,Nam,Chuyên viên dựng phim,Điện Biên,Cần theo dõi,Tương tác cao,129610000.0,340500000.0,1770337.3333333333,60.916666666666664,24.75
KH00114685,Low Engagement & Financially Vulnerable,26,Nữ,Chuyên viên tư vấn hướng nghiệp bậc đại học,Thanh Hóa,Ổn định,Tương tác cao,175233333.33333334,828300000.0,2476302.6666666665,61.916666666666664,24.833333333333332
KH00114690,Low Engagement & Financially Vulnerable,91,Nữ,Nhà văn khoa học,Hà Nội,Cần theo dõi,Tương tác cao,430339166.6666667,1766700000.0,1668791.0,182.83333333333334,30.166666666666668
KH00114730,Financially Stretched but Highly Engaged,67,Nữ,Chuyên viên trắc địa,Bắc Ninh,Ổn định,Tương tác cao,487758333.3333333,2020600000.0,1523799.5833333333,243.83333333333334,30.416666666666668
KH00114765,Low Engagement & Financially Vulnerable,58,Nữ,Chuyên viên tư vấn hưu trí,Hưng Yên,Ổn định,Tương tác cao,275451666.6666667,790700000.0,1806530.4166666667,122.25,29.333333333333332
KH00114770,Financially Healthy & Highly Engaged,29,Nữ,Nhà khoa học nghiên cứu toán học,Thanh Hóa,Ổn định,Tương tác cao,430288333.3333333,1804900000.0,1375965.5,182.16666666666666,30.25
KH00114805,Financially Healthy & Highly Engaged,22,Nữ,Nhà tâm lý học pháp y,Nghệ An,Ổn định,Tương tác rất cao,1103810833.3333333,4151400000.0,1902093.1666666667,365.3333333333333,30.416666666666668
KH00114845,Financially Healthy & Highly Engaged,35,Nam,Kỹ sư công trường,Lai Châu,Ổn định,Tương tác cao,896035000.0,2452800000.0,1592402.6666666667,304.25,30.416666666666668
KH00114850,Financially Healthy but Disengaged,66,Nam,Kỹ sư sản xuất,Cần Thơ,Ổn định,Tương tác cao,186165000.0,904000000.0,1560485.9166666667,61.333333333333336,25.083333333333332
KH00114885,Low Engagement & Financially Vulnerable,87,Nam,Người phụ trách bảo tàng,Hà Nội,Ổn định,Tương tác cao,118664166.66666667,340100000.0,1559725.75,61.5,25.25
KH00114890,Low Engagement & Financially Vulnerable,34,Nữ,Điều dưỡng tâm thần,Đà Nẵng,Cần theo dõi,Tương tác cao,355281666.6666667,1561400000.0,1404206.9166666667,183.41666666666666,29.916666666666668
KH00114925,Emerging Digital Customers,39,Nam,Tiếp viên hàng không,Đà Nẵng,Ổn định,Tương tác cao,97600000.0,303300000.0,1449851.0,61.583333333333336,25.583333333333332
KH00114930,Financially Healthy but Disengaged,59,Nữ,Chuyên viên quy hoạch giao thông,Ninh Bình,Ổn định,Tương tác cao,164973333.33333334,648000000.0,1807935.8333333333,61.333333333333336,24.75
KH00114965,Essential-Spend-Focused Customers,66,Nữ,Kỹ sư khai thác mỏ,Nghệ An,Ổn định,Tương tác cao,601494166.6666666,2577200000.0,1534874.1666666667,243.66666666666666,30.333333333333332
KH00114970,Financially Stretched but Highly Engaged,33,Nam,Nhà hải dương học,Đồng Nai,Ổn định,Tương tác cao,548476666.6666666,1741800000.0,2442938.25,182.66666666666666,30.416666666666668
KH00115005,Essential-Spend-Focused Customers,59,Nữ,Chuyên viên dựng phim,Cần Thơ,Ổn định,Tương tác cao,336824166.6666667,1581200000.0,1500745.8333333333,183.5,30.25
KH00115010,Financially Healthy but Disengaged,79,Nữ,Chuyên viên ngân hàng đầu tư doanh nghiệp,Hải Phòng,Khỏe mạnh,Tương tác cao,418210833.3333333,2165000000.0,1833823.5833333333,122.08333333333333,29.416666666666668
KH00115045,Emerging Digital Customers,32,Nữ,Chuyên viên nghiên cứu công đoàn,Hưng Yên,Cần theo dõi,Tương tác cao,190691666.66666666,784300000.0,2108841.3333333335,61.75,26.0
KH00115050,Financially Healthy & Highly Engaged,42,Nữ,Tổng giám đốc điều hành,Phú Thọ,Ổn định,Tương tác cao,1941322500.0,8785800000.0,2103648.0833333335,363.0833333333333,30.416666666666668
KH00115085,Financially Stretched but Highly Engaged,29,Nữ,Chuyên viên tư vấn tâm lý,Đà Nẵng,Ổn định,Tương tác rất cao,559235000.0,2055500000.0,1402429.5833333333,304.4166666666667,30.416666666666668
KH00115090,Emerging Digital Customers,25,Nam,Nhà khoa học chất lượng nước,Thành phố Hồ Chí Minh,Ổn định,Tương tác cao,194160833.33333334,507000000.0,1720858.8333333333,61.166666666666664,26.5
KH00115125,Financially Healthy but Disengaged,92,Nam,Nhà khoa học nghiên cứu toán học,Phú Thọ,Ổn định,Tương tác cao,502899166.6666667,2140800000.0,1587283.25,182.08333333333334,30.25
KH00115130,Emerging Digital Customers,19,Nam,Nhà địa hóa học,Ninh Bình,Có dấu hiệu căng thẳng tài chính,Tương tác rất cao,95628333.33333333,440100000.0,1661813.8333333333,61.916666666666664,23.75
KH00115165,Financially Healthy but Disengaged,66,Nữ,Giáo sư danh dự,Đồng Tháp,Ổn định,Tương tác cao,180206666.66666666,735600000.0,1646871.25,61.166666666666664,25.166666666666668
KH00115170,Financially Healthy & Highly Engaged,36,Nữ,Kỹ sư hóa học,Hà Nội,Ổn định,Tương tác cao,1102861666.6666667,5358300000.0,2148253.9166666665,243.33333333333334,30.333333333333332
KH00115205,Financially Stretched but Highly Engaged,32,Nữ,Chuyên viên dự toán xây dựng,Quảng Trị,Khỏe mạnh,Tương tác cao,338014166.6666667,1325200000.0,1494199.6666666667,183.33333333333334,30.333333333333332
KH00115210,Financially Healthy & Highly Engaged,35,Nữ,Quản lý sản xuất,Thành phố Hồ Chí Minh,Khỏe mạnh,Tương tác cao,668800833.3333334,2047600000.0,1604988.75,243.33333333333334,30.333333333333332
KH00115245,Financially Stretched but Highly Engaged,29,Nam,Chuyên viên sinh lý vận động,Thái Nguyên,Khỏe mạnh,Tương tác rất cao,217702500.0,615400000.0,1514191.1666666667,121.91666666666667,29.333333333333332
KH00115250,Essential-Spend-Focused Customers,74,Nữ,Chuyên viên khảo sát bất động sản,Hà Nội,Ổn định,Tương tác cao,110382500.0,317000000.0,1542045.4166666667,61.583333333333336,24.916666666666668
KH00115285,Financially Healthy & Highly Engaged,57,Nữ,Nhà tâm lý học tư vấn,Lào Cai,Ổn định,Tương tác cao,645177500.0,2939100000.0,1595349.3333333333,243.66666666666666,30.416666666666668
KH00115290,Financially Healthy & Highly Engaged,41,Nữ,Luật sư sở hữu trí tuệ,Đồng Tháp,Ổn định,Tương tác rất cao,1809505833.3333333,5084300000.0,2293269.5833333335,364.75,30.416666666666668
KH00115325,Financially Healthy & Highly Engaged,21,Nữ,Nhà địa hóa học,Hà Nội,Ổn định,Tương tác cao,363556666.6666667,1460700000.0,1810724.0,122.33333333333333,28.666666666666668
KH00115330,Financially Stretched but Highly Engaged,65,Nam,Chuyên viên nghiên cứu xã hội,Bắc Ninh,Ổn định,Tương tác cao,500755833.3333333,1989700000.0,1535033.8333333333,243.83333333333334,30.416666666666668
KH00115365,Financially Stretched but Highly Engaged,31,Nam,Nhân viên phát triển cộng đồng,Hà Nội,Ổn định,Tương tác rất cao,744330833.3333334,2712100000.0,2391900.5,243.58333333333334,30.333333333333332
KH00115405,Financially Stretched but Highly Engaged,27,Nam,Chuyên viên tư vấn nông nghiệp,Đắk Lắk,Ổn định,Tương tác cao,710659166.6666666,3472000000.0,2399365.0833333335,243.91666666666666,30.416666666666668
KH00115410,Emerging Digital Customers,66,Nam,Chuyên viên thuế cấp cao,Phú Thọ,Ổn định,Tương tác cao,122836666.66666667,548300000.0,1824370.5833333333,61.25,24.666666666666668
KH00115445,Financially Stretched but Highly Engaged,30,Nữ,Nhà trị liệu tâm lý trẻ em,Lâm Đồng,Có dấu hiệu căng thẳng tài chính,Tương tác rất cao,211587500.0,1038500000.0,1595715.8333333333,122.16666666666667,29.833333333333332
KH00115450,Financially Healthy & Highly Engaged,43,Nữ,Chuyên viên khảo sát nông thôn,Lâm Đồng,Ổn định,Tương tác rất cao,1102580833.3333333,4832700000.0,2165628.5,303.5833333333333,30.416666666666668
KH00115485,Financially Healthy but Disengaged,64,Nữ,Quản lý quỹ hưu trí,Cần Thơ,Ổn định,Tương tác rất cao,623493333.3333334,2671800000.0,1520871.9166666667,243.0,30.333333333333332
KH00115490,Financially Healthy & Highly Engaged,46,Nữ,Quản lý quán bar,Hà Nội,Ổn định,Tương tác rất cao,882548333.3333334,3508300000.0,2337707.1666666665,243.0,30.416666666666668
KH00115525,Essential-Spend-Focused Customers,30,Nữ,Giám đốc công nghệ,Cần Thơ,Khỏe mạnh,Tương tác cao,225515833.33333334,859300000.0,1628986.9166666667,62.083333333333336,25.416666666666668
KH00115530,Financially Stretched but Highly Engaged,38,Nữ,Chuyên viên quy hoạch và phát triển,Đắk Lắk,Ổn định,Tương tác rất cao,549495833.3333334,1974800000.0,2190183.0833333335,182.66666666666666,30.166666666666668
KH00115565,Essential-Spend-Focused Customers,71,Nữ,Phi công hàng không,Lạng Sơn,Ổn định,Tương tác cao,187309166.66666666,741600000.0,1574959.6666666667,61.0,25.583333333333332
KH00115570,Financially Healthy but Disengaged,30,Nam,Chuyên viên quản lý khách hàng quảng cáo,Đồng Nai,Ổn định,Tương tác cao,220694166.66666666,676500000.0,2413149.3333333335,61.75,25.416666666666668
KH00115610,Financially Stretched but Highly Engaged,41,Nam,Biên tập viên chuyên đề tạp chí,Phú Thọ,Ổn định,Tương tác cao,376745000.0,1485400000.0,1556326.4166666667,182.41666666666666,29.833333333333332
KH00115650,Financially Stretched but Highly Engaged,45,Nam,Cán bộ giáo dục môi trường,Hà Tĩnh,Cần theo dõi,Tương tác cao,189815000.0,614900000.0,1601618.0833333333,122.58333333333333,29.0
KH00115685,Financially Stretched but Highly Engaged,47,Nam,Lính cứu hỏa,Đắk Lắk,Ổn định,Tương tác rất cao,594705000.0,2403700000.0,1517685.0,304.1666666666667,30.416666666666668
KH00115690,Financially Stretched but Highly Engaged,30,Nữ,Kiểm soát viên tài chính,An Giang,Ổn định,Tương tác rất cao,690454166.6666666,2681400000.0,1524448.6666666667,365.3333333333333,30.416666666666668
KH00115725,Financially Stretched but Highly Engaged,33,Nam,Chuyên viên quy hoạch đô thị,Ninh Bình,Ổn định,Tương tác cao,637160833.3333334,1905500000.0,1411481.3333333333,304.5833333333333,30.416666666666668
KH00115730,Financially Stretched but Highly Engaged,28,Nữ,Kỹ thuật viên xạ trị,Tây Ninh,Ổn định,Tương tác rất cao,1065469166.6666666,3070300000.0,2303288.5,364.5833333333333,30.416666666666668
KH00115770,Low Engagement & Financially Vulnerable,64,Nam,Người bán sách,Đồng Nai,Khỏe mạnh,Tương tác cao,132168333.33333333,356400000.0,1648945.3333333333,61.333333333333336,25.0
KH00115805,Essential-Spend-Focused Customers,76,Nam,Nhà trị liệu tâm lý trẻ em,Lâm Đồng,Ổn định,Tương tác cao,225295000.0,634100000.0,1459510.6666666667,121.5,29.25
KH00115810,Financially Healthy but Disengaged,88,Nam,Điều dưỡng khuyết tật học tập,Bắc Ninh,Khỏe mạnh,Tương tác cao,129899166.66666667,546600000.0,1523165.4166666667,61.916666666666664,25.583333333333332
KH00115845,Financially Healthy but Disengaged,79,Nữ,Chuyên viên tư vấn quan hệ công chúng,Nghệ An,Có dấu hiệu căng thẳng tài chính,Tương tác rất cao,315086666.6666667,1466300000.0,1711340.5833333333,122.5,29.083333333333332
KH00115850,Financially Stretched but Highly Engaged,43,Nữ,Nhà dược lý học,Hưng Yên,Ổn định,Tương tác cao,631958333.3333334,1920900000.0,2274090.1666666665,183.5,30.25
KH00115885,Financially Healthy but Disengaged,44,Nam,Kỹ sư hóa học,Hà Nội,Khỏe mạnh,Tương tác cao,370974166.6666667,1093100000.0,1550851.9166666667,122.16666666666667,29.916666666666668
KH00115890,Financially Healthy but Disengaged,45,Nam,Chuyên viên dựng phim,Hà Nội,Ổn định,Tương tác rất cao,692480833.3333334,2429000000.0,2370595.9166666665,182.75,30.0
KH00115925,Financially Healthy & Highly Engaged,30,Nữ,Giảng viên công nghệ thông tin,Ninh Bình,Ổn định,Tương tác rất cao,1509824166.6666667,5858000000.0,2080951.3333333333,363.5,30.416666666666668
KH00115930,Financially Healthy & Highly Engaged,44,Nữ,Nhà khoa học nghiên cứu khoa học tự nhiên,Hà Nội,Ổn định,Tương tác cao,606639166.6666666,2976900000.0,1425047.4166666667,242.83333333333334,30.416666666666668
KH00115965,Low Engagement & Financially Vulnerable,63,Nữ,Biên tập viên chuyên đề tạp chí,Lạng Sơn,Cần theo dõi,Tương tác rất cao,232639166.66666666,995900000.0,1745799.1666666667,122.41666666666667,28.916666666666668
KH00115970,Financially Healthy & Highly Engaged,40,Nam,Chuyên viên nghiên cứu vận hành,Thành phố Hồ Chí Minh,Khỏe mạnh,Tương tác cao,760711666.6666666,3309900000.0,1517175.9166666667,304.75,30.416666666666668
KH00116005,Financially Healthy but Disengaged,65,Nam,Kỹ sư mạng,Thành phố Hồ Chí Minh,Khỏe mạnh,Tương tác cao,490613333.3333333,2198900000.0,1690852.0833333333,122.58333333333333,29.583333333333332
KH00116010,Low Engagement & Financially Vulnerable,70,Nam,Nhân viên y tế cộng đồng,Thành phố Hồ Chí Minh,Ổn định,Tương tác rất cao,417387500.0,1297600000.0,1691505.0833333333,182.58333333333334,30.333333333333332
KH00116045,Low Engagement & Financially Vulnerable,54,Nữ,Nhà sinh thái học,Hưng Yên,Ổn định,Tương tác cao,192517500.0,542900000.0,1488053.5833333333,122.33333333333333,29.0
KH00116050,Low Engagement & Financially Vulnerable,69,Nữ,Chuyên viên hoạch định quảng cáo,Vĩnh Long,Có dấu hiệu căng thẳng tài chính,Tương tác cao,291295000.0,855800000.0,1976075.5833333333,122.25,29.833333333333332
KH00116085,Low Engagement & Financially Vulnerable,60,Nam,Chuyên viên dự toán xây dựng,Lâm Đồng,Ổn định,Tương tác cao,116702500.0,522100000.0,1609066.4166666667,61.333333333333336,25.25
KH00116090,Financially Stretched but Highly Engaged,55,Nữ,Nhạc sĩ,Sơn La,Ổn định,Tương tác cao,215524166.66666666,969700000.0,1794713.5833333333,122.25,29.583333333333332
KH00116130,Financially Stretched but Highly Engaged,85,Nữ,Nhà thiết kế sản phẩm,Thành phố Hồ Chí Minh,Cần theo dõi,Tương tác rất cao,471750000.0,1968900000.0,1704091.5,243.66666666666666,30.333333333333332
KH00116165,Financially Healthy but Disengaged,73,Nam,Kỹ sư kết cấu,Quảng Ninh,Khỏe mạnh,Tương tác cao,186081666.66666666,510000000.0,1771856.1666666667,61.333333333333336,25.75
KH00116170,Financially Stretched but Highly Engaged,74,Nam,Nhà trị liệu tâm lý trẻ em,Đà Nẵng,Ổn định,Tương tác cao,430708333.3333333,1322300000.0,1589219.3333333333,182.5,30.416666666666668
KH00116205,Low Engagement & Financially Vulnerable,61,Nữ,Biên tập viên chuyên đề tạp chí,An Giang,Ổn định,Tương tác cao,121710833.33333333,507200000.0,1701215.5833333333,61.166666666666664,25.916666666666668
KH00116210,Financially Healthy & Highly Engaged,83,Nam,Chuyên viên khảo sát công trình,Hà Nội,Ổn định,Tương tác cao,561667500.0,2656900000.0,1625371.1666666667,243.91666666666666,30.416666666666668
KH00116245,Financially Healthy & Highly Engaged,26,Nữ,Nhà khảo cổ học,Hà Nội,Ổn định,Tương tác rất cao,466894166.6666667,1893800000.0,2290047.3333333335,122.58333333333333,29.333333333333332
KH00116250,Essential-Spend-Focused Customers,60,Nam,Kỹ sư năng lượng,An Giang,Ổn định,Tương tác rất cao,624321666.6666666,2686000000.0,1521751.25,243.75,30.25
KH00116285,Financially Healthy & Highly Engaged,64,Nam,Nhà khoa học thính học,Lâm Đồng,Ổn định,Tương tác cao,743580000.0,3190200000.0,1657912.1666666667,243.5,30.333333333333332
KH00116290,Low Engagement & Financially Vulnerable,37,Nữ,Nhà thiết kế web,Sơn La,Khỏe mạnh,Tương tác cao,204345833.33333334,884300000.0,1426504.9166666667,122.08333333333333,29.666666666666668
KH00116325,Financially Stretched but Highly Engaged,49,Nữ,Cán bộ thủy sản,Vĩnh Long,Ổn định,Tương tác rất cao,650026666.6666666,1948300000.0,2271101.0,244.0,30.333333333333332
KH00116330,Financially Stretched but Highly Engaged,33,Nữ,Chuyên viên tư vấn tâm lý,Vĩnh Long,Ổn định,Tương tác cao,717340000.0,2838600000.0,2265998.5,243.66666666666666,30.416666666666668
KH00116365,Financially Healthy but Disengaged,62,Nam,Quản lý tổng đài,Gia Lai,Ổn định,Tương tác cao,424326666.6666667,1968400000.0,1591162.4166666667,182.83333333333334,30.083333333333332
KH00116405,Financially Healthy but Disengaged,62,Nữ,Chuyên viên thu mua công nghiệp,Hải Phòng,Ổn định,Tương tác cao,143212500.0,622000000.0,1661162.6666666667,61.083333333333336,26.166666666666668
KH00116410,Low Engagement & Financially Vulnerable,58,Nam,Sĩ quan hậu cần quân đội,Hà Nội,Ổn định,Tương tác cao,217510833.33333334,977300000.0,1474901.9166666667,122.08333333333333,29.75
KH00116450,Low Engagement & Financially Vulnerable,59,Nữ,Chuyên viên trị liệu bằng làm vườn,Hải Phòng,Ổn định,Tương tác cao,121551666.66666667,485100000.0,1800545.6666666667,61.833333333333336,25.666666666666668
KH00116490,Low Engagement & Financially Vulnerable,50,Nữ,Nhà thiết kế gốm sứ,Tây Ninh,Ổn định,Tương tác rất cao,419068333.3333333,1307200000.0,1627457.9166666667,182.75,30.083333333333332
KH00116525,Financially Healthy & Highly Engaged,75,Nữ,Kỹ sư đóng tàu,Hà Nội,Ổn định,Tương tác cao,623072500.0,1717800000.0,1574868.25,243.66666666666666,30.333333333333332
KH00116530,Financially Healthy & Highly Engaged,40,Nam,Kỹ sư nông nghiệp,Lâm Đồng,Khỏe mạnh,Tương tác cao,889990833.3333334,4315600000.0,2366314.4166666665,182.91666666666666,30.25
KH00116565,Low Engagement & Financially Vulnerable,58,Nam,Quản lý dịch vụ y tế,Phú Thọ,Ổn định,Tương tác cao,256658333.33333334,895200000.0,1623073.5833333333,121.91666666666667,29.333333333333332
KH00116570,Financially Healthy & Highly Engaged,44,Nam,Nhà tâm lý học thể thao,Cần Thơ,Ổn định,Tương tác rất cao,450095833.3333333,1987900000.0,1589162.4166666667,183.5,30.333333333333332
KH00116610,Financially Stretched but Highly Engaged,45,Nam,Nhà thiết kế triển lãm,Đắk Lắk,Cần theo dõi,Tương tác rất cao,606714166.6666666,1988400000.0,1512618.75,304.5833333333333,30.416666666666668
KH00116650,Financially Healthy & Highly Engaged,42,Nữ,Nhà giao dịch tài chính,Thanh Hóa,Ổn định,Tương tác rất cao,478246666.6666667,1420500000.0,2271914.8333333335,122.25,29.583333333333332
KH00116685,Essential-Spend-Focused Customers,29,Nam,Nhà trị liệu tâm lý trẻ em,Thành phố Hồ Chí Minh,Khỏe mạnh,Tương tác cao,124099166.66666667,428200000.0,1526383.5833333333,61.583333333333336,25.583333333333332
KH00116690,Financially Healthy but Disengaged,42,Nam,Chuyên viên phục chế bảo tàng,Thành phố Hồ Chí Minh,Ổn định,Tương tác cao,409980833.3333333,2039900000.0,2502460.3333333335,122.33333333333333,29.666666666666668
KH00116730,Financially Healthy & Highly Engaged,48,Nam,Nhà khoa học y sinh,Thành phố Hồ Chí Minh,Ổn định,Tương tác cao,482407500.0,1924700000.0,1507167.75,182.33333333333334,30.25
KH00116765,Emerging Digital Customers,27,Nữ,Nhân viên phát triển cộng đồng,An Giang,Ổn định,Tương tác cao,148675000.0,496900000.0,2253191.6666666665,62.0,24.416666666666668
KH00116770,Financially Healthy but Disengaged,34,Nữ,Chuyên viên công nghệ màu sắc,Nghệ An,Ổn định,Tương tác trung bình,114108333.33333333,498200000.0,1471290.5,62.0,26.0
KH00116810,Financially Healthy but Disengaged,45,Nam,Kỹ sư khoan,Hà Nội,Ổn định,Tương tác cao,686639166.6666666,3450200000.0,1608848.75,243.33333333333334,30.333333333333332
KH00116845,Financially Stretched but Highly Engaged,58,Nam,Chuyên viên dự toán xây dựng,Đồng Nai,Ổn định,Tương tác rất cao,375380000.0,1069200000.0,1580839.9166666667,183.0,30.333333333333332
KH00116850,Emerging Digital Customers,31,Nam,Chuyên viên trị liệu nghệ thuật,Quảng Ngãi,Khỏe mạnh,Tương tác cao,98561666.66666667,409100000.0,1523979.75,61.416666666666664,25.416666666666668
KH00116885,Low Engagement & Financially Vulnerable,59,Nữ,Chuyên viên công nghệ kiến trúc,Nghệ An,Ổn định,Tương tác rất cao,237451666.66666666,723600000.0,1511195.75,122.16666666666667,29.583333333333332
KH00116890,Financially Healthy & Highly Engaged,66,Nữ,Luật sư sáng chế,Tuyên Quang,Ổn định,Tương tác rất cao,785376666.6666666,1999500000.0,1553600.25,243.25,30.333333333333332
KH00116925,Financially Healthy & Highly Engaged,54,Nam,Nhà giao dịch cổ phiếu,Vĩnh Long,Ổn định,Tương tác cao,608709166.6666666,2932900000.0,1610605.9166666667,182.5,30.083333333333332
KH00116930,Financially Healthy & Highly Engaged,35,Nam,Nhà khoa học địa chất,Thanh Hóa,Ổn định,Tương tác rất cao,863586666.6666666,2224800000.0,1675295.75,304.3333333333333,30.416666666666668
KH00116965,Financially Healthy & Highly Engaged,75,Nam,Chuyên viên phân tích hệ thống,Thành phố Hồ Chí Minh,Ổn định,Tương tác rất cao,538275000.0,1986800000.0,1667157.25,183.16666666666666,30.333333333333332
KH00116970,Financially Stretched but Highly Engaged,30,Nam,Chuyên viên gây quỹ từ thiện,Thái Nguyên,Ổn định,Tương tác cao,347350000.0,1346900000.0,2477349.5833333335,122.25,30.0
KH00117005,Financially Healthy but Disengaged,79,Nam,Kỹ sư dầu khí,Cà Mau,Khỏe mạnh,Tương tác cao,547564166.6666666,2200700000.0,1648145.8333333333,182.75,30.0
KH00117010,Emerging Digital Customers,67,Nữ,Nhà khoa học thổ nhưỡng,Quảng Ninh,Cần theo dõi,Tương tác rất cao,174318333.33333334,778700000.0,1731502.25,61.5,26.25
KH00117045,Financially Stretched but Highly Engaged,34,Nữ,Cán bộ trại giam,Bắc Ninh,Ổn định,Tương tác rất cao,498864166.6666667,2477000000.0,2205274.0,183.25,30.083333333333332
KH00117050,Low Engagement & Financially Vulnerable,27,Nam,Nhà kinh tế học,Cần Thơ,Ổn định,Tương tác cao,189912500.0,625600000.0,2416433.6666666665,61.416666666666664,25.416666666666668
KH00117085,Financially Healthy & Highly Engaged,36,Nữ,Chuyên viên viết nội dung quảng cáo,Đồng Tháp,Ổn định,Tương tác rất cao,1031411666.6666666,3185500000.0,2090429.4166666667,303.6666666666667,30.416666666666668
KH00117090,Financially Healthy but Disengaged,29,Nam,Quản lý trường quay,Bắc Ninh,Ổn định,Tương tác cao,468074166.6666667,1296100000.0,2278727.6666666665,122.25,29.583333333333332
KH00117125,Essential-Spend-Focused Customers,55,Nam,Giảng viên đại học,Huế,Khỏe mạnh,Tương tác cao,181462500.0,531100000.0,1650147.25,61.833333333333336,25.5
KH00117130,Low Engagement & Financially Vulnerable,49,Nữ,Chuyên viên kinh doanh công nghệ thông tin,Thành phố Hồ Chí Minh,Ổn định,Tương tác cao,122430833.33333333,453600000.0,1434615.4166666667,61.833333333333336,25.583333333333332
KH00117165,Financially Stretched but Highly Engaged,25,Nữ,Cán bộ triển lãm bảo tàng,Vĩnh Long,Cần theo dõi,Tương tác rất cao,551223333.3333334,1543500000.0,1485852.6666666667,364.5,30.416666666666668
KH00117170,Financially Stretched but Highly Engaged,44,Nam,Nhân viên giao nhận vận tải,Thanh Hóa,Ổn định,Tương tác cao,631075833.3333334,1970500000.0,2279894.3333333335,243.33333333333334,30.416666666666668
KH00117205,Low Engagement & Financially Vulnerable,68,Nữ,Nhà địa chất công trình,Quảng Ngãi,Cần theo dõi,Tương tác cao,348453333.3333333,1526400000.0,1708869.0833333333,182.66666666666666,30.166666666666668
KH00117210,Emerging Digital Customers,70,Nữ,Chuyên viên khảo sát thủy văn,Thành phố Hồ Chí Minh,Ổn định,Tương tác cao,159273333.33333334,443500000.0,1754259.5833333333,61.25,26.25
KH00117245,Financially Healthy & Highly Engaged,34,Nam,Luật sư sở hữu trí tuệ,Thành phố Hồ Chí Minh,Ổn định,Tương tác cao,992550000.0,4396200000.0,1496127.6666666667,243.91666666666666,30.416666666666668
KH00117250,Financially Stretched but Highly Engaged,23,Nam,Chuyên viên quan hệ công chúng,Đồng Nai,Ổn định,Tương tác rất cao,447534166.6666667,1649400000.0,1787766.8333333333,182.75,30.333333333333332
KH00117290,Low Engagement & Financially Vulnerable,60,Nữ,Cán bộ quan hệ sắc tộc,Tuyên Quang,Ổn định,Tương tác cao,267391666.66666666,951800000.0,1648790.75,122.33333333333333,29.75
KH00117325,Financially Healthy & Highly Engaged,31,Nam,Bác sĩ chuyên khoa bàn chân,Vĩnh Long,Khỏe mạnh,Tương tác cao,923083333.3333334,3261700000.0,2434747.9166666665,183.08333333333334,30.333333333333332
KH00117330,Low Engagement & Financially Vulnerable,42,Nam,Chuyên viên công nghệ dệt may,Cần Thơ,Ổn định,Tương tác cao,188369166.66666666,522100000.0,2564354.9166666665,61.083333333333336,24.833333333333332
KH00117365,Financially Healthy & Highly Engaged,47,Nam,Chuyên viên trưng bày bán lẻ,Đồng Nai,Ổn định,Tương tác rất cao,693524166.6666666,2622200000.0,1471604.0833333333,304.4166666666667,30.416666666666668
KH00117370,Financially Healthy & Highly Engaged,84,Nữ,Kỹ sư xây dựng thi công,Tuyên Quang,Khỏe mạnh,Tương tác cao,605930000.0,2579800000.0,1772560.6666666667,182.91666666666666,30.0
KH00117405,Financially Healthy & Highly Engaged,90,Nữ,Chuyên viên trang điểm,Bắc Ninh,Ổn định,Tương tác cao,531155833.3333333,1985200000.0,1518164.5,242.5,30.25
KH00117450,Financially Healthy & Highly Engaged,35,Nữ,Kỹ sư năng lượng,An Giang,Ổn định,Tương tác rất cao,818073333.3333334,3666000000.0,1379941.25,303.5,30.416666666666668
KH00117485,Financially Stretched but Highly Engaged,37,Nữ,Giáo viên tiếng anh,Thanh Hóa,Ổn định,Tương tác rất cao,977095833.3333334,3999200000.0,2191462.5833333335,364.0833333333333,30.416666666666668
KH00117490,Financially Healthy & Highly Engaged,29,Nữ,Chuyên viên thu mua công nghiệp,Thành phố Hồ Chí Minh,Khỏe mạnh,Tương tác cao,673550833.3333334,2674100000.0,2318597.3333333335,182.66666666666666,29.916666666666668
KH00117525,Low Engagement & Financially Vulnerable,41,Nam,Trợ lý sản xuất truyền hình,Vĩnh Long,Có dấu hiệu căng thẳng tài chính,Tương tác rất cao,190223333.33333334,468600000.0,2491419.6666666665,61.5,25.583333333333332
KH00117530,Emerging Digital Customers,34,Nam,Nhà địa chấn học hiện trường,Thanh Hóa,Ổn định,Tương tác rất cao,101747500.0,340800000.0,1586748.1666666667,61.166666666666664,25.75
KH00117565,Financially Healthy but Disengaged,27,Nam,Nhà tâm lý học thể thao,Hưng Yên,Ổn định,Tương tác cao,304424166.6666667,1029300000.0,1647888.6666666667,122.33333333333333,29.75
KH00117570,Financially Healthy & Highly Engaged,19,Nam,Kỹ sư trắc địa,Đắk Lắk,Ổn định,Tương tác rất cao,457094166.6666667,1547400000.0,1812880.6666666667,121.66666666666667,29.25
KH00117605,Financially Healthy but Disengaged,61,Nam,Kỹ sư ô tô,Lâm Đồng,Ổn định,Tương tác cao,376150000.0,959600000.0,1705460.8333333333,122.16666666666667,28.416666666666668
KH00117610,Financially Healthy & Highly Engaged,49,Nữ,Giáo viên giáo dục đặc biệt,Nghệ An,Ổn định,Tương tác rất cao,621349166.6666666,2166500000.0,2117649.0,182.83333333333334,29.833333333333332
KH00117645,Financially Stretched but Highly Engaged,40,Nam,Nhạc sĩ,Đắk Lắk,Ổn định,Tương tác cao,651331666.6666666,2976100000.0,1494955.5833333333,304.5,30.416666666666668
KH00117650,Low Engagement & Financially Vulnerable,73,Nam,Nhà thiết kế đa phương tiện,Đồng Tháp,Ổn định,Tương tác cao,257275833.33333334,1271500000.0,1664805.8333333333,122.0,29.5
KH00117685,Financially Stretched but Highly Engaged,23,Nam,Chuyên viên trị liệu dinh dưỡng,Huế,Cần theo dõi,Tương tác rất cao,392832500.0,1166900000.0,1303754.25,244.5,30.083333333333332
KH00117690,Financially Stretched but Highly Engaged,32,Nữ,Trình dược viên,Bắc Ninh,Ổn định,Tương tác rất cao,1028455000.0,3954400000.0,2322005.9166666665,365.0,30.333333333333332
KH00117725,Essential-Spend-Focused Customers,47,Nữ,Nhà khoa học phát triển sản phẩm,Thanh Hóa,Khỏe mạnh,Tương tác cao,358865000.0,1502700000.0,1344646.75,121.58333333333333,29.416666666666668
KH00117730,Financially Healthy but Disengaged,78,Nam,Bác sĩ đa khoa,Thanh Hóa,Khỏe mạnh,Tương tác cao,457100833.3333333,1180800000.0,1751340.0833333333,122.58333333333333,29.333333333333332
KH00117765,Financially Healthy but Disengaged,69,Nữ,Kỹ sư khai thác mỏ,Lào Cai,Khỏe mạnh,Tương tác cao,686010833.3333334,2454100000.0,1546275.5,243.33333333333334,30.416666666666668
KH00117770,Financially Healthy but Disengaged,61,Nữ,Nhà báo,Lạng Sơn,Khỏe mạnh,Tương tác cao,165072500.0,701200000.0,1965557.75,61.416666666666664,24.166666666666668
KH00117805,Financially Stretched but Highly Engaged,47,Nữ,Nhà sản xuất phát thanh,Thành phố Hồ Chí Minh,Ổn định,Tương tác cao,435036666.6666667,1138200000.0,1335214.5833333333,243.58333333333334,30.416666666666668
KH00117810,Financially Healthy & Highly Engaged,27,Nữ,Kỹ sư điện,Ninh Bình,Ổn định,Tương tác rất cao,1504606666.6666667,5676900000.0,2272329.75,365.4166666666667,30.416666666666668
KH00117845,Low Engagement & Financially Vulnerable,77,Nam,Nhà thiết kế bối cảnh phim,Cà Mau,Cần theo dõi,Tương tác cao,95690833.33333333,328500000.0,1770957.5,61.666666666666664,25.416666666666668
KH00117850,Financially Stretched but Highly Engaged,34,Nam,Chuyên viên tư vấn tài chính,Phú Thọ,Ổn định,Tương tác cao,316870000.0,1109900000.0,1421323.6666666667,182.25,30.25
KH00117885,Financially Healthy & Highly Engaged,49,Nữ,Kỹ sư vật liệu,Tuyên Quang,Ổn định,Tương tác rất cao,858082500.0,2875900000.0,1388274.8333333333,365.0,30.416666666666668
KH00117925,Financially Healthy & Highly Engaged,48,Nữ,Kỹ sư khai thác mỏ,Vĩnh Long,Ổn định,Tương tác cao,584372500.0,2672700000.0,1393274.5833333333,243.16666666666666,30.333333333333332
KH00117930,Financially Healthy but Disengaged,39,Nam,Nhà khoa học nghiên cứu khoa học tự nhiên,Hải Phòng,Ổn định,Tương tác cao,522995000.0,1339900000.0,2567868.3333333335,122.66666666666667,29.166666666666668
KH00117965,Low Engagement & Financially Vulnerable,50,Nam,Giáo viên dạy nhạc,Bắc Ninh,Ổn định,Tương tác cao,142913333.33333334,400400000.0,1730642.5,61.75,26.583333333333332
KH00117970,Low Engagement & Financially Vulnerable,51,Nam,Nhà địa chấn học hiện trường,Bắc Ninh,Ổn định,Tương tác cao,228432500.0,808000000.0,1779887.6666666667,122.25,29.333333333333332
KH00118005,Low Engagement & Financially Vulnerable,60,Nữ,Chuyên viên thuế cấp cao,Quảng Ngãi,Ổn định,Tương tác cao,236079166.66666666,965500000.0,1548534.4166666667,122.0,29.416666666666668
KH00118010,Financially Healthy but Disengaged,32,Nữ,Thanh tra thuế,Huế,Ổn định,Tương tác cao,755814166.6666666,3405400000.0,1369028.0833333333,364.9166666666667,30.416666666666668
KH00118045,Low Engagement & Financially Vulnerable,46,Nữ,Thủ thư thư viện công cộng,Hải Phòng,Ổn định,Tương tác rất cao,299117500.0,906900000.0,1448677.6666666667,183.0,30.25
KH00118050,Low Engagement & Financially Vulnerable,64,Nữ,Cán bộ trại giam,Hà Nội,Khỏe mạnh,Tương tác cao,230713333.33333334,1060800000.0,1624793.0,122.25,29.416666666666668
KH00118085,Financially Stretched but Highly Engaged,25,Nữ,Giảng viên giáo dục thường xuyên,Đà Nẵng,Cần theo dõi,Tương tác rất cao,702855833.3333334,2736000000.0,1357593.0833333333,305.0833333333333,30.25
KH00118090,Financially Healthy but Disengaged,68,Nam,Chuyên viên trị liệu âm nhạc,Cà Mau,Ổn định,Tương tác rất cao,170757500.0,595800000.0,1777049.5,61.416666666666664,25.5
KH00118125,Financially Stretched but Highly Engaged,39,Nữ,Nhạc sĩ,Thành phố Hồ Chí Minh,Ổn định,Tương tác rất cao,887979166.6666666,2827600000.0,2222952.25,304.25,30.416666666666668
KH00118170,Low Engagement & Financially Vulnerable,68,Nữ,Chuyên viên nghiên cứu chương trình,Phú Thọ,Ổn định,Tương tác cao,507987500.0,1610400000.0,1528476.9166666667,243.25,30.25
KH00118205,Financially Healthy & Highly Engaged,45,Nữ,Kỹ sư cấp thoát nước,Hải Phòng,Ổn định,Tương tác rất cao,1579806666.6666667,7336500000.0,2263257.75,364.5833333333333,30.416666666666668
KH00118210,Financially Healthy but Disengaged,63,Nam,Kỹ thuật viên phòng thí nghiệm,Thành phố Hồ Chí Minh,Ổn định,Tương tác rất cao,354161666.6666667,1030600000.0,1676165.5,122.08333333333333,29.25
KH00118245,Low Engagement & Financially Vulnerable,46,Nam,Chuyên viên giám định tổn thất công chứng,Cần Thơ,Ổn định,Tương tác cao,410134166.6666667,1403600000.0,2418217.5,122.25,29.75
KH00118285,Low Engagement & Financially Vulnerable,59,Nữ,Cán bộ hành chính địa phương,An Giang,Ổn định,Tương tác cao,113827500.0,477800000.0,1592416.1666666667,61.833333333333336,25.5
KH00118290,Financially Healthy but Disengaged,77,Nữ,Kế toán viên công chứng,An Giang,Khỏe mạnh,Tương tác cao,170861666.66666666,457900000.0,1743405.3333333333,61.833333333333336,25.0
KH00118325,Financially Healthy & Highly Engaged,55,Nam,Kỹ thuật viên chẩn đoán hình ảnh,Cà Mau,Cần theo dõi,Tương tác rất cao,493132500.0,1631500000.0,1710209.9166666667,183.0,30.166666666666668
KH00118330,Financially Healthy & Highly Engaged,34,Nữ,Quản lý hệ thống thông tin,Hà Nội,Ổn định,Tương tác rất cao,448946666.6666667,1723800000.0,1459254.25,183.0,30.166666666666668
KH00118365,Low Engagement & Financially Vulnerable,78,Nam,Giáo viên trung học,Lào Cai,Ổn định,Tương tác cao,341722500.0,1153700000.0,1644050.3333333333,183.33333333333334,30.166666666666668
KH00118370,Financially Healthy but Disengaged,62,Nam,Thư ký luật sư tranh tụng,Hưng Yên,Khỏe mạnh,Tương tác cao,230178333.33333334,1077800000.0,2429750.75,61.5,25.166666666666668
KH00118405,Low Engagement & Financially Vulnerable,44,Nam,Trợ lý chính trị gia,Khánh Hòa,Ổn định,Tương tác cao,205511666.66666666,668000000.0,2706048.25,61.916666666666664,25.5
KH00118410,Low Engagement & Financially Vulnerable,48,Nam,Chuyên viên làm vườn thương mại,Tuyên Quang,Ổn định,Tương tác cao,114399166.66666667,348000000.0,1579223.8333333333,61.25,26.333333333333332
KH00118445,Financially Stretched but Highly Engaged,57,Nữ,Lập trình viên ứng dụng,Cần Thơ,Ổn định,Tương tác cao,311390833.3333333,853300000.0,1738098.5833333333,122.08333333333333,29.416666666666668
KH00118450,Financially Healthy but Disengaged,78,Nam,Người quay phim truyền hình,Đắk Lắk,Ổn định,Tương tác cao,129945833.33333333,463200000.0,1630458.5833333333,61.833333333333336,26.083333333333332
KH00118485,Low Engagement & Financially Vulnerable,56,Nữ,Sĩ quan huấn luyện quân đội,Gia Lai,Ổn định,Tương tác cao,86231666.66666667,334300000.0,1396418.3333333333,61.333333333333336,25.583333333333332
KH00118490,Financially Stretched but Highly Engaged,42,Nữ,Giáo viên giáo dục đặc biệt,Lạng Sơn,Ổn định,Tương tác rất cao,677365000.0,2644100000.0,1377994.0833333333,363.5,30.416666666666668
KH00118525,Financially Healthy & Highly Engaged,39,Nữ,Nhà tâm lý học pháp y,Phú Thọ,Khỏe mạnh,Tương tác cao,925152500.0,3382900000.0,1439052.5,364.6666666666667,30.416666666666668
KH00118530,Low Engagement & Financially Vulnerable,50,Nam,Chuyên viên kỹ xảo,Thái Nguyên,Ổn định,Tương tác rất cao,321311666.6666667,1488100000.0,1744347.25,183.25,30.166666666666668
KH00118565,Financially Healthy but Disengaged,55,Nữ,Chuyên viên ngân hàng đầu tư doanh nghiệp,Cần Thơ,Ổn định,Tương tác cao,693876666.6666666,3344000000.0,1632349.3333333333,243.08333333333334,30.333333333333332
KH00118570,Financially Stretched but Highly Engaged,48,Nữ,Nhà miễn dịch học,Lâm Đồng,Cần theo dõi,Tương tác cao,644526666.6666666,1765300000.0,1529055.8333333333,364.5,30.416666666666668
KH00118605,Financially Healthy & Highly Engaged,84,Nữ,Luật sư tranh tụng,Thành phố Hồ Chí Minh,Ổn định,Tương tác rất cao,800931666.6666666,3161700000.0,1515165.3333333333,243.08333333333334,30.416666666666668
KH00118610,Financially Healthy but Disengaged,46,Nam,Nhà thiết kế nội thất,Hải Phòng,Ổn định,Tương tác cao,209126666.66666666,568900000.0,2388304.4166666665,61.5,25.916666666666668
KH00118645,Financially Stretched but Highly Engaged,47,Nam,Giáo viên mầm non,Thanh Hóa,Ổn định,Tương tác cao,835093333.3333334,2034800000.0,2353660.4166666665,243.58333333333334,30.333333333333332
KH00118650,Financially Healthy & Highly Engaged,29,Nữ,Tổng giám đốc điều hành,Thanh Hóa,Khỏe mạnh,Tương tác cao,1371522500.0,4696700000.0,1523922.8333333333,304.1666666666667,30.416666666666668
KH00118685,Financially Healthy but Disengaged,38,Nam,Kỹ sư cơ khí,Thành phố Hồ Chí Minh,Khỏe mạnh,Tương tác cao,507756666.6666667,2368900000.0,2258174.0833333335,122.25,29.583333333333332
KH00118690,Financially Healthy but Disengaged,34,Nam,Quản trị viên giáo dục,Thành phố Hồ Chí Minh,Ổn định,Tương tác cao,421545000.0,1273400000.0,2380390.5,122.41666666666667,29.0
KH00118725,Essential-Spend-Focused Customers,53,Nam,Kỹ sư điện tử,Bắc Ninh,Ổn định,Tương tác cao,144300000.0,401300000.0,1542820.6666666667,61.083333333333336,25.166666666666668
KH00118730,Financially Healthy but Disengaged,81,Nam,Quản lý bất động sản,Cà Mau,Ổn định,Tương tác cao,141385000.0,555000000.0,1596278.3333333333,61.083333333333336,24.833333333333332
KH00118770,Emerging Digital Customers,33,Nữ,Chuyên viên trưng bày bán lẻ,Vĩnh Long,Cần theo dõi,Tương tác cao,193035833.33333334,643600000.0,2219854.5,61.0,25.916666666666668
KH00118805,Low Engagement & Financially Vulnerable,35,Nam,Chuyên viên nhân sự,Tuyên Quang,Khỏe mạnh,Tương tác cao,208963333.33333334,631200000.0,2515149.0833333335,61.333333333333336,24.916666666666668
KH00118810,Financially Stretched but Highly Engaged,36,Nữ,Cán bộ phát triển thể thao,Hải Phòng,Ổn định,Tương tác rất cao,600958333.3333334,2767100000.0,2290813.75,244.08333333333334,30.416666666666668
KH00118845,Financially Healthy & Highly Engaged,35,Nữ,Bác sĩ phẫu thuật,Cần Thơ,Ổn định,Tương tác rất cao,692340000.0,3067500000.0,2221851.0,122.33333333333333,29.166666666666668
KH00118850,Low Engagement & Financially Vulnerable,74,Nam,Thông dịch viên,Quảng Ninh,Ổn định,Tương tác cao,324085000.0,1388300000.0,1521411.5833333333,182.16666666666666,30.0
KH00118885,Financially Healthy but Disengaged,30,Nam,Chuyên viên trắc địa,Nghệ An,Ổn định,Tương tác cao,135206666.66666666,662700000.0,1476298.5,61.333333333333336,24.916666666666668
KH00118890,Financially Stretched but Highly Engaged,62,Nam,Thủ thư học thuật,Hà Tĩnh,Ổn định,Tương tác cao,482993333.3333333,1861600000.0,1561235.6666666667,243.58333333333334,30.333333333333332
KH00118930,Low Engagement & Financially Vulnerable,67,Nam,Nhà hóa sinh lâm sàng,Thành phố Hồ Chí Minh,Ổn định,Tương tác cao,118979166.66666667,543800000.0,1594031.5,61.166666666666664,25.416666666666668
KH00118965,Financially Healthy but Disengaged,68,Nữ,Kỹ sư hàng không,Cần Thơ,Ổn định,Tương tác cao,377623333.3333333,1250800000.0,1764172.5,122.5,29.25
KH00118970,Financially Healthy but Disengaged,56,Nam,Kỹ sư cơ khí,Cần Thơ,Ổn định,Tương tác cao,156965000.0,622000000.0,1726200.25,61.416666666666664,25.416666666666668
KH00119005,Financially Healthy but Disengaged,83,Nam,Kỹ sư công trường,Ninh Bình,Khỏe mạnh,Tương tác cao,218128333.33333334,1003400000.0,1790241.3333333333,61.666666666666664,24.75
KH00119010,Low Engagement & Financially Vulnerable,70,Nữ,Kỹ thuật viên y tế,Gia Lai,Có dấu hiệu căng thẳng tài chính,Tương tác rất cao,138763333.33333334,368600000.0,1823664.0833333333,61.75,25.666666666666668
KH00119045,Financially Healthy but Disengaged,55,Nữ,Bác sĩ phẫu thuật thần kinh,Phú Thọ,Khỏe mạnh,Tương tác cao,349780000.0,1073600000.0,1597350.6666666667,122.08333333333333,29.5
KH00119050,Financially Stretched but Highly Engaged,22,Nữ,Chuyên viên thẩm định bồi thường,Phú Thọ,Ổn định,Tương tác cao,712389166.6666666,3341400000.0,1326428.9166666667,365.25,30.416666666666668
KH00119085,Low Engagement & Financially Vulnerable,53,Nữ,Nhà hóa học phân tích,Thái Nguyên,Ổn định,Tương tác cao,118006666.66666667,503500000.0,2003618.0833333333,61.25,25.75
KH00119090,Financially Healthy & Highly Engaged,23,Nữ,Quản lý năng lượng,Đồng Tháp,Ổn định,Tương tác cao,1142936666.6666667,4121600000.0,1904108.0,366.0,30.416666666666668
KH00119125,Financially Healthy & Highly Engaged,43,Nữ,Kỹ sư điều khiển và tự động hóa,Vĩnh Long,Ổn định,Tương tác rất cao,1267239166.6666667,4607400000.0,2213238.75,365.5,30.416666666666668
KH00119130,Financially Healthy but Disengaged,54,Nam,Nhà khoa học thổ nhưỡng,Đồng Nai,Khỏe mạnh,Tương tác cao,158846666.66666666,494200000.0,1658112.6666666667,61.416666666666664,24.75
KH00119165,Financially Healthy & Highly Engaged,53,Nam,Quản lý bán lẻ,Quảng Ngãi,Ổn định,Tương tác cao,306268333.3333333,1463700000.0,1610072.5833333333,121.75,28.916666666666668
KH00119170,Financially Stretched but Highly Engaged,38,Nam,Nhân viên nghệ thuật cộng đồng,Đà Nẵng,Ổn định,Tương tác rất cao,289247500.0,1085200000.0,1492664.3333333333,182.66666666666666,30.166666666666668
KH00119205,Financially Stretched but Highly Engaged,75,Nam,Chuyên viên tư vấn quản lý,Gia Lai,Ổn định,Tương tác cao,381513333.3333333,1101600000.0,1574295.5833333333,182.91666666666666,30.083333333333332
KH00119210,Low Engagement & Financially Vulnerable,36,Nam,Chuyên viên dự toán xây dựng,Gia Lai,Ổn định,Tương tác cao,243936666.66666666,931100000.0,1608172.8333333333,122.25,29.666666666666668
KH00119245,Financially Stretched but Highly Engaged,51,Nữ,Chuyên viên kinh doanh,Nghệ An,Cần theo dõi,Tương tác rất cao,544490833.3333334,1493500000.0,1973114.0833333333,182.91666666666666,29.833333333333332
KH00119250,Low Engagement & Financially Vulnerable,62,Nam,Chuyên viên quan hệ công chúng,Lào Cai,Ổn định,Tương tác cao,90300000.0,412000000.0,1524071.0833333333,61.5,25.416666666666668
KH00119285,Financially Healthy but Disengaged,51,Nam,Nhà khoa học biển,Sơn La,Khỏe mạnh,Tương tác cao,209669166.66666666,725400000.0,1957407.5,61.583333333333336,25.583333333333332
KH00119290,Financially Stretched but Highly Engaged,52,Nữ,Người bán sách,Cà Mau,Ổn định,Tương tác cao,423063333.3333333,1797000000.0,1741126.8333333333,183.0,29.75
KH00119330,Low Engagement & Financially Vulnerable,48,Nữ,Chuyên viên làm vườn thương mại,Cà Mau,Ổn định,Tương tác cao,212489166.66666666,553900000.0,2447984.3333333335,61.083333333333336,25.083333333333332
KH00119365,Financially Stretched but Highly Engaged,26,Nam,Nhà hóa học phân tích,Lạng Sơn,Cần theo dõi,Tương tác rất cao,263119166.66666666,914100000.0,1667373.1666666667,121.91666666666667,28.666666666666668
KH00119370,Low Engagement & Financially Vulnerable,37,Nữ,Chuyên viên công nghệ màu sắc,Khánh Hòa,Ổn định,Tương tác cao,284247500.0,1381700000.0,1407873.0,182.5,30.083333333333332
KH00119405,Financially Stretched but Highly Engaged,43,Nữ,Nhân viên cấp cứu,Bắc Ninh,Ổn định,Tương tác cao,494583333.3333333,2460800000.0,2095736.1666666667,182.66666666666666,30.25
KH00119410,Emerging Digital Customers,37,Nữ,Công chức diện đào tạo nhanh,Phú Thọ,Ổn định,Tương tác cao,189993333.33333334,667100000.0,2234747.0,61.583333333333336,24.083333333333332
KH00119445,Financially Healthy but Disengaged,51,Nữ,Nhà văn khoa học,Hà Nội,Ổn định,Tương tác cao,456141666.6666667,1374400000.0,1554014.1666666667,183.08333333333334,30.333333333333332
KH00119450,Financially Stretched but Highly Engaged,61,Nam,Chuyên viên pháp lý nhà đất,Sơn La,Cần theo dõi,Tương tác rất cao,248203333.33333334,851200000.0,1746583.5833333333,121.83333333333333,29.916666666666668
KH00119485,Essential-Spend-Focused Customers,52,Nam,Bác sĩ đo mắt,Đồng Tháp,Ổn định,Tương tác cao,220913333.33333334,587100000.0,1632342.5,61.916666666666664,26.0
KH00119490,Financially Healthy & Highly Engaged,56,Nam,Giám đốc công nghệ,Hưng Yên,Ổn định,Tương tác rất cao,1253489166.6666667,5889600000.0,1625657.1666666667,243.58333333333334,30.416666666666668
KH00119525,Low Engagement & Financially Vulnerable,56,Nam,Nhà sản xuất truyền hình,Đắk Lắk,Ổn định,Tương tác cao,235855833.33333334,1060200000.0,1929715.3333333333,122.5,29.333333333333332
KH00119530,Financially Healthy & Highly Engaged,20,Nữ,Bác sĩ chuyên khoa bàn chân,Quảng Trị,Ổn định,Tương tác cao,500387500.0,2389300000.0,1492202.6666666667,183.58333333333334,29.75
KH00119565,Low Engagement & Financially Vulnerable,53,Nam,Chuyên viên chăm sóc bàn chân,Thanh Hóa,Ổn định,Tương tác cao,115741666.66666667,511300000.0,2004915.25,61.916666666666664,24.416666666666668
KH00119570,Financially Stretched but Highly Engaged,26,Nữ,Chuyên viên thuế cấp cao,Gia Lai,Ổn định,Tương tác cao,460414166.6666667,1598100000.0,1373428.0833333333,244.16666666666666,30.25
KH00119605,Financially Healthy & Highly Engaged,35,Nữ,Phi công hàng không,Bắc Ninh,Ổn định,Tương tác rất cao,1174162500.0,5061700000.0,2333329.5,243.0,30.333333333333332
KH00119610,Financially Healthy but Disengaged,83,Nữ,Kỹ sư dầu khí,An Giang,Khỏe mạnh,Tương tác cao,374336666.6666667,1274400000.0,1624613.6666666667,122.08333333333333,28.75
KH00119645,Financially Healthy but Disengaged,58,Nữ,Kỹ sư vật liệu,Tây Ninh,Ổn định,Tương tác cao,400489166.6666667,1208000000.0,1539316.5,122.5,29.0
KH00119650,Financially Healthy but Disengaged,59,Nữ,Kỹ sư xây dựng dân dụng,Thành phố Hồ Chí Minh,Khỏe mạnh,Tương tác cao,690857500.0,3002000000.0,1650072.6666666667,182.58333333333334,30.083333333333332
KH00119690,Financially Healthy & Highly Engaged,37,Nữ,Chuyên viên dựng phim,Thái Nguyên,Ổn định,Tương tác cao,533875833.3333333,2590400000.0,1430924.3333333333,243.0,30.416666666666668
KH00119725,Financially Healthy but Disengaged,28,Nam,Chuyên viên tiếp thị,Đồng Tháp,Cần theo dõi,Tương tác cao,236457500.0,799200000.0,2491804.9166666665,61.333333333333336,25.916666666666668
KH00119730,Low Engagement & Financially Vulnerable,60,Nữ,Thanh tra công trình di tích,Ninh Bình,Cần theo dõi,Tương tác rất cao,257131666.66666666,760700000.0,1834876.3333333333,122.5,29.5
KH00119765,Low Engagement & Financially Vulnerable,52,Nữ,Chuyên viên tư vấn hướng nghiệp bậc đại học,Hà Nội,Có dấu hiệu căng thẳng tài chính,Tương tác cao,265664166.66666666,905400000.0,1635353.25,122.25,28.75
KH00119770,Financially Healthy but Disengaged,34,Nam,Giám đốc tài chính,Ninh Bình,Khỏe mạnh,Tương tác cao,422468333.3333333,1160100000.0,2681534.4166666665,62.0,25.416666666666668
KH00119805,Financially Stretched but Highly Engaged,70,Nữ,Biên tập viên đặt bài,Đồng Nai,Ổn định,Tương tác cao,447466666.6666667,1329800000.0,1839209.75,182.91666666666666,30.416666666666668
KH00119810,Financially Healthy but Disengaged,93,Nữ,Nhà giao dịch tài chính,Đắk Lắk,Ổn định,Tương tác cao,190029166.66666666,825300000.0,1621066.3333333333,61.25,25.416666666666668
KH00119845,Financially Healthy & Highly Engaged,49,Nữ,Tổng giám đốc điều hành,Thành phố Hồ Chí Minh,Khỏe mạnh,Tương tác cao,676452500.0,3251800000.0,1412287.0,182.66666666666666,30.166666666666668
KH00119850,Emerging Digital Customers,31,Nam,Chuyên viên dinh dưỡng vật nuôi,Đồng Nai,Cần theo dõi,Tương tác cao,128547500.0,579000000.0,1725773.0833333333,61.75,25.583333333333332
KH00119885,Financially Healthy but Disengaged,32,Nam,Giảng viên giáo dục thường xuyên,Bắc Ninh,Khỏe mạnh,Tương tác cao,265774166.66666666,1340500000.0,1420432.5833333333,122.0,29.25
KH00119890,Emerging Digital Customers,48,Nữ,Nghiên cứu viên lâm sàng,Đồng Tháp,Ổn định,Tương tác cao,178702500.0,506100000.0,2263314.25,60.916666666666664,26.166666666666668
KH00119925,Emerging Digital Customers,27,Nữ,Nhà văn,Nghệ An,Ổn định,Tương tác rất cao,199288333.33333334,664500000.0,2231577.4166666665,61.75,24.916666666666668
KH00119965,Financially Healthy & Highly Engaged,46,Nam,Kỹ sư ô tô,Hà Nội,Ổn định,Tương tác cao,717057500.0,2215000000.0,1463658.1666666667,243.75,30.416666666666668
KH00119970,Financially Stretched but Highly Engaged,33,Nữ,Cán bộ du lịch,An Giang,Ổn định,Tương tác cao,556341666.6666666,1677300000.0,1486612.0,304.0833333333333,30.416666666666668
KH00100090,Emerging Digital Customers,18,Nam,Kỹ sư hóa học,Tuyên Quang,Ổn định,Tương tác trung bình,190380000.0,620600000.0,16460314.5,6.0,1.0
KH00100165,Emerging Digital Customers,63,Nữ,Nhân viên cứu trợ quốc tế,Đồng Nai,Có dấu hiệu căng thẳng tài chính,Tương tác trung bình,104350000.0,453800000.0,14652250.0,5.0,1.0
KH00100205,Emerging Digital Customers,22,Nữ,Nhà thủy văn học,Hà Tĩnh,Cần theo dõi,Tương tác trung bình,247210000.0,1119600000.0,22960889.0,9.0,2.0
KH00100365,Emerging Digital Customers,52,Nam,Thanh tra công trình di tích,Hà Nội,Cần theo dõi,Tương tác trung bình,267230000.0,941200000.0,17310000.0,12.0,2.0
KH00100650,Emerging Digital Customers,84,Nữ,Kỹ sư hàng không,Hưng Yên,Ổn định,Tương tác trung bình,143180000.0,561800000.0,11442000.0,7.0,2.0
KH00100685,Emerging Digital Customers,61,Nam,Nhà khoa học nghiên cứu toán học,Thanh Hóa,Ổn định,Tương tác trung bình,343240000.0,1655200000.0,13466250.0,12.0,2.0
KH00101610,Emerging Digital Customers,61,Nam,Quản trị viên cơ sở dữ liệu,Thành phố Hồ Chí Minh,Ổn định,Tương tác trung bình,251730000.0,672600000.0,17170200.0,10.0,2.0
KH00102005,Emerging Digital Customers,81,Nam,Quản lý lâm nghiệp,Cà Mau,Ổn định,Tương tác thấp,168520000.0,697000000.0,12610111.0,9.0,2.0
KH00102085,Emerging Digital Customers,71,Nữ,Chuyên viên thu mua công nghiệp,An Giang,Ổn định,Tương tác trung bình,261290000.0,1185600000.0,17019500.0,10.0,2.0
KH00102490,Emerging Digital Customers,74,Nữ,Chuyên viên thuế cấp cao,Hà Nội,Ổn định,Tương tác trung bình,223260000.0,719000000.0,16608875.0,8.0,2.0
KH00103685,Emerging Digital Customers,82,Nam,Chuyên viên nhân sự,Hưng Yên,Cần theo dõi,Tương tác trung bình,228440000.0,965700000.0,14678667.0,12.0,2.0
KH00103930,Essential-Spend-Focused Customers,60,Nữ,Chuyên viên tư vấn làm vườn,Lâm Đồng,Ổn định,Tương tác thấp,63600000.0,270100000.0,5343143.0,7.0,2.0
KH00103965,Emerging Digital Customers,77,Nữ,Giảng viên giáo dục thường xuyên,Cần Thơ,Ổn định,Tương tác trung bình,285340000.0,1045800000.0,13106727.0,11.0,2.0
KH00104330,Emerging Digital Customers,80,Nam,Dược sĩ cộng đồng,Lào Cai,Ổn định,Tương tác trung bình,325840000.0,1528300000.0,15373600.0,10.0,2.0
KH00104490,Emerging Digital Customers,52,Nữ,Kỹ sư y sinh,Hải Phòng,Ổn định,Tương tác trung bình,200860000.0,1042300000.0,11774900.0,10.0,2.0
KH00104610,Emerging Digital Customers,63,Nữ,Nhà khoa học nghiên cứu y học,Lào Cai,Ổn định,Tương tác trung bình,370050000.0,1492200000.0,21055875.0,8.0,2.0
KH00104685,Emerging Digital Customers,57,Nam,Cán bộ quản lý thị trường,Lâm Đồng,Ổn định,Tương tác trung bình,240210000.0,1178400000.0,15343000.0,9.0,2.0
KH00105210,Emerging Digital Customers,24,Nam,Chuyên viên tư vấn hướng nghiệp,Thái Nguyên,Ổn định,Tương tác trung bình,351550000.0,1108400000.0,15640067.0,15.0,2.0
KH00105325,Emerging Digital Customers,79,Nam,Kế toán viên công chứng,Lạng Sơn,Ổn định,Tương tác thấp,195270000.0,635600000.0,12142727.0,11.0,2.0
KH00105450,Emerging Digital Customers,57,Nữ,Luật sư tư vấn,Hà Nội,Ổn định,Tương tác trung bình,324200000.0,1250600000.0,11380818.0,11.0,2.0
KH00105565,Emerging Digital Customers,86,Nam,Kỹ sư năng lượng,Đà Nẵng,Ổn định,Tương tác trung bình,299260000.0,1321900000.0,11970400.0,10.0,2.0
KH00105770,Emerging Digital Customers,52,Nữ,Dược sĩ bệnh viện,Quảng Ngãi,Ổn định,Tương tác trung bình,312700000.0,878600000.0,21462125.0,8.0,2.0
KH00105965,Emerging Digital Customers,76,Nữ,Kỹ sư cấp thoát nước,Đồng Nai,Ổn định,Tương tác trung bình,163410000.0,780500000.0,11472250.0,8.0,2.0
KH00106085,Emerging Digital Customers,60,Nam,Chuyên viên phân tích rủi ro,Quảng Ngãi,Ổn định,Tương tác trung bình,215600000.0,541400000.0,12440600.0,10.0,2.0
KH00106130,Emerging Digital Customers,83,Nữ,Chánh văn phòng,Thanh Hóa,Cần theo dõi,Tương tác trung bình,278910000.0,722800000.0,19464000.0,11.0,2.0
KH00106205,Emerging Digital Customers,58,Nam,Nhân viên phát triển cộng đồng,Lào Cai,Ổn định,Tương tác trung bình,130870000.0,428100000.0,12840286.0,7.0,1.0
KH00106210,Emerging Digital Customers,68,Nữ,Thư ký pháp lý,Huế,Cần theo dõi,Tương tác trung bình,150430000.0,550400000.0,10622000.0,12.0,2.0
KH00106285,Emerging Digital Customers,58,Nam,Luật sư,Ninh Bình,Ổn định,Tương tác trung bình,430100000.0,1492000000.0,14687818.0,11.0,2.0
KH00106330,Emerging Digital Customers,55,Nam,Chuyên viên dựng phim,Thanh Hóa,Ổn định,Tương tác trung bình,328010000.0,1279800000.0,17397000.0,12.0,2.0
KH00106370,Emerging Digital Customers,58,Nữ,Kỹ sư phần mềm,Hải Phòng,Ổn định,Tương tác trung bình,407390000.0,1091700000.0,18154545.0,11.0,2.0
KH00106490,Essential-Spend-Focused Customers,74,Nữ,Cán bộ thông tin,Cần Thơ,Ổn định,Tương tác thấp,45470000.0,132900000.0,4214125.0,8.0,2.0
KH00106890,Emerging Digital Customers,23,Nữ,Trợ lý sản xuất truyền hình,Đồng Nai,Ổn định,Tương tác trung bình,312130000.0,1475900000.0,17494769.0,13.0,2.0
KH00107370,Emerging Digital Customers,80,Nam,Quản lý trung tâm thể hình,Ninh Bình,Ổn định,Tương tác trung bình,225810000.0,1030300000.0,14896889.0,9.0,2.0
KH00107810,Emerging Digital Customers,23,Nam,Biên tập viên đặt bài,Thành phố Hồ Chí Minh,Ổn định,Tương tác trung bình,561360000.0,1386400000.0,20787857.0,14.0,2.0
KH00107890,Emerging Digital Customers,23,Nam,Chuyên viên viết nội dung quảng cáo,Hà Nội,Ổn định,Tương tác trung bình,257550000.0,716000000.0,17420444.0,9.0,2.0
KH00108770,Emerging Digital Customers,64,Nữ,Giáo viên tiếng anh,Thành phố Hồ Chí Minh,Ổn định,Tương tác trung bình,348700000.0,880500000.0,21497200.0,10.0,2.0
KH00109050,Emerging Digital Customers,62,Nữ,Đạo diễn sân khấu,Thành phố Hồ Chí Minh,Cần theo dõi,Tương tác trung bình,116130000.0,289900000.0,8182500.0,10.0,2.0
KH00109485,Emerging Digital Customers,77,Nam,Chuyên viên làm vườn thương mại,Lào Cai,Ổn định,Tương tác trung bình,309590000.0,1409000000.0,16431545.0,11.0,2.0
KH00109725,Emerging Digital Customers,80,Nam,Nhà thiết kế đồ gỗ,Nghệ An,Ổn định,Tương tác trung bình,180170000.0,821200000.0,13634889.0,9.0,2.0
KH00109810,Emerging Digital Customers,23,Nữ,Sĩ quan kỹ thuật quân đội,Thành phố Hồ Chí Minh,Ổn định,Tương tác trung bình,125460000.0,566700000.0,9448125.0,8.0,2.0
KH00110245,Emerging Digital Customers,24,Nam,Chuyên viên thông tin hướng nghiệp,Cần Thơ,Ổn định,Tương tác trung bình,348640000.0,1311700000.0,16265167.0,12.0,2.0
KH00110285,Emerging Digital Customers,51,Nữ,Quản lý bán lẻ,Hải Phòng,Cần theo dõi,Tương tác trung bình,83455000.0,243600000.0,12176825.0,4.5,1.0
KH00110650,Emerging Digital Customers,54,Nam,Bác sĩ thú y,Thanh Hóa,Ổn định,Tương tác trung bình,236750000.0,1142300000.0,15098875.0,8.0,2.0
KH00110730,Emerging Digital Customers,59,Nữ,Cán bộ thử nghiệm hiện trường,Quảng Ngãi,Ổn định,Tương tác trung bình,259010000.0,838200000.0,17375600.0,10.0,2.0
KH00110765,Emerging Digital Customers,22,Nam,Cảnh sát,Lạng Sơn,Ổn định,Tương tác trung bình,347800000.0,1764600000.0,17341600.0,15.0,2.0
KH00110925,Emerging Digital Customers,93,Nam,Giáo viên tiếng anh,Hà Tĩnh,Cần theo dõi,Tương tác trung bình,149740000.0,559200000.0,11622727.0,11.0,2.0
KH00111085,Emerging Digital Customers,24,Nữ,Cán bộ quản lý thị trường,Vĩnh Long,Ổn định,Tương tác trung bình,330200000.0,1667400000.0,12984385.0,13.0,2.0
KH00111210,Emerging Digital Customers,56,Nữ,Quản lý kho,Hà Nội,Ổn định,Tương tác trung bình,166760000.0,756800000.0,13680857.0,7.0,2.0
KH00111365,Emerging Digital Customers,64,Nam,Nhà báo phát thanh truyền hình,Hà Nội,Ổn định,Tương tác trung bình,93175000.0,409400000.0,12923083.5,4.5,1.0
KH00111450,Emerging Digital Customers,20,Nam,Kỹ sư cơ điện công trình,Đà Nẵng,Ổn định,Tương tác trung bình,239360000.0,871400000.0,11732500.0,10.0,2.0
KH00111690,Emerging Digital Customers,22,Nữ,Chuyên viên dự toán xây dựng,Đồng Tháp,Ổn định,Tương tác trung bình,173910000.0,502600000.0,17802000.0,6.0,1.0
KH00111885,Emerging Digital Customers,58,Nam,Chuyên viên viết nội dung quảng cáo,Lâm Đồng,Ổn định,Tương tác trung bình,156640000.0,605200000.0,9968111.0,9.0,2.0
KH00112045,Emerging Digital Customers,88,Nam,Sĩ quan huấn luyện quân đội,Thành phố Hồ Chí Minh,Ổn định,Tương tác trung bình,160920000.0,402800000.0,15191429.0,7.0,2.0
KH00112370,Emerging Digital Customers,20,Nữ,Chuyên viên ngân hàng đầu tư vận hành,Sơn La,Ổn định,Tương tác trung bình,421300000.0,2022100000.0,18369727.0,11.0,2.0
KH00112725,Emerging Digital Customers,88,Nữ,Cán bộ bảo tồn thiên nhiên,Điện Biên,Cần theo dõi,Tương tác thấp,65080000.0,161600000.0,7639250.0,8.0,2.0
KH00112730,Emerging Digital Customers,56,Nam,Sĩ quan huấn luyện quân đội,Thành phố Hồ Chí Minh,Ổn định,Tương tác trung bình,280010000.0,829200000.0,15658200.0,10.0,2.0
KH00112965,Emerging Digital Customers,59,Nữ,Chuyên viên pháp chế,Quảng Ngãi,Ổn định,Tương tác trung bình,175000000.0,752500000.0,14736750.0,8.0,2.0
KH00113050,Emerging Digital Customers,95,Nữ,Kiểm soát viên tài chính,Thành phố Hồ Chí Minh,Ổn định,Tương tác trung bình,264900000.0,1168600000.0,13101182.0,11.0,2.0
KH00113530,Emerging Digital Customers,66,Nữ,Kiểm soát viên không lưu,Đồng Tháp,Cần theo dõi,Tương tác trung bình,185870000.0,762800000.0,16774667.0,9.0,2.0
KH00113685,Emerging Digital Customers,24,Nữ,Nhà thiết kế bối cảnh,Hà Tĩnh,Cần theo dõi,Tương tác cao,254840000.0,976800000.0,11094632.0,19.0,2.0
KH00113690,Emerging Digital Customers,50,Nam,Luật sư,Thành phố Hồ Chí Minh,Ổn định,Tương tác trung bình,305300000.0,1004700000.0,12233778.0,9.0,2.0
KH00113925,Emerging Digital Customers,63,Nữ,Vũ công,Gia Lai,Cần theo dõi,Tương tác trung bình,286820000.0,1021100000.0,17733083.0,12.0,2.0
KH00114210,Emerging Digital Customers,56,Nam,Bác sĩ bệnh viện,An Giang,Ổn định,Tương tác trung bình,561150000.0,2168300000.0,16940333.0,12.0,2.0
KH00114285,Emerging Digital Customers,52,Nam,Người dẫn chương trình phát sóng,Vĩnh Long,Cần theo dõi,Tương tác trung bình,251060000.0,745100000.0,18309300.0,10.0,2.0
KH00114605,Emerging Digital Customers,76,Nữ,Kỹ sư xây dựng dân dụng,Quảng Ngãi,Ổn định,Tương tác trung bình,279970000.0,861200000.0,17502000.0,7.0,2.0
KH00114725,Emerging Digital Customers,50,Nam,Chuyên viên di truyền tế bào lâm sàng,Thành phố Hồ Chí Minh,Cần theo dõi,Tương tác trung bình,59765000.0,276200000.0,8095500.0,3.5,1.0
KH00114810,Emerging Digital Customers,86,Nam,Trợ lý sản xuất truyền hình,Hà Nội,Cần theo dõi,Tương tác trung bình,239720000.0,689600000.0,17829700.0,10.0,2.0
KH00115370,Emerging Digital Customers,57,Nam,Họa sĩ,Điện Biên,Cần theo dõi,Tương tác trung bình,192490000.0,563700000.0,14644900.0,10.0,2.0
KH00115605,Emerging Digital Customers,84,Nữ,Lập trình viên hệ thống,Cần Thơ,Ổn định,Tương tác trung bình,338270000.0,1015300000.0,17410667.0,9.0,2.0
KH00115645,Emerging Digital Customers,50,Nam,Chuyên viên nhân sự,Đồng Tháp,Ổn định,Tương tác trung bình,317750000.0,862700000.0,20849300.0,10.0,2.0
KH00115765,Emerging Digital Customers,80,Nam,Kiến trúc sư cảnh quan,Hưng Yên,Ổn định,Tương tác trung bình,306650000.0,1277700000.0,13382000.0,9.0,2.0
KH00116125,Emerging Digital Customers,57,Nữ,Chuyên viên xúc tiến bán hàng,Lào Cai,Ổn định,Tương tác trung bình,131640000.0,494800000.0,14316714.0,7.0,2.0
KH00116370,Emerging Digital Customers,79,Nam,Giám đốc tiếp thị,Đắk Lắk,Ổn định,Tương tác trung bình,312790000.0,1455600000.0,15457875.0,8.0,2.0
KH00116445,Emerging Digital Customers,21,Nữ,Phi công hàng không,Lâm Đồng,Ổn định,Tương tác trung bình,356520000.0,1796400000.0,10779667.0,15.0,2.0
KH00116485,Low Engagement & Financially Vulnerable,71,Nữ,Vũ công,Thành phố Hồ Chí Minh,Cần theo dõi,Tương tác thấp,111300000.0,492100000.0,13363571.0,7.0,2.0
KH00116605,Financially Healthy but Disengaged,63,Nam,Nhà tâm lý học pháp y,Phú Thọ,Ổn định,Tương tác thấp,245620000.0,935700000.0,11824100.0,10.0,2.0
KH00116645,Emerging Digital Customers,71,Nam,Điều dưỡng nhi khoa,Khánh Hòa,Cần theo dõi,Tương tác trung bình,199330000.0,847600000.0,17554667.0,9.0,2.0
KH00116725,Emerging Digital Customers,19,Nam,Chuyên viên cắt tỉa cây,Khánh Hòa,Ổn định,Tương tác trung bình,264520000.0,918200000.0,17670300.0,10.0,2.0
KH00116805,Emerging Digital Customers,82,Nam,Nhà thiết kế sản phẩm công nghiệp,Quảng Ngãi,Cần theo dõi,Tương tác trung bình,143380000.0,446600000.0,9488909.0,11.0,2.0
KH00117285,Emerging Digital Customers,59,Nữ,Kỹ sư công trường,Lâm Đồng,Ổn định,Tương tác trung bình,405250000.0,1281900000.0,18312000.0,12.0,2.0
KH00117410,Emerging Digital Customers,52,Nam,Chuyên viên quản lý khách hàng quảng cáo,Thành phố Hồ Chí Minh,Ổn định,Tương tác trung bình,398930000.0,1849400000.0,20572833.0,12.0,2.0
KH00117445,Low Engagement & Financially Vulnerable,90,Nữ,Chuyên viên cắt tỉa cây,Hà Nội,Ổn định,Tương tác thấp,184420000.0,525800000.0,12472444.0,9.0,2.0
KH00117890,Emerging Digital Customers,89,Nữ,Chuyên viên dự toán xây dựng,Thành phố Hồ Chí Minh,Cần theo dõi,Tương tác trung bình,190720000.0,568200000.0,14643400.0,10.0,2.0
KH00118130,Emerging Digital Customers,57,Nữ,Chuyên viên xúc tiến bán hàng,Đà Nẵng,Ổn định,Tương tác trung bình,219470000.0,946200000.0,20257000.0,7.0,2.0
KH00118165,Emerging Digital Customers,20,Nữ,Nhà thiết kế đa phương tiện,Điện Biên,Ổn định,Tương tác trung bình,170190000.0,620100000.0,12862111.0,9.0,2.0
KH00118250,Emerging Digital Customers,71,Nữ,Kiến trúc sư,Vĩnh Long,Ổn định,Tương tác trung bình,677030000.0,2941200000.0,23720545.0,11.0,2.0
KH00118765,Emerging Digital Customers,54,Nam,Kế toán viên công chứng,Sơn La,Ổn định,Tương tác trung bình,273570000.0,924700000.0,19980444.0,9.0,2.0
KH00118925,Emerging Digital Customers,54,Nam,Chuyên viên vi lượng đồng căn,Phú Thọ,Ổn định,Tương tác trung bình,272010000.0,802300000.0,16061182.0,11.0,2.0
KH00119325,Emerging Digital Customers,21,Nữ,Nhà môi giới tàu biển,Đà Nẵng,Ổn định,Tương tác trung bình,216170000.0,594000000.0,21862714.0,7.0,2.0
KH00119685,Emerging Digital Customers,63,Nữ,Chuyên viên kinh doanh,Huế,Ổn định,Tương tác trung bình,315680000.0,1054500000.0,18744455.0,11.0,2.0
KH00119930,Emerging Digital Customers,72,Nam,Kiểm soát viên không lưu,Thành phố Hồ Chí Minh,Ổn định,Tương tác trung bình,232430000.0,622600000.0,19368625.0,8.0,2.0
